Timestep,C7,CLAV,IMUL_B,IMUL_M,IMUL_T,IMUR_B,IMUR_M,IMUR_T,L5FT,L5HD,LANK,LASI,LBHD,LEAR,LELB,LFHD,LFIN,LFRM,LGTR,LHEE,LILC,LKNE,LPSI,LSHO,LTHIA,LTHII,LTHIP,LTIB,LTIBA,LTIBI,LTIBP,LTOE,LUPA,LWRA,LWRB,R5FT,R5HD,RANK,RASI,RBAK,REAR,RELB,RFHD,RFIN,RFRM,RGTR,RHEE,RILC,RKNE,RPSI,RSHO,RTHI,RTHIA,RTHII,RTHIP,RTIB,RTIBA,RTIBI,RTIBP,RTOE,RUPA,RWRA,RWRB,STRN,T10,WBL,WBR,WFL,WFR,x71,x72,x73,x74,x79
All Timesteps RMSE,0.0554506,0.0489631,0,0,0,0,0,0,0.0281441,0,0.0223544,0.066309,0,0,0.023006,0,0,0.0318463,0.0753883,0.0184268,0.00876858,0.0138123,0.0267796,0.0376026,0.0378078,0.0484162,0.0325122,0.0161764,0.0136577,0.0212235,0.023914,0.017716,0.00485769,0.00936428,0.0194715,0.0393816,0,0.0118443,0.0646782,0.0539496,0,0.0170653,0,0,0.0392047,0.0592621,0.0250438,0.0267184,0.015485,0.0415432,0.043029,0.0363027,0.124835,0.0426602,0.0329027,0.0732872,0.0507417,0.0557422,0.0878199,0.017435,0.0262472,0.012589,0.0187215,0.0304936,0.0320708,0,0,0,0,0,0,0,0,0
0,0.0515517,0.0518806,0,0,0,0,0,0,0.0293591,0,0.0221046,0.0670224,0,0,0.024234,0,0,0.0350687,0.075015,0.0184148,0.00870877,0.0131231,0.0254405,0.0377736,0.038631,0.0481598,0.0318737,0.0166578,0.0141975,0.0223828,0.0250578,0.0163095,0.00720884,0.0120284,0.02239,0.0407558,0,0.0105534,0.0640618,0.0448461,0,0.0138939,0,0,0.0386355,0.0595888,0.0257977,0.0269563,0.0152572,0.0421396,0.04288,0.0357197,0.125173,0.0417704,0.0331383,0.0726718,0.0498359,0.0549677,0.0869705,0.016547,0.0282235,0.0149899,0.0192396,0.0315872,0.0244257,0,0,0,0,0,0,0,0,0
1,0.0516773,0.0517981,0,0,0,0,0,0,0.0295384,0,0.0222372,0.0669737,0,0,0.0242585,0,0,0.0350176,0.0750061,0.0191122,0.00868846,0.0131984,0.0254823,0.0373122,0.0386839,0.048136,0.0318637,0.0166772,0.0142178,0.0225174,0.0250771,0.0164958,0.00703022,0.0119137,0.0224562,0.0409477,0,0.0103925,0.0640995,0.045221,0,0.014036,0,0,0.0389032,0.0595695,0.0256759,0.0268463,0.0152962,0.0422003,0.0427353,0.0357273,0.125182,0.0417613,0.0331201,0.072678,0.0498497,0.0546948,0.0870604,0.0166929,0.0281595,0.0148524,0.0193145,0.0315718,0.0246372,0,0,0,0,0,0,0,0,0
2,0.0517818,0.0517434,0,0,0,0,0,0,0.0299331,0,0.0223049,0.0669267,0,0,0.0243113,0,0,0.0349643,0.0748973,0.019432,0.00866199,0.0132168,0.0256304,0.0368343,0.0387063,0.0481554,0.0319114,0.0166945,0.0141965,0.0225683,0.0250858,0.0166027,0.00690919,0.0118306,0.0224336,0.0410291,0,0.0104541,0.0640857,0.0455682,0,0.0141417,0,0,0.0389728,0.0595594,0.0262097,0.0268968,0.0153921,0.0421783,0.0425941,0.035759,0.125142,0.0418172,0.0330498,0.0726947,0.0498446,0.0547501,0.0873339,0.0170355,0.0281833,0.0146635,0.0193426,0.0315943,0.0248349,0,0,0,0,0,0,0,0,0
3,0.0519088,0.0516964,0,0,0,0,0,0,0.029975,0,0.022282,0.0668697,0,0,0.0243293,0,0,0.0347756,0.0748506,0.0194094,0.00863267,0.0131829,0.0257585,0.0363276,0.0387192,0.0481899,0.0319747,0.0167107,0.014184,0.0225626,0.0250958,0.0165497,0.00678933,0.0117106,0.0223144,0.0411441,0,0.0105653,0.0640864,0.0459359,0,0.0142697,0,0,0.0388668,0.0595561,0.0269146,0.0268934,0.0154963,0.0421275,0.0424948,0.0357977,0.125043,0.0418986,0.03306,0.0727088,0.0498074,0.0548823,0.0875697,0.0174878,0.0280711,0.0144681,0.0192576,0.031633,0.0249999,0,0,0,0,0,0,0,0,0
4,0.0521065,0.0516648,0,0,0,0,0,0,0.0300677,0,0.0221932,0.0668213,0,0,0.0242504,0,0,0.0346162,0.0748759,0.0192295,0.00862243,0.0130785,0.0258257,0.0357782,0.038757,0.0482217,0.0320288,0.0167078,0.0141525,0.0225167,0.025142,0.016462,0.00658828,0.0115603,0.0222331,0.0414519,0,0.0106631,0.064151,0.0462883,0,0.0144169,0,0,0.0387453,0.059513,0.026135,0.0268932,0.0154472,0.0421133,0.0424088,0.0358477,0.125072,0.0418917,0.0333475,0.0727767,0.0499109,0.054841,0.0874425,0.0170771,0.0278433,0.0142699,0.0192422,0.0316813,0.0251071,0,0,0,0,0,0,0,0,0
5,0.0523342,0.0516183,0,0,0,0,0,0,0.0299771,0,0.0221837,0.0668057,0,0,0.0241289,0,0,0.0345677,0.074979,0.0191966,0.00861964,0.0130781,0.0259054,0.0352472,0.0387681,0.0482486,0.0320459,0.0166755,0.0141032,0.0224901,0.0251508,0.0164687,0.00632591,0.0114308,0.0222375,0.0413752,0,0.0107966,0.0641751,0.0466689,0,0.0145907,0,0,0.0386986,0.0594714,0.0256015,0.0268825,0.0154136,0.0420935,0.0423487,0.0358626,0.125114,0.0418566,0.033487,0.0728567,0.0500532,0.0547839,0.0873636,0.0167745,0.0276429,0.0141487,0.019284,0.0317262,0.0251832,0,0,0,0,0,0,0,0,0
6,0.0525215,0.0515818,0,0,0,0,0,0,0.0293406,0,0.0222181,0.0668028,0,0,0.0239811,0,0,0.0344657,0.0750246,0.0193545,0.0086313,0.0131504,0.0259693,0.0347705,0.0387212,0.0482416,0.0320591,0.0166533,0.0140718,0.022427,0.025084,0.0165255,0.00606778,0.0113044,0.022218,0.041176,0,0.010756,0.0641736,0.0470742,0,0.0148081,0,0,0.0386164,0.0594681,0.0254351,0.0268675,0.0153735,0.0420372,0.0422935,0.0358625,0.125108,0.0418573,0.0334648,0.0729059,0.0501213,0.0547884,0.0874067,0.0168044,0.0275147,0.0141228,0.0192527,0.031778,0.0254006,0,0,0,0,0,0,0,0,0
7,0.0526877,0.0515365,0,0,0,0,0,0,0.0292024,0,0.0222421,0.0667524,0,0,0.0238036,0,0,0.034232,0.0750308,0.0192789,0.00862531,0.0131832,0.0260393,0.0343309,0.0387063,0.0482405,0.0320754,0.016594,0.0140637,0.0223472,0.0249716,0.0165387,0.00585279,0.0111016,0.022118,0.041103,0,0.0106121,0.0641379,0.0475269,0,0.0149231,0,0,0.0385618,0.0594945,0.0253269,0.0268208,0.0153573,0.0420091,0.0422082,0.0358453,0.125064,0.0418627,0.0334326,0.0729516,0.0501598,0.0548363,0.0875162,0.0169375,0.0274591,0.0139493,0.0192372,0.0318088,0.0253549,0,0,0,0,0,0,0,0,0
8,0.0528316,0.0514868,0,0,0,0,0,0,0.0290556,0,0.0222381,0.0666621,0,0,0.0236428,0,0,0.0340121,0.0750428,0.019246,0.00863422,0.0131672,0.0261212,0.0338815,0.0386983,0.0482731,0.0321177,0.0164237,0.0140741,0.022317,0.0248845,0.0165232,0.0056211,0.0109528,0.0220327,0.0410305,0,0.0105504,0.0640861,0.0479599,0,0.0150574,0,0,0.0385998,0.0595154,0.025267,0.0267469,0.0154578,0.0419522,0.0421612,0.0358216,0.125064,0.0418519,0.033428,0.072972,0.0502219,0.0548922,0.0875729,0.0169556,0.0274088,0.0138477,0.0192408,0.0318252,0.025384,0,0,0,0,0,0,0,0,0
9,0.0529361,0.051441,0,0,0,0,0,0,0.0290348,0,0.0222498,0.0666345,0,0,0.0234869,0,0,0.0338767,0.0750678,0.0192871,0.00870572,0.0132115,0.026162,0.0334137,0.03868,0.0482937,0.0321716,0.0161436,0.0140603,0.0223033,0.024851,0.0165285,0.00534428,0.010838,0.0219861,0.0409749,0,0.0105061,0.0641173,0.0483699,0,0.0152108,0,0,0.038774,0.0595152,0.0252392,0.0266404,0.0156498,0.0418352,0.042124,0.0358006,0.125124,0.0418452,0.033411,0.072927,0.0502548,0.0549302,0.0876106,0.016954,0.0273156,0.0137773,0.0193016,0.0318613,0.0256131,0,0,0,0,0,0,0,0,0
10,0.0530415,0.0513936,0,0,0,0,0,0,0.0290644,0,0.0223007,0.0666329,0,0,0.0233733,0,0,0.0338089,0.0750718,0.019301,0.00883535,0.013337,0.0261508,0.0329503,0.038589,0.0482869,0.0322062,0.0159797,0.0140745,0.0222194,0.0247996,0.0165732,0.00507528,0.0107194,0.0219376,0.0409455,0,0.0106407,0.0642189,0.0487728,0,0.015315,0,0,0.0388767,0.0595097,0.0252667,0.0265949,0.0156698,0.0417587,0.0420379,0.035791,0.125136,0.0418417,0.0332719,0.0729406,0.0503018,0.0549242,0.087646,0.0169473,0.0271647,0.0137146,0.0193677,0.0318927,0.0260552,0,0,0,0,0,0,0,0,0
11,0.053147,0.0513394,0,0,0,0,0,0,0.0290145,0,0.0223512,0.0665645,0,0,0.0232174,0,0,0.033752,0.0750311,0.0191544,0.00895859,0.0135093,0.0260855,0.0325121,0.038478,0.0482678,0.0322224,0.0160118,0.0141414,0.0220484,0.024682,0.016651,0.00480843,0.010649,0.0218353,0.0408519,0,0.0107392,0.0643426,0.0491848,0,0.0153299,0,0,0.0388595,0.0595248,0.0252487,0.0266279,0.015764,0.0416947,0.0419981,0.0357778,0.125089,0.0418451,0.0332329,0.0729909,0.0503594,0.0549629,0.0876837,0.0169492,0.0270265,0.0136331,0.0193909,0.0318938,0.0266302,0,0,0,0,0,0,0,0,0
12,0.0532099,0.0512471,0,0,0,0,0,0,0.028998,0,0.0223877,0.0665412,0,0,0.0229517,0,0,0.0336991,0.0750675,0.0190839,0.00908113,0.0136361,0.0260637,0.0321339,0.0384055,0.0483044,0.0322574,0.0160581,0.0141624,0.0220297,0.0246043,0.0166215,0.00457215,0.0105994,0.021724,0.0408379,0,0.0108616,0.0644811,0.0495162,0,0.0152687,0,0,0.0387053,0.0595487,0.025124,0.0266035,0.0156218,0.0415645,0.041982,0.0357852,0.125055,0.0418637,0.0331721,0.0730547,0.0504452,0.055152,0.0877532,0.0169459,0.0269571,0.0135762,0.0193475,0.0318699,0.0269161,0,0,0,0,0,0,0,0,0
13,0.0533069,0.0511388,0,0,0,0,0,0,0.0290122,0,0.0223966,0.0666048,0,0,0.0227538,0,0,0.0335964,0.075192,0.0190908,0.00918427,0.0137177,0.0260535,0.0317487,0.0383232,0.0483352,0.0323416,0.0160754,0.0141538,0.0220314,0.024507,0.016552,0.00430741,0.0105083,0.0216459,0.0409478,0,0.0110294,0.0645824,0.0498767,0,0.0152073,0,0,0.0387749,0.059556,0.0249792,0.0265447,0.0155605,0.0414342,0.0419395,0.0358435,0.125017,0.0419497,0.0333211,0.0730894,0.0504763,0.0554724,0.0878274,0.0168771,0.0269317,0.0134714,0.0193558,0.0318679,0.0270758,0,0,0,0,0,0,0,0,0
14,0.0533743,0.0510611,0,0,0,0,0,0,0.029099,0,0.0224033,0.0666832,0,0,0.0225752,0,0,0.0335217,0.0752841,0.0191259,0.00916907,0.0137577,0.0259952,0.0313636,0.0382134,0.0483197,0.0324002,0.0160687,0.014133,0.0219649,0.0244128,0.0165609,0.00403122,0.0103751,0.0216087,0.0409629,0,0.0111297,0.06465,0.0501627,0,0.0152098,0,0,0.0389541,0.0595707,0.0248232,0.026476,0.0155712,0.0413202,0.0418718,0.0359663,0.125005,0.0420172,0.0333685,0.0731191,0.0504693,0.0555717,0.0878997,0.0166962,0.0269255,0.0134124,0.0193641,0.0318766,0.0274801,0,0,0,0,0,0,0,0,0
15,0.0534708,0.0509845,0,0,0,0,0,0,0.0290851,0,0.0224491,0.0666618,0,0,0.0224116,0,0,0.0334394,0.0753142,0.01917,0.00904344,0.0137286,0.0259304,0.0310794,0.0381438,0.0483119,0.0323842,0.0160449,0.0141178,0.0218706,0.0243756,0.0165601,0.00381034,0.0103058,0.0215381,0.0404198,0,0.0110856,0.0647046,0.0503833,0,0.0152069,0,0,0.039161,0.0595924,0.0247717,0.0263914,0.0154474,0.0411817,0.0418487,0.0361364,0.125045,0.0420062,0.0332422,0.0731165,0.050497,0.0555287,0.0878179,0.0167033,0.0269383,0.0134029,0.0193736,0.0318708,0.027766,0,0,0,0,0,0,0,0,0
16,0.05355,0.0509323,0,0,0,0,0,0,0.0290803,0,0.0224555,0.0665584,0,0,0.0222771,0,0,0.0333075,0.0752985,0.0190403,0.00901394,0.0136668,0.0258749,0.0308414,0.0380971,0.048306,0.0324457,0.0160365,0.0141023,0.0217257,0.0243424,0.0165145,0.00365817,0.0102217,0.0214352,0.0403562,0,0.0110458,0.0647706,0.0506478,0,0.0152276,0,0,0.0393788,0.0595849,0.0245998,0.0263087,0.0152486,0.0410549,0.0418605,0.0362107,0.125042,0.0420079,0.0331722,0.0731343,0.0506084,0.055508,0.0876178,0.0166804,0.0269115,0.0133926,0.0193694,0.0318651,0.0278809,0,0,0,0,0,0,0,0,0
17,0.0536072,0.0508851,0,0,0,0,0,0,0.0291211,0,0.0224434,0.0664642,0,0,0.0221456,0,0,0.0331949,0.0753129,0.0189253,0.00903423,0.0136937,0.0258119,0.0306196,0.0380529,0.0483144,0.0325295,0.0160124,0.0140749,0.0216559,0.0243088,0.0164339,0.00353008,0.0101594,0.0213224,0.0405966,0,0.0111019,0.0648822,0.0509986,0,0.0151957,0,0,0.0395067,0.0595554,0.0243865,0.0262725,0.0151501,0.0409671,0.0418511,0.0359448,0.12503,0.0420469,0.0332614,0.0731629,0.0506938,0.0555209,0.0876008,0.0165477,0.0267347,0.0133582,0.019351,0.0318701,0.0280629,0,0,0,0,0,0,0,0,0
18,0.0536239,0.0507956,0,0,0,0,0,0,0.0290987,0,0.0224458,0.0664868,0,0,0.0220388,0,0,0.0330999,0.0753501,0.0188697,0.00909865,0.0137013,0.025727,0.0304612,0.0379961,0.0483114,0.0325452,0.0159794,0.0140781,0.0216316,0.0242838,0.0163629,0.00342107,0.0101173,0.021193,0.0408633,0,0.0112719,0.0649947,0.051251,0,0.0151814,0,0,0.0394301,0.0595557,0.0245128,0.0262544,0.0151084,0.0408521,0.0417582,0.0357985,0.12504,0.0420852,0.033375,0.0732052,0.0507708,0.0555056,0.0877661,0.0165967,0.0265385,0.0133399,0.0192593,0.0318477,0.0283184,0,0,0,0,0,0,0,0,0
19,0.0536729,0.0506904,0,0,0,0,0,0,0.0289994,0,0.0224798,0.066613,0,0,0.0219915,0,0,0.0331376,0.0754097,0.0188166,0.00919683,0.0136417,0.0257419,0.0303794,0.0379254,0.0482965,0.0324927,0.0159684,0.0141028,0.0215772,0.0242351,0.0163143,0.00330318,0.0100418,0.0211058,0.0407542,0,0.0114635,0.0650386,0.0514934,0,0.0151264,0,0,0.0392676,0.0595755,0.024653,0.0262236,0.0151329,0.0407648,0.0416785,0.0358013,0.125001,0.0421258,0.0332688,0.073239,0.0507609,0.0554107,0.0878779,0.0167413,0.0263673,0.0131973,0.0192228,0.0318318,0.0285599,0,0,0,0,0,0,0,0,0
20,0.0537334,0.0505775,0,0,0,0,0,0,0.0289305,0,0.0225006,0.0666823,0,0,0.0219898,0,0,0.0332681,0.0754514,0.0187629,0.00927335,0.01362,0.02571,0.0303774,0.0378734,0.0483083,0.0324831,0.0159286,0.0141163,0.021542,0.0242065,0.0163138,0.00319487,0.00998077,0.021056,0.040571,0,0.0116301,0.0650598,0.0517489,0,0.0150818,0,0,0.0391373,0.0595735,0.0247437,0.0261799,0.0152262,0.0406734,0.0416374,0.0358412,0.124929,0.0421962,0.0332926,0.073273,0.0507517,0.0554068,0.0878912,0.0168772,0.0263075,0.0130917,0.0191703,0.0317877,0.0288256,0,0,0,0,0,0,0,0,0
21,0.0538274,0.0504611,0,0,0,0,0,0,0.0290268,0,0.0224984,0.0666842,0,0,0.0219447,0,0,0.0331078,0.0754368,0.0187126,0.00932357,0.013666,0.0256513,0.0304009,0.0378072,0.0483148,0.0325357,0.0159037,0.0140958,0.0214909,0.0241989,0.0164743,0.00313111,0.00990231,0.02094,0.0405092,0,0.0117655,0.0650684,0.0520123,0,0.015184,0,0,0.0393522,0.0595421,0.0248505,0.0261442,0.0153338,0.0406512,0.0416524,0.0359031,0.124865,0.0423056,0.0332776,0.0732286,0.0507961,0.0556842,0.0879232,0.0170446,0.0263156,0.0130775,0.0191456,0.031728,0.02905,0,0,0,0,0,0,0,0,0
22,0.0539814,0.0503488,0,0,0,0,0,0,0.0290453,0,0.0225162,0.0666761,0,0,0.0219083,0,0,0.0330057,0.0753857,0.0186977,0.0093391,0.013681,0.0256203,0.0304031,0.0377417,0.0482991,0.0325837,0.016067,0.0140499,0.0214117,0.0241585,0.0165897,0.00309004,0.00983631,0.0208035,0.0405125,0,0.0118799,0.0650958,0.0522208,0,0.0152584,0,0,0.0394381,0.059538,0.0247463,0.026168,0.0153717,0.0406499,0.0416259,0.0359539,0.124831,0.0423953,0.0332612,0.0732004,0.0508437,0.055843,0.0880252,0.0170743,0.0263734,0.0130832,0.0190515,0.031649,0.0291005,0,0,0,0,0,0,0,0,0
23,0.0541207,0.0502133,0,0,0,0,0,0,0.0290246,0,0.0225294,0.0666994,0,0,0.021909,0,0,0.0329601,0.0754523,0.0186596,0.0094046,0.0138086,0.0256272,0.0304187,0.0376713,0.048299,0.0326105,0.0162153,0.0140021,0.0213427,0.0241362,0.0166101,0.00304406,0.00971215,0.0206882,0.0404292,0,0.0120314,0.0651111,0.0524037,0,0.0152523,0,0,0.0393248,0.0595406,0.0248645,0.0262143,0.0154142,0.0406254,0.0415376,0.0359723,0.124767,0.0424615,0.0332407,0.0732399,0.0508362,0.0558951,0.0880797,0.017176,0.0264354,0.0130701,0.0189411,0.0315661,0.0294235,0,0,0,0,0,0,0,0,0
24,0.0541893,0.0500757,0,0,0,0,0,0,0.0289509,0,0.0225448,0.0666867,0,0,0.0219373,0,0,0.0328249,0.0755035,0.0186239,0.00945057,0.013876,0.0256523,0.0304669,0.0376057,0.0483085,0.0326319,0.0163054,0.013954,0.0212851,0.0240772,0.0166905,0.00298312,0.00963618,0.0205563,0.0402605,0,0.0120861,0.0651439,0.0526367,0,0.0152982,0,0,0.0392497,0.0595198,0.0249578,0.0262926,0.0154824,0.0405676,0.041401,0.0359923,0.124718,0.042515,0.0331995,0.0733187,0.0508176,0.0559419,0.088081,0.0172304,0.0264597,0.0130492,0.0188895,0.0315116,0.0296476,0,0,0,0,0,0,0,0,0
25,0.0542693,0.0499459,0,0,0,0,0,0,0.0288584,0,0.022562,0.0666389,0,0,0.0219467,0,0,0.0328738,0.0755227,0.018623,0.0094633,0.013809,0.0257094,0.0306004,0.0375801,0.0482977,0.0326596,0.0162747,0.0138104,0.0213444,0.0240203,0.0168196,0.00288189,0.00958019,0.0205187,0.0401424,0,0.0121202,0.065181,0.0528866,0,0.0156723,0,0,0.0395666,0.0594826,0.0248662,0.0264165,0.0155309,0.0405199,0.0413204,0.0360298,0.124706,0.0425538,0.0331199,0.0734518,0.0507714,0.0559744,0.0880635,0.0172674,0.0264177,0.0131109,0.0189722,0.0314986,0.029901,0,0,0,0,0,0,0,0,0
26,0.0544363,0.0498381,0,0,0,0,0,0,0.0287362,0,0.0225544,0.0666023,0,0,0.0219741,0,0,0.0329405,0.0755711,0.018654,0.0094875,0.0138121,0.0257612,0.0307418,0.0375163,0.0482588,0.0326702,0.0162593,0.0135751,0.0214325,0.0239729,0.0169571,0.00277802,0.00953132,0.0204989,0.0401125,0,0.0121219,0.0651828,0.0531284,0,0.0159127,0,0,0.0397731,0.059451,0.0246147,0.0264558,0.0155082,0.040522,0.0413447,0.036052,0.124728,0.0425376,0.0329276,0.0735111,0.0507791,0.0559844,0.0880445,0.0172066,0.026306,0.0130699,0.0190747,0.0314698,0.0302385,0,0,0,0,0,0,0,0,0
27,0.0545762,0.049748,0,0,0,0,0,0,0.0286474,0,0.0225289,0.0665718,0,0,0.0219441,0,0,0.0327146,0.075594,0.0185953,0.00946618,0.0139208,0.0258338,0.0309186,0.0374839,0.048268,0.0326926,0.0162353,0.0134782,0.0214191,0.023909,0.0170469,0.00273125,0.00945516,0.0203796,0.0400905,0,0.0121613,0.065173,0.0533292,0,0.0159625,0,0,0.0397639,0.0594361,0.0245124,0.0264673,0.0154792,0.0405138,0.0414211,0.0360736,0.124731,0.0425305,0.032768,0.0734701,0.0508133,0.0559856,0.0880687,0.0171912,0.0262074,0.0129309,0.0191305,0.0314193,0.0304458,0,0,0,0,0,0,0,0,0
28,0.054667,0.0496549,0,0,0,0,0,0,0.028567,0,0.0225439,0.066533,0,0,0.021936,0,0,0.0324019,0.0755907,0.0185456,0.00941175,0.0139819,0.0259265,0.0312445,0.0374848,0.0483031,0.0327211,0.0162341,0.0134746,0.0213437,0.0238671,0.0171405,0.00278906,0.00935274,0.0202405,0.0400338,0,0.0121962,0.0651518,0.0534881,0,0.0160652,0,0,0.0396824,0.0594315,0.0245351,0.0265055,0.0154831,0.0405665,0.0414338,0.0360802,0.124709,0.0425538,0.032705,0.073399,0.0508778,0.0559843,0.0880683,0.0172022,0.0261914,0.0128363,0.0190853,0.0313643,0.030534,0,0,0,0,0,0,0,0,0
29,0.0548064,0.049544,0,0,0,0,0,0,0.0285479,0,0.0225502,0.0665074,0,0,0.0220132,0,0,0.0323233,0.075593,0.0185445,0.00938424,0.0140006,0.0259836,0.0316468,0.0374847,0.0483064,0.0327559,0.0162938,0.013479,0.0212741,0.0238569,0.0172677,0.00286042,0.00923667,0.0201581,0.0399742,0,0.0122114,0.0651329,0.0536579,0,0.0162013,0,0,0.0395864,0.0594292,0.0245923,0.0265504,0.0154967,0.0406328,0.0414222,0.0361028,0.124687,0.0425871,0.0327496,0.0733633,0.050948,0.0559559,0.0880762,0.0172261,0.0262432,0.0128299,0.0189122,0.0312936,0.0307536,0,0,0,0,0,0,0,0,0
30,0.0549527,0.0494011,0,0,0,0,0,0,0.0285935,0,0.0225132,0.0664833,0,0,0.0222464,0,0,0.0324032,0.0756074,0.0185951,0.00935902,0.0140371,0.0260127,0.0319218,0.0374967,0.0482828,0.032779,0.0164067,0.0134469,0.0212297,0.0238301,0.0174186,0.00283292,0.00922869,0.0200519,0.0399492,0,0.0121996,0.0651147,0.0537424,0,0.016082,0,0,0.0394171,0.0594021,0.0246747,0.0265656,0.0154839,0.0406763,0.04149,0.0361146,0.124667,0.0426064,0.0328791,0.0733602,0.0510052,0.0559584,0.0880776,0.0172184,0.0263827,0.0127131,0.0186687,0.0311982,0.0310647,0,0,0,0,0,0,0,0,0
31,0.0551401,0.0492229,0,0,0,0,0,0,0.0285492,0,0.0225126,0.066466,0,0,0.0222662,0,0,0.0322423,0.075622,0.0186114,0.00932265,0.0140523,0.0260185,0.0322207,0.0374871,0.0482596,0.03278,0.0164402,0.0134259,0.0211997,0.0237661,0.017471,0.00287962,0.00906267,0.0199413,0.0400817,0,0.012217,0.0650969,0.0538876,0,0.0161435,0,0,0.0393824,0.0593673,0.0246809,0.0265432,0.0154791,0.0406981,0.0415677,0.0361393,0.124633,0.0426137,0.0329263,0.0733458,0.0509615,0.0559691,0.088064,0.0172682,0.0264835,0.0126689,0.0185418,0.0310782,0.0313848,0,0,0,0,0,0,0,0,0
32,0.055239,0.0490615,0,0,0,0,0,0,0.0284647,0,0.0225153,0.066462,0,0,0.0222573,0,0,0.0318822,0.0756356,0.0185987,0.00931791,0.0140471,0.0260202,0.032566,0.0374635,0.0482611,0.0327662,0.016434,0.0134032,0.0211775,0.0237637,0.0174414,0.00295032,0.00890725,0.01977,0.0401744,0,0.0122653,0.0650731,0.054076,0,0.0162714,0,0,0.0393929,0.0593555,0.0246451,0.0265184,0.0154952,0.0406873,0.0415841,0.0361677,0.124602,0.0426434,0.0329072,0.0733269,0.0509336,0.0559906,0.0880353,0.0173448,0.0265108,0.0125767,0.018565,0.0309498,0.0316908,0,0,0,0,0,0,0,0,0
33,0.0553003,0.0489306,0,0,0,0,0,0,0.0284278,0,0.0225016,0.0664676,0,0,0.0222762,0,0,0.0316379,0.0756444,0.0185537,0.00928486,0.0139972,0.0260624,0.0329375,0.0374602,0.0482632,0.0327744,0.016417,0.0133566,0.0211578,0.0237493,0.0174564,0.00302632,0.00879104,0.0196414,0.039878,0,0.0122839,0.0650474,0.0542107,0,0.0164613,0,0,0.0393682,0.0593413,0.0246748,0.0265475,0.0155172,0.040658,0.0416236,0.0362112,0.124587,0.0426686,0.0328613,0.0733013,0.0509628,0.0560039,0.0880412,0.0173341,0.0264701,0.0124796,0.018709,0.0308744,0.0318236,0,0,0,0,0,0,0,0,0
34,0.0553913,0.0488269,0,0,0,0,0,0,0.0284645,0,0.0224924,0.0664513,0,0,0.0223226,0,0,0.0314605,0.075657,0.0185018,0.00922929,0.0139886,0.0261536,0.0333212,0.0374987,0.0482959,0.0327764,0.0164715,0.0133024,0.0211391,0.0237266,0.0174839,0.00307524,0.00876625,0.0194899,0.0396559,0,0.0123451,0.0650126,0.054296,0,0.0166787,0,0,0.0393958,0.0593318,0.02463,0.0265907,0.0155362,0.0406924,0.0417758,0.0362435,0.124582,0.0427044,0.0328358,0.073334,0.0509587,0.0559727,0.088054,0.0173917,0.026451,0.0124397,0.0187727,0.030856,0.0318441,0,0,0,0,0,0,0,0,0
35,0.0554915,0.0487567,0,0,0,0,0,0,0.0284044,0,0.0224668,0.0664049,0,0,0.0224146,0,0,0.0314304,0.0756602,0.0184954,0.00918931,0.0140625,0.0263132,0.0337429,0.0375485,0.0483383,0.0327801,0.0166156,0.0132563,0.0211167,0.0237115,0.0175072,0.00308889,0.00877928,0.0193485,0.0395895,0,0.0123705,0.0649683,0.0543817,0,0.0167335,0,0,0.0393818,0.0593274,0.0246409,0.0265695,0.0155526,0.040752,0.0419192,0.0362496,0.124588,0.0427116,0.0328364,0.0734227,0.0509576,0.055929,0.0880504,0.017432,0.0264195,0.0123982,0.0187171,0.0308522,0.0320713,0,0,0,0,0,0,0,0,0
36,0.0555642,0.0486996,0,0,0,0,0,0,0.0279739,0,0.022433,0.0663581,0,0,0.0226022,0,0,0.0314247,0.0756544,0.018511,0.00915331,0.0140549,0.0264699,0.034155,0.0375451,0.0483607,0.032775,0.0165541,0.0132141,0.0210878,0.023694,0.017626,0.00310506,0.00883296,0.019209,0.0396161,0,0.0122809,0.0649451,0.0545066,0,0.0169174,0,0,0.0394347,0.0593176,0.0247642,0.0265347,0.0155878,0.040791,0.0420384,0.0362338,0.124583,0.0427051,0.0328146,0.0734442,0.0509391,0.0559169,0.0880232,0.017442,0.0263807,0.0123888,0.0186304,0.0308571,0.0321888,0,0,0,0,0,0,0,0,0
37,0.0555868,0.0486124,0,0,0,0,0,0,0.0275819,0,0.0224066,0.0663458,0,0,0.0226327,0,0,0.0314697,0.0756434,0.0185307,0.0091221,0.0139517,0.0265065,0.0345534,0.0374387,0.0484051,0.0327523,0.0163779,0.0131789,0.0210586,0.0236628,0.0178013,0.00317578,0.00873506,0.019162,0.0394857,0,0.0121923,0.0649567,0.0546722,0,0.0170649,0,0,0.0394334,0.0592902,0.0247608,0.026558,0.0156111,0.0408395,0.042182,0.036243,0.124588,0.0427319,0.0327824,0.0734479,0.0509324,0.0559517,0.0879683,0.0175776,0.026317,0.0123871,0.0185349,0.0308278,0.0323362,0,0,0,0,0,0,0,0,0
38,0.0556276,0.0485138,0,0,0,0,0,0,0.0274538,0,0.0224117,0.0663308,0,0,0.0226562,0,0,0.0314522,0.0755926,0.0184232,0.00905797,0.0139063,0.0264834,0.0349638,0.0372976,0.0484526,0.0327361,0.0161944,0.0131031,0.0210678,0.0236295,0.0179133,0.00326625,0.008656,0.0191122,0.0391727,0,0.0121393,0.065001,0.0547966,0,0.0170868,0,0,0.0394163,0.0592847,0.0247189,0.0266107,0.0156249,0.0408725,0.0423673,0.0362754,0.124577,0.0427626,0.0327602,0.0734439,0.0509566,0.0559625,0.0877955,0.0176461,0.0262427,0.0122201,0.0186622,0.0307872,0.0325015,0,0,0,0,0,0,0,0,0
39,0.0557654,0.0484431,0,0,0,0,0,0,0.0274902,0,0.02239,0.0663156,0,0,0.0226069,0,0,0.0313416,0.0755412,0.0181787,0.00899511,0.0137885,0.0265293,0.0353705,0.0374688,0.0484616,0.0327323,0.0160916,0.0130514,0.0210622,0.0236359,0.0180022,0.00337926,0.00859367,0.0190402,0.0390395,0,0.012153,0.0649974,0.0548881,0,0.0171042,0,0,0.0393949,0.0592649,0.0247623,0.0266393,0.0156266,0.0408994,0.0425011,0.0363065,0.124603,0.0427889,0.0328018,0.0734213,0.0509344,0.0559866,0.0877099,0.0176224,0.0261624,0.0120852,0.0187335,0.0307787,0.0326921,0,0,0,0,0,0,0,0,0
40,0.0558972,0.0483942,0,0,0,0,0,0,0.027621,0,0.0223634,0.0663275,0,0,0.0225654,0,0,0.0312283,0.0754998,0.0179037,0.00895005,0.0137387,0.0266184,0.0357459,0.037611,0.0484589,0.0327265,0.0161982,0.0130394,0.0210103,0.023649,0.0180459,0.00354872,0.00856276,0.0189571,0.0390911,0,0.0122151,0.0649471,0.0550046,0,0.0173416,0,0,0.0394581,0.0592359,0.0248328,0.0266172,0.0156083,0.0409035,0.0424777,0.0363176,0.124673,0.0428156,0.0328725,0.0734089,0.0508958,0.055987,0.0876631,0.0175355,0.0260836,0.0121045,0.0186783,0.0307932,0.0329111,0,0,0,0,0,0,0,0,0
41,0.0559409,0.0483274,0,0,0,0,0,0,0.0276188,0,0.0223964,0.0663122,0,0,0.0226829,0,0,0.0312083,0.0754885,0.0181195,0.00893572,0.0137397,0.0266659,0.0361263,0.03765,0.0484565,0.0326784,0.016315,0.013041,0.0209886,0.0236543,0.0181509,0.00361621,0.00853801,0.0188484,0.0390182,0,0.0122558,0.0649291,0.0551408,0,0.0174783,0,0,0.0394967,0.0592179,0.0248763,0.0266415,0.0156023,0.040922,0.0423906,0.036324,0.124703,0.0428349,0.0328797,0.0734295,0.0509003,0.055989,0.0876568,0.0175362,0.0260364,0.0121389,0.0186095,0.0307863,0.033127,0,0,0,0,0,0,0,0,0
42,0.0559757,0.0482391,0,0,0,0,0,0,0.0275719,0,0.0223855,0.0662769,0,0,0.0227982,0,0,0.0309252,0.0754829,0.0180867,0.00892923,0.0137298,0.0267122,0.0364849,0.0376448,0.0484485,0.032668,0.0163095,0.0130346,0.020953,0.0236249,0.0182396,0.00367375,0.00861814,0.0186472,0.0387828,0,0.0121931,0.0649711,0.0552557,0,0.017522,0,0,0.039605,0.0592081,0.0247928,0.0266904,0.0155931,0.0409112,0.042493,0.0363162,0.124707,0.0428331,0.0328687,0.0734622,0.050948,0.0559786,0.0876636,0.017543,0.0259994,0.0121384,0.0186265,0.030768,0.0332054,0,0,0,0,0,0,0,0,0
43,0.0560449,0.0481902,0,0,0,0,0,0,0.0275409,0,0.0223334,0.0662745,0,0,0.0227405,0,0,0.030767,0.0754725,0.017859,0.00891759,0.0137461,0.0267557,0.0368331,0.0376444,0.0484277,0.0326863,0.0162392,0.0130614,0.0209265,0.0236087,0.0182836,0.00379274,0.0085495,0.0185481,0.0385229,0,0.0120674,0.0650197,0.0553182,0,0.0175429,0,0,0.0396276,0.0591871,0.0247225,0.0267144,0.0155865,0.0409061,0.0426078,0.0363153,0.1247,0.0428388,0.0328353,0.0734428,0.0509662,0.0559801,0.0876759,0.0175444,0.025976,0.0121354,0.0186338,0.0307481,0.0333629,0,0,0,0,0,0,0,0,0
44,0.0560839,0.0481575,0,0,0,0,0,0,0.0274674,0,0.0223641,0.0662865,0,0,0.0227695,0,0,0.0307956,0.0755006,0.0181234,0.00893425,0.0138418,0.026772,0.0372282,0.0376448,0.048421,0.0326946,0.0161792,0.0130758,0.0209776,0.0236115,0.0183571,0.00388338,0.00850058,0.0184769,0.0383579,0,0.0120842,0.0649593,0.0554955,0,0.0175433,0,0,0.0395135,0.0591777,0.0247284,0.0267407,0.0155877,0.0409681,0.0427355,0.0363129,0.124702,0.0428384,0.0327987,0.0734356,0.0509593,0.0560362,0.0876743,0.0175528,0.0259292,0.0121202,0.01858,0.0307192,0.033586,0,0,0,0,0,0,0,0,0
45,0.0561664,0.0481126,0,0,0,0,0,0,0.0273975,0,0.0223974,0.0662639,0,0,0.0228584,0,0,0.0310076,0.0755184,0.0183693,0.00894314,0.0138807,0.0267501,0.0376293,0.037642,0.0484227,0.0326783,0.0161491,0.0130602,0.0210086,0.0235701,0.0184594,0.0039297,0.00849353,0.0184412,0.0384112,0,0.0121752,0.0649494,0.0557261,0,0.0177998,0,0,0.0396115,0.0591828,0.0248459,0.0268125,0.0155627,0.0410573,0.0428186,0.0363231,0.124696,0.0428164,0.0327125,0.0734408,0.0510031,0.0560604,0.0876871,0.0175554,0.0258634,0.0121051,0.0185525,0.0306733,0.0338782,0,0,0,0,0,0,0,0,0
46,0.0562175,0.0480483,0,0,0,0,0,0,0.0273694,0,0.0223929,0.0662569,0,0,0.0229496,0,0,0.0310744,0.0755168,0.018404,0.00895128,0.0139087,0.0267471,0.0380075,0.0376208,0.0484293,0.0326874,0.016152,0.0130362,0.0209873,0.0235289,0.0185098,0.00397222,0.00850945,0.0183719,0.0384837,0,0.0121496,0.064948,0.0558599,0,0.0179766,0,0,0.0396566,0.05919,0.0250624,0.0268929,0.0155686,0.0410906,0.0428391,0.0363693,0.124663,0.0428248,0.0327147,0.0734626,0.0509788,0.0560729,0.0877364,0.0176412,0.0258256,0.0120423,0.0185314,0.0305856,0.0341591,0,0,0,0,0,0,0,0,0
47,0.056257,0.0479885,0,0,0,0,0,0,0.0274075,0,0.0223743,0.0662696,0,0,0.0230106,0,0,0.0311166,0.0755057,0.0181735,0.0089218,0.0139667,0.0268636,0.0383345,0.0376007,0.0484369,0.0327242,0.0161562,0.0130201,0.0209219,0.0235413,0.0185199,0.00407831,0.00850879,0.0183099,0.0385278,0,0.0121354,0.0648795,0.0559899,0,0.0180861,0,0,0.0396266,0.0592041,0.0253458,0.0269088,0.0155753,0.0411217,0.0429746,0.0364037,0.124637,0.0428572,0.0327171,0.0734899,0.0509542,0.0561018,0.0878206,0.0177806,0.0258051,0.0119839,0.0184848,0.0305251,0.0342109,0,0,0,0,0,0,0,0,0
48,0.0563862,0.047891,0,0,0,0,0,0,0.0274018,0,0.0223532,0.0662942,0,0,0.0231955,0,0,0.0310329,0.0755094,0.0178891,0.00888487,0.0138575,0.0269791,0.0387102,0.0375833,0.0484448,0.0327481,0.0161499,0.0130329,0.020839,0.0234585,0.0185826,0.00415546,0.00859742,0.0181879,0.0386006,0,0.0121502,0.064783,0.0559832,0,0.0181675,0,0,0.0395757,0.0592039,0.0253893,0.0269025,0.0155863,0.0412145,0.0431167,0.0364115,0.124623,0.0428494,0.032718,0.0734975,0.0509478,0.0561231,0.0878518,0.0178357,0.0258204,0.0119623,0.0184399,0.0304765,0.0341135,0,0,0,0,0,0,0,0,0
49,0.0564653,0.0477979,0,0,0,0,0,0,0.0273524,0,0.022405,0.0662686,0,0,0.0231904,0,0,0.0309711,0.0755358,0.0181668,0.00884344,0.013856,0.0270125,0.0391083,0.037583,0.048464,0.0327372,0.016135,0.013175,0.020855,0.0233969,0.0186154,0.00430895,0.00862903,0.0181486,0.0386153,0,0.0121913,0.0647354,0.0562448,0,0.0182286,0,0,0.0395375,0.0591955,0.0253805,0.0269125,0.0156015,0.0413002,0.0431258,0.0364456,0.124602,0.0428334,0.0327091,0.0734921,0.050944,0.0561835,0.0878527,0.0178728,0.0257829,0.0119507,0.0184097,0.0303895,0.034071,0,0,0,0,0,0,0,0,0
50,0.0565756,0.0477183,0,0,0,0,0,0,0.0273547,0,0.0224046,0.0662235,0,0,0.0231581,0,0,0.030865,0.0755236,0.0183516,0.00877559,0.0139595,0.0270583,0.0395131,0.0376084,0.0485174,0.0327423,0.0160847,0.0135629,0.0208401,0.0233317,0.0186084,0.00446457,0.0085964,0.0180856,0.0385281,0,0.0121994,0.0647326,0.0564531,0,0.0183162,0,0,0.0395413,0.0591724,0.025394,0.0269047,0.0155919,0.0413306,0.043236,0.0364963,0.124602,0.0428413,0.0327097,0.0735037,0.0509244,0.0561814,0.0878666,0.017974,0.0257323,0.0119324,0.0184007,0.0302906,0.0342048,0,0,0,0,0,0,0,0,0
51,0.0566322,0.0476488,0,0,0,0,0,0,0.0273757,0,0.0223722,0.066181,0,0,0.0231463,0,0,0.0308213,0.0754969,0.0181844,0.0087041,0.0139811,0.0271441,0.0398675,0.0376253,0.0485494,0.0327404,0.0160461,0.01377,0.0207313,0.0233287,0.0186175,0.00466199,0.00853535,0.0180448,0.0384248,0,0.0121327,0.0647254,0.0565433,0,0.0183917,0,0,0.0395796,0.0591596,0.0252065,0.0269037,0.0155743,0.0414367,0.0435013,0.0365255,0.124633,0.0428662,0.0327386,0.0735232,0.0508744,0.0560945,0.0879287,0.0179584,0.0256986,0.0119115,0.0184187,0.0302074,0.0344512,0,0,0,0,0,0,0,0,0
52,0.0566531,0.0475984,0,0,0,0,0,0,0.0274255,0,0.0222751,0.0661211,0,0,0.0232015,0,0,0.0308845,0.0754554,0.0176891,0.00864515,0.0139486,0.027236,0.0402106,0.037613,0.0485253,0.0326859,0.0160099,0.0137482,0.0206011,0.0233717,0.0186161,0.00483119,0.00848863,0.0180215,0.0383832,0,0.0120795,0.0647321,0.056493,0,0.0184868,0,0,0.0395876,0.0591408,0.024856,0.0268755,0.0155439,0.041539,0.0438365,0.036561,0.124697,0.0428871,0.0327516,0.0734748,0.0508809,0.0560099,0.0879596,0.0177637,0.0257015,0.0118947,0.0184113,0.0301264,0.034806,0,0,0,0,0,0,0,0,0
53,0.0567159,0.0475481,0,0,0,0,0,0,0.0275152,0,0.0222032,0.0660479,0,0,0.0232406,0,0,0.0308857,0.0754219,0.0174284,0.00856721,0.013998,0.0273044,0.0405865,0.0376133,0.0485284,0.0325434,0.0159875,0.0137239,0.0206657,0.0234221,0.0185732,0.00487958,0.0084647,0.0179875,0.0382598,0,0.0120775,0.064772,0.05653,0,0.0185741,0,0,0.0394931,0.05909,0.0247742,0.0268018,0.0155122,0.041606,0.044067,0.0365833,0.124722,0.0429116,0.032741,0.0734645,0.0508996,0.0559883,0.0878883,0.0177471,0.0256944,0.0118613,0.0183629,0.0300433,0.0349864,0,0,0,0,0,0,0,0,0
54,0.056738,0.0474792,0,0,0,0,0,0,0.0275255,0,0.0222316,0.0660421,0,0,0.0233774,0,0,0.0308446,0.0754263,0.0174317,0.00851352,0.0139903,0.0273669,0.0409605,0.0376148,0.0485185,0.0324493,0.0159792,0.013711,0.0205363,0.0234173,0.0185403,0.00485761,0.00851774,0.0179,0.0381816,0,0.0121449,0.0647647,0.0566886,0,0.0186272,0,0,0.0393778,0.0590687,0.0249074,0.0267783,0.0154986,0.0416414,0.0441466,0.036584,0.124725,0.0429368,0.032724,0.073438,0.0509138,0.0559882,0.0878273,0.017823,0.0256844,0.0118217,0.0183359,0.0299454,0.0350062,0,0,0,0,0,0,0,0,0
55,0.0567573,0.0473837,0,0,0,0,0,0,0.0274031,0,0.0222868,0.0660518,0,0,0.0233988,0,0,0.0309329,0.0754352,0.0176268,0.00849655,0.0139347,0.0273912,0.0412896,0.0376086,0.0485405,0.0324319,0.0159937,0.0137341,0.0205538,0.0233584,0.0185383,0.00498392,0.00850748,0.0178597,0.0381231,0,0.0121547,0.0647634,0.0569213,0,0.0186719,0,0,0.0393511,0.0590751,0.0249257,0.0268113,0.015497,0.0417461,0.0441092,0.0365802,0.124734,0.0429773,0.0327169,0.0734444,0.0509574,0.0560453,0.0878561,0.0178428,0.0256714,0.0117897,0.0183237,0.0298104,0.0351257,0,0,0,0,0,0,0,0,0
56,0.0568114,0.0473197,0,0,0,0,0,0,0.0272063,0,0.0222975,0.0660071,0,0,0.0233958,0,0,0.0308127,0.0754324,0.0179492,0.00846778,0.013962,0.0274147,0.0415631,0.037602,0.048579,0.0324616,0.0159982,0.0137425,0.0207271,0.0233598,0.0185597,0.0051384,0.00849496,0.017773,0.0380717,0,0.012133,0.064759,0.0569931,0,0.0186825,0,0,0.0393239,0.0590674,0.0248965,0.026858,0.0154921,0.0418399,0.0440658,0.0365967,0.12474,0.0430104,0.0326915,0.0735043,0.050977,0.0561422,0.0878805,0.0178506,0.0257019,0.0117536,0.0183354,0.0296811,0.0351972,0,0,0,0,0,0,0,0,0
57,0.0569014,0.047313,0,0,0,0,0,0,0.0271681,0,0.0222568,0.0659958,0,0,0.0233115,0,0,0.0302802,0.0754283,0.0178656,0.00844673,0.0139678,0.0274803,0.041779,0.0375868,0.0485917,0.0325417,0.0159796,0.013707,0.0205896,0.0233824,0.0185867,0.00528985,0.00853998,0.0176402,0.0380374,0,0.0121498,0.0647063,0.0569097,0,0.0186254,0,0,0.0392442,0.0590597,0.0248421,0.0269149,0.0154909,0.041891,0.0441917,0.0366079,0.124739,0.0430415,0.0326679,0.0735205,0.0509276,0.0561536,0.0878475,0.0178393,0.0257176,0.0117356,0.0183313,0.0295794,0.0353905,0,0,0,0,0,0,0,0,0
58,0.0569406,0.0473133,0,0,0,0,0,0,0.0271826,0,0.0222709,0.065994,0,0,0.0232458,0,0,0.0300173,0.0754508,0.0179173,0.0084271,0.0139773,0.0275854,0.0419822,0.0375787,0.0485832,0.0326631,0.0159775,0.013664,0.0205672,0.0233732,0.0185864,0.00535392,0.00854222,0.0175634,0.0380021,0,0.0121685,0.0646408,0.0568892,0,0.0186375,0,0,0.0392321,0.0590655,0.0248702,0.0269615,0.0154937,0.0419117,0.0444163,0.036631,0.12476,0.0430785,0.0326759,0.0735063,0.0509154,0.0561221,0.0878352,0.0179003,0.025687,0.0117496,0.0183254,0.0294896,0.0355347,0,0,0,0,0,0,0,0,0
59,0.0570457,0.0472899,0,0,0,0,0,0,0.0272564,0,0.022241,0.0659746,0,0,0.0232741,0,0,0.0302662,0.0754529,0.0177588,0.00837728,0.0139767,0.0276727,0.0423494,0.0375701,0.0485986,0.0326608,0.0159904,0.0136603,0.0206443,0.0233718,0.0185566,0.00539667,0.00852064,0.0176124,0.0380601,0,0.0122596,0.0646068,0.0569714,0,0.0186784,0,0,0.0391153,0.0590506,0.0249465,0.0269503,0.0154804,0.042021,0.0443905,0.0366556,0.12478,0.0431104,0.0326721,0.0734593,0.050931,0.0560788,0.0878681,0.0178862,0.0256252,0.0117324,0.0182808,0.0293597,0.0355948,0,0,0,0,0,0,0,0,0
60,0.0571624,0.0472691,0,0,0,0,0,0,0.0272017,0,0.0222888,0.0659171,0,0,0.0233502,0,0,0.0301702,0.0754812,0.0179973,0.00832964,0.0139447,0.0277579,0.0427032,0.037563,0.0485732,0.032522,0.016027,0.0135678,0.0205808,0.0234347,0.0186069,0.00544511,0.0085258,0.0175418,0.0380636,0,0.0122022,0.0645949,0.0570714,0,0.0187323,0,0,0.0390782,0.0590111,0.0249369,0.0269152,0.0154793,0.042103,0.0444224,0.0366615,0.124775,0.0431568,0.0326647,0.073393,0.0509536,0.05608,0.0879216,0.0178814,0.0256041,0.0116858,0.0182533,0.0291965,0.0356541,0,0,0,0,0,0,0,0,0
61,0.0573027,0.047222,0,0,0,0,0,0,0.0272195,0,0.0223264,0.0658787,0,0,0.0233928,0,0,0.030239,0.075492,0.0181601,0.00827937,0.0139471,0.0278253,0.042983,0.0375598,0.0485554,0.0324392,0.0160346,0.0135832,0.0205798,0.0234574,0.0186071,0.0055848,0.0085161,0.0175481,0.0380228,0,0.0121221,0.0645845,0.0571856,0,0.0188392,0,0,0.0391189,0.0589876,0.024852,0.0269303,0.015475,0.042157,0.04445,0.0367155,0.124781,0.0431813,0.0326587,0.0733437,0.0509177,0.0560871,0.0879464,0.0178885,0.0255889,0.0116501,0.0182844,0.029004,0.0357384,0,0,0,0,0,0,0,0,0
62,0.0574664,0.0471653,0,0,0,0,0,0,0.027273,0,0.0223273,0.0658472,0,0,0.0234429,0,0,0.0303979,0.0754876,0.018212,0.00822059,0.0140021,0.0278922,0.043224,0.0375564,0.0485576,0.032414,0.0160287,0.0136665,0.0206641,0.0234737,0.0185594,0.00568478,0.00852138,0.0175594,0.0380314,0,0.0122204,0.0645583,0.0571891,0,0.0188494,0,0,0.0391093,0.0589673,0.0249061,0.0269386,0.0154784,0.0422087,0.0444745,0.0367711,0.124805,0.0431961,0.0326682,0.0733419,0.050865,0.0560525,0.087937,0.0178582,0.0256097,0.011608,0.0183224,0.028822,0.0357643,0,0,0,0,0,0,0,0,0
63,0.0575465,0.0471155,0,0,0,0,0,0,0.0272553,0,0.0223151,0.0658321,0,0,0.0234238,0,0,0.0303775,0.0754957,0.0182104,0.00820178,0.0140631,0.0279392,0.0434459,0.0375266,0.048541,0.0323758,0.0160349,0.0134872,0.0206264,0.0234969,0.0185873,0.00576069,0.00854952,0.0175258,0.0380951,0,0.0123255,0.0645125,0.0571778,0,0.0188822,0,0,0.0391846,0.058956,0.0249638,0.0269428,0.0154686,0.0422342,0.0445203,0.0367833,0.124841,0.0432028,0.0326625,0.0733695,0.0509028,0.0560139,0.0879079,0.0177711,0.0256215,0.0116366,0.0183166,0.0286289,0.0357802,0,0,0,0,0,0,0,0,0
64,0.0575474,0.0471066,0,0,0,0,0,0,0.0271967,0,0.0223017,0.0658389,0,0,0.0234279,0,0,0.0302233,0.0754983,0.0182049,0.00819241,0.014067,0.0280151,0.0436656,0.0375213,0.0485244,0.0323438,0.0160462,0.0133114,0.0206117,0.0234932,0.0186587,0.00581917,0.008549,0.0174617,0.0380708,0,0.012285,0.0644387,0.0571816,0,0.0189322,0,0,0.0391561,0.0589638,0.0251199,0.0269325,0.0154782,0.0423467,0.0445799,0.0367687,0.124849,0.0432287,0.0326578,0.0733932,0.050925,0.0559927,0.0879251,0.0178249,0.0256085,0.0116744,0.0182654,0.0284737,0.0360141,0,0,0,0,0,0,0,0,0
65,0.0575609,0.0470976,0,0,0,0,0,0,0.0271378,0,0.0223003,0.0658524,0,0,0.023448,0,0,0.0302512,0.0754881,0.0181983,0.00817329,0.0140202,0.0280795,0.0439247,0.0375142,0.048534,0.0323378,0.0160521,0.0131895,0.0206436,0.0234694,0.01873,0.00591976,0.00854586,0.0174503,0.0380629,0,0.0123642,0.0643686,0.0572336,0,0.0189047,0,0,0.039044,0.0589876,0.0253923,0.0269376,0.0155012,0.0424456,0.0447391,0.0367711,0.124827,0.0432616,0.032642,0.0733285,0.0509375,0.0559842,0.0879626,0.017909,0.025556,0.0117019,0.0182092,0.0284415,0.0361947,0,0,0,0,0,0,0,0,0
66,0.0575192,0.0470704,0,0,0,0,0,0,0.0270797,0,0.0223021,0.0658691,0,0,0.023533,0,0,0.0302089,0.0754652,0.0182037,0.00819321,0.0140154,0.0280796,0.0442875,0.0374963,0.0485501,0.0324017,0.0160756,0.0130577,0.0206392,0.0235146,0.0187891,0.00594149,0.00852693,0.0173885,0.0379838,0,0.012322,0.064377,0.057265,0,0.0188905,0,0,0.0390897,0.0589842,0.0254698,0.0269665,0.0155047,0.0424173,0.0449891,0.0367979,0.124833,0.0432855,0.0326215,0.0733295,0.0509099,0.0559483,0.0879699,0.0179726,0.0255276,0.0116658,0.0182635,0.0286059,0.0363029,0,0,0,0,0,0,0,0,0
67,0.0575349,0.0470367,0,0,0,0,0,0,0.0271043,0,0.0222884,0.0658672,0,0,0.0234522,0,0,0.0302234,0.0754482,0.0182393,0.00819388,0.0140906,0.0281219,0.0445242,0.0375185,0.0485555,0.0325191,0.0160539,0.0131656,0.0206312,0.0235537,0.0187694,0.00598931,0.00845663,0.0173912,0.0379673,0,0.0122645,0.0643948,0.0573016,0,0.0188465,0,0,0.038985,0.0589621,0.0253803,0.0269906,0.0155025,0.0424204,0.0450809,0.0368015,0.124874,0.0432879,0.0326336,0.0734097,0.0509053,0.0558961,0.0879357,0.0179334,0.0254724,0.0115994,0.018283,0.0286531,0.0362708,0,0,0,0,0,0,0,0,0
68,0.0576376,0.0470242,0,0,0,0,0,0,0.0272538,0,0.0222643,0.065865,0,0,0.0234208,0,0,0.0300636,0.0754105,0.0180746,0.00814784,0.0141412,0.0281976,0.0446553,0.0375709,0.0485603,0.0325561,0.0159906,0.01354,0.0206174,0.0235129,0.0186478,0.00606226,0.00841172,0.0173641,0.0380094,0,0.0122249,0.0643699,0.0573246,0,0.018865,0,0,0.0389059,0.0589416,0.0251427,0.0269984,0.0154964,0.0424892,0.0449753,0.0368092,0.124917,0.0432977,0.032685,0.0734112,0.050888,0.0558414,0.0879011,0.0178508,0.0254224,0.0115757,0.0182799,0.0286094,0.0360102,0,0,0,0,0,0,0,0,0
69,0.0577552,0.0470323,0,0,0,0,0,0,0.0273987,0,0.0222059,0.065868,0,0,0.0233929,0,0,0.029761,0.0753576,0.0176235,0.00809428,0.0141144,0.0282935,0.0447615,0.0376001,0.0485789,0.0325415,0.0159552,0.0136955,0.0205771,0.023493,0.0185732,0.00617858,0.00843415,0.0173117,0.0379963,0,0.0121985,0.0643223,0.0573421,0,0.0189114,0,0,0.0389272,0.0589185,0.0251574,0.0270031,0.0155103,0.0425563,0.0449242,0.036803,0.124904,0.0433357,0.0327033,0.0733167,0.0508757,0.0558243,0.0879157,0.0178929,0.0253931,0.011597,0.0182626,0.0285394,0.0359392,0,0,0,0,0,0,0,0,0
70,0.057828,0.0470278,0,0,0,0,0,0,0.0274239,0,0.0222059,0.0658561,0,0,0.0233662,0,0,0.0297247,0.0753514,0.0175759,0.00806734,0.0141059,0.0283244,0.0448826,0.0376139,0.0485892,0.0325294,0.0159558,0.0136836,0.0205669,0.0234979,0.0185554,0.00629327,0.00842997,0.0172826,0.0379478,0,0.0121296,0.0643055,0.057412,0,0.0189423,0,0,0.0390286,0.058902,0.0252609,0.0270145,0.015504,0.0425966,0.0450026,0.0367994,0.12489,0.0433555,0.032694,0.0733216,0.0508467,0.0558329,0.0879477,0.017945,0.0253808,0.0116113,0.0182849,0.0284742,0.0359744,0,0,0,0,0,0,0,0,0
71,0.0578472,0.0470205,0,0,0,0,0,0,0.0273595,0,0.0222381,0.0657954,0,0,0.0232764,0,0,0.0296028,0.0753653,0.0178417,0.00804473,0.0141186,0.0283151,0.044979,0.0376308,0.0485808,0.0325317,0.0159413,0.0136331,0.0205839,0.0235413,0.0185725,0.00639709,0.00840802,0.0172374,0.0379616,0,0.0121286,0.0643412,0.057514,0,0.0188946,0,0,0.0389596,0.058877,0.0251698,0.027001,0.0154377,0.0426239,0.0451105,0.036812,0.124917,0.0433349,0.0327102,0.0733837,0.0508255,0.0558558,0.0879066,0.0178924,0.0253539,0.011611,0.0182602,0.0284325,0.0360529,0,0,0,0,0,0,0,0,0
72,0.0578164,0.0470022,0,0,0,0,0,0,0.0273785,0,0.0221881,0.0657453,0,0,0.0234458,0,0,0.0298656,0.0753607,0.0176064,0.00801662,0.0140665,0.0282924,0.045108,0.037631,0.0486043,0.0325489,0.0159308,0.0136367,0.0205558,0.0235427,0.0185765,0.00629234,0.00845976,0.0172437,0.0380099,0,0.0122099,0.0643848,0.0575572,0,0.0188655,0,0,0.0389457,0.0588665,0.0251516,0.0269363,0.015419,0.0426249,0.0451099,0.0368342,0.124924,0.0433373,0.0327295,0.0733511,0.0508325,0.0558396,0.0878601,0.017848,0.025345,0.0116025,0.0182493,0.0283821,0.0362252,0,0,0,0,0,0,0,0,0
73,0.0577828,0.0469843,0,0,0,0,0,0,0.0273788,0,0.022202,0.0657395,0,0,0.0234412,0,0,0.0299491,0.0753813,0.0176163,0.00801503,0.014083,0.0282782,0.0452018,0.0376132,0.0486356,0.0325662,0.0159544,0.0136399,0.0205639,0.0235474,0.0185874,0.0062891,0.00847494,0.0172703,0.0380849,0,0.0122688,0.0643896,0.0575119,0,0.0188905,0,0,0.0389884,0.0588849,0.025192,0.0269392,0.0153898,0.0426404,0.0451208,0.0368338,0.124948,0.0433288,0.0326545,0.0734098,0.0508507,0.0557885,0.0878379,0.0178037,0.0253235,0.0115989,0.0182656,0.0283337,0.0363551,0,0,0,0,0,0,0,0,0
74,0.0577775,0.0469851,0,0,0,0,0,0,0.0272974,0,0.0222821,0.0657414,0,0,0.0234421,0,0,0.0297784,0.0753758,0.0180821,0.0080113,0.0141097,0.0282631,0.0452711,0.037602,0.0486429,0.0325748,0.015983,0.0136062,0.0206247,0.023565,0.0186109,0.00631334,0.00849982,0.0172352,0.0380942,0,0.0122102,0.0644063,0.0574746,0,0.018912,0,0,0.0389474,0.0589,0.0252121,0.0269275,0.0153577,0.0426518,0.0451567,0.0368162,0.124968,0.0432829,0.0323799,0.0734565,0.0508359,0.0557668,0.0878458,0.0177987,0.0252951,0.011626,0.0182242,0.0282939,0.0364024,0,0,0,0,0,0,0,0,0
75,0.0578158,0.0469979,0,0,0,0,0,0,0.0272757,0,0.0222647,0.0657372,0,0,0.0235061,0,0,0.0299391,0.075285,0.0182829,0.00797906,0.0140138,0.0282488,0.045331,0.0376551,0.0486783,0.03259,0.0159721,0.0136228,0.020668,0.0236135,0.0186339,0.00632838,0.00852142,0.0172452,0.0381435,0,0.0122301,0.0644061,0.0575549,0,0.0188892,0,0,0.0387146,0.0588992,0.0252641,0.0269649,0.0153905,0.0426397,0.045147,0.0368129,0.124985,0.0432524,0.0322513,0.0734075,0.0508116,0.0557727,0.0878503,0.0178332,0.0252523,0.011667,0.0180726,0.0282717,0.0363694,0,0,0,0,0,0,0,0,0
76,0.057931,0.0470027,0,0,0,0,0,0,0.0273705,0,0.0221903,0.0657179,0,0,0.0234764,0,0,0.029982,0.0752434,0.0180124,0.00789116,0.0138833,0.028269,0.045374,0.0377548,0.0487294,0.0326203,0.0159088,0.013734,0.0207029,0.0236608,0.0186003,0.00635668,0.00851025,0.0172581,0.0382711,0,0.0122708,0.0643995,0.0576336,0,0.0188137,0,0,0.0384881,0.0588826,0.025324,0.0269472,0.0154889,0.0426366,0.0451707,0.0368394,0.125002,0.0432388,0.0323509,0.073274,0.0508128,0.0557898,0.0878503,0.0178873,0.0252332,0.0116281,0.0180233,0.0282442,0.0361358,0,0,0,0,0,0,0,0,0
77,0.05802,0.0470142,0,0,0,0,0,0,0.0273416,0,0.0222624,0.065705,0,0,0.0234451,0,0,0.0298198,0.0752992,0.018062,0.00792855,0.0140252,0.0283693,0.0453551,0.0376505,0.0486926,0.0325554,0.0159454,0.0138954,0.0206529,0.0235578,0.0186442,0.0063908,0.00850517,0.0172377,0.0383308,0,0.0122632,0.0643508,0.0576193,0,0.018761,0,0,0.0387323,0.0588712,0.0252782,0.0269767,0.0155432,0.0427262,0.0452358,0.0368502,0.12496,0.0432669,0.0326208,0.0732606,0.0508422,0.0557963,0.0879119,0.0177956,0.0252899,0.0115795,0.0181746,0.0282206,0.0359385,0,0,0,0,0,0,0,0,0
78,0.0579858,0.0470251,0,0,0,0,0,0,0.0273759,0,0.0222784,0.0657422,0,0,0.0235621,0,0,0.0300888,0.0753348,0.0176579,0.00796624,0.0141121,0.0283546,0.0453094,0.0375629,0.0486738,0.0325346,0.0159904,0.013977,0.020528,0.0233937,0.0186241,0.00637561,0.00852403,0.0173202,0.0382903,0,0.0121956,0.0643197,0.057537,0,0.0187688,0,0,0.0389231,0.0589001,0.0252208,0.0269951,0.015551,0.0427747,0.0450413,0.0368327,0.124903,0.0433097,0.0327401,0.0732565,0.0508586,0.0558075,0.0879018,0.0176469,0.0253314,0.011563,0.018228,0.0281802,0.035903,0,0,0,0,0,0,0,0,0
