Timestep,BBL,BBR,BFBL,BFBR,BFTL,BFTR,C7,CLAV,IMU_L,IMU_M,IMU_R,L5FT,L5HD,LANK,LBHD,LEAR,LELB,LFHD,LFIN,LFRM,LGTR,LHEE,LILC,LKNE,LPSI,LSHO,LTHI,LTHIA,LTHII,LTHIP,LTIB,LTIBA,LTIBI,LTIBP,LTOE,LUPA,LWRA,LWRB,R5FT,R5HD,RANK,RASI,RBAK,RBHD,REAR,RELB,RFHD,RFIN,RFRM,RGTR,RHEE,RKNE,RPSI,RSHO,RTHI,RTHIA,RTHII,RTHIP,RTIB,RTIBA,RTIBI,RTIBP,RTOE,RUPA,RWRA,RWRB,STRN,T10,x70,x71,x72,RILC,LASI
All Timesteps RMSE,0,0,0,0,0,0,0.02442,0.0606869,0,0,0,0.165927,0.0150959,0.0219309,0,0,0.0159849,0,0.0313466,0.00580067,0.02272,0.203843,0.0281934,0.0144036,0.163339,0.0408257,0.0301707,0.0296171,0.0274698,0.0258249,0.0119213,0.0151364,0.00952892,0.0190065,0.131742,0.0253901,0.01951,0.00449154,0.0306992,0.00801183,0.0324761,0.114981,0.0369326,0,0,0.0350142,0,0.0084929,0.0180402,0.0590799,0.0410464,0.0207325,0.143589,0.0233295,0.0218788,0.03012,0.0173503,0.0218997,0.0201505,0.0214549,0.0196123,0.0222953,0.0556072,0.0320669,0.0120777,0.0125059,0.0790376,0.0458795,0,0,0,0.0416651,0.0761731
0,0,0,0,0,0,0,0.031633,0.0629502,0,0,0,0.167847,0.0146793,0.0248803,0,0,0.0159151,0,0.0330342,0.00569583,0.0238018,0.205356,0.0228866,0.0102724,0.173386,0.0336113,0.0271059,0.0250635,0.0272966,0.0232289,0.0105999,0.0125503,0.0102766,0.0200556,0.139116,0.0234244,0.0202488,0.00513381,0.0124613,0.00815179,0.025234,0.131005,0.0440064,0,0,0.0329879,0,0.00829589,0.0168792,0.064558,0.0211406,0.00948296,0.168604,0.0245791,0.0218565,0.0383197,0.0227296,0.0206765,0.0192807,0.00466257,0.0174065,0.0159695,0.0244252,0.0316556,0.0118025,0.0124876,0.0839481,0.0521665,0,0,0,0,0
1,0,0,0,0,0,0,0.0313197,0.0631224,0,0,0,0.167031,0.0145751,0.0243362,0,0,0.0157687,0,0.0332627,0.00578358,0.0231886,0.2062,0.0223663,0.0100005,0.172887,0.0338941,0.027719,0.0259358,0.0274478,0.0246492,0.0107936,0.0128871,0.0107633,0.0203895,0.138408,0.0235243,0.0203689,0,0.0160938,0.00807072,0.026451,0.131975,0.043463,0,0,0.0335091,0,0.00833855,0.0171059,0.0649382,0.0265018,0.0103541,0.169037,0.0249012,0.0227802,0.038708,0.0229201,0.0219981,0.0195241,0.00526635,0.0180466,0.0163927,0.0178187,0.0321394,0.0117614,0.0125639,0.0839422,0.0519207,0,0,0,0,0
2,0,0,0,0,0,0,0.0334881,0.0641845,0,0,0,0.166905,0.0146969,0.0241564,0,0,0.0153175,0,0.0331869,0.00515597,0.0225172,0.206647,0.022132,0.00993792,0.172516,0.0346858,0.0284824,0.0265486,0.0276626,0.0247463,0.0107703,0.0129018,0.0108545,0.0202947,0.137649,0.0236699,0.0202497,0,0.0195716,0.00817143,0.0268479,0.131032,0.0437605,0,0,0.0379689,0,0.00825518,0.0193191,0.0653531,0.0308452,0.0112355,0.169716,0.0279106,0.0235496,0.0388526,0.0231536,0.0232569,0.0194097,0.00534724,0.0180897,0.0167218,0.0132524,0,0.0123132,0.0132072,0.0845421,0.0527607,0,0,0,0,0
3,0,0,0,0,0,0,0.0340614,0.062934,0,0,0,0.168088,0.0147574,0.0244705,0,0,0.0152895,0,0.03328,0.00522098,0.023917,0.205451,0.0219723,0.00854665,0.177836,0.0334356,0.0274785,0.0268583,0.0267396,0.0238031,0.00988142,0.0133024,0.00995591,0.0200787,0.139658,0.0229941,0.0203104,0,0.0214117,0.00821104,0.0267044,0,0.0468408,0,0,0.0320906,0,0.00830217,0.0161737,0.0661695,0.0336886,0.0131282,0.177797,0.024903,0.0251053,0.0391355,0.0233237,0.024801,0.0192799,0.00544165,0.0185923,0.0175777,0.010896,0.0315953,0.011262,0.0122457,0.0843506,0.0558955,0,0,0,0,0
4,0,0,0,0,0,0,0.0340125,0.0636079,0,0,0,0.168606,0.014713,0.0247021,0,0,0.0158166,0,0.0334197,0.00533545,0.0235131,0.204978,0.0222288,0.00813161,0.177754,0.0341878,0.0274763,0.0271618,0.0268883,0.0232967,0.0096906,0.0133045,0.00967619,0.0198399,0.139266,0.0236177,0.0203389,0.00518291,0.0226123,0.00812921,0.0276733,0,0.0468529,0,0,0.0326581,0,0.00834997,0.0165217,0.0663724,0.036375,0.0142004,0.178728,0.0255014,0.0259907,0.0391282,0.0232871,0.0261548,0.0189459,0.00516138,0.0188383,0.0181848,0.0117976,0.0322323,0.0113665,0.0123188,0.0851812,0.0561304,0,0,0,0,0
5,0,0,0,0,0,0,0.0336715,0.0642446,0,0,0,0.168565,0.0147364,0.0245328,0,0,0.0162955,0,0.0336428,0.00560505,0.0231464,0.204763,0.0229292,0.00789681,0.177531,0.034917,0.0275261,0.027347,0.0270894,0.0229962,0.00952741,0.0130837,0.00950203,0.0196549,0.138008,0.0241566,0.0205048,0,0.0229075,0.00807084,0.0284572,0,0.0466835,0,0,0.0330669,0,0.00835692,0.016723,0.066198,0.0388434,0.0151716,0.179053,0.0257407,0.0267579,0.0391057,0.0232524,0.0275138,0.0188839,0.00472955,0.0192746,0.0191762,0.0129396,0.0326252,0.0113569,0.0123898,0.0858595,0.0560216,0,0,0,0,0
6,0,0,0,0,0,0,0.0332487,0.0648525,0,0,0,0.168031,0.0147534,0.0239582,0,0,0.0167268,0,0.0339515,0.00589724,0.0226985,0.205529,0.0240127,0.00788647,0.177279,0.0357137,0.0275808,0.0273826,0.0271144,0.0227949,0.00938781,0.0126609,0.00947819,0.0194466,0.135988,0.0247518,0.0205562,0.00543866,0.0223823,0.00805075,0.0289686,0,0.0464309,0,0,0.0334324,0,0.00836082,0.0167867,0.0656127,0.0410352,0.0160928,0.178959,0.0259152,0.0273857,0.0390978,0.0232663,0.0287435,0.0188801,0.00430781,0.0197351,0.0201633,0.0133946,0.0329802,0.0113736,0.0124677,0.0863448,0.0557131,0,0,0,0,0
7,0,0,0,0,0,0,0.032669,0.0654212,0,0,0,0.167509,0.0146773,0.023268,0,0,0.016929,0,0.0339432,0.00615555,0.0221563,0.206545,0.0251034,0.00792892,0.176806,0.0363923,0.0276442,0.0273252,0.0269682,0.0224913,0.00919436,0.0121213,0.00942596,0.019069,0.134075,0.0250124,0.0205716,0.00549023,0.021366,0.00804988,0.0291138,0,0.04597,0,0,0.0337311,0,0.0083706,0.0167201,0.0649512,0.0427394,0.0167308,0.178376,0.0260314,0.0279471,0.0391422,0.0233007,0.0298904,0.0188882,0.00397052,0.0202651,0.0210777,0.0135752,0.0332162,0.0114795,0.012513,0.087076,0.0550428,0,0,0,0,0
8,0,0,0,0,0,0,0.0321515,0.0659669,0,0,0,0.166876,0.0146286,0.022537,0,0,0.0171718,0,0.0341305,0.0064022,0.0217751,0.207459,0.0260596,0.00795754,0.176503,0.0370524,0.0277793,0.0271559,0.0267568,0.0222339,0.0089451,0.0115153,0.00931246,0.0186527,0.132452,0.0252812,0.0206255,0.00513746,0.0196412,0.00803344,0.0288982,0,0.0455878,0,0,0.0340315,0,0.00839175,0.0168845,0.0644638,0.0440075,0.0169791,0.177807,0.0262349,0.0284399,0.039274,0.0233059,0.0309247,0.0190695,0.00372258,0.0208435,0.0220231,0.0149061,0.0334329,0.0115885,0.0125087,0.0878079,0.0543995,0,0,0,0,0
9,0,0,0,0,0,0,0.0316654,0.0663879,0,0,0,0.166301,0.0146177,0.0218176,0,0,0.0174123,0,0.0342367,0.00659498,0.0215877,0.20839,0.0268777,0.00808718,0.176455,0.0376617,0.0277918,0.026849,0.0267151,0.022151,0.0086599,0.0107354,0.0091527,0.0183541,0.130767,0.0256045,0.0206495,0.00455116,0.0176571,0.0079867,0.0284783,0,0.0452556,0,0,0.0342769,0,0.00836665,0.0170632,0.0642021,0.0445398,0.0169207,0.177255,0.0264037,0.0288554,0.0394355,0.0232651,0.0317249,0.0193624,0.00376347,0.0213358,0.0227925,0.0166316,0.0336038,0.0115936,0.0125071,0.0884433,0.0537586,0,0,0,0,0
10,0,0,0,0,0,0,0.0312207,0.0666587,0,0,0,0.165813,0.0146817,0.0212051,0,0,0.0176901,0,0.0341769,0.00660026,0.0214086,0.209113,0.0275415,0.00827078,0.176467,0.0381654,0.0278519,0.0266489,0.0268577,0.0219499,0.00847312,0.010102,0.0090239,0.0180245,0.129291,0.0259142,0.0206451,0.00468611,0.0163808,0.00796276,0.0280443,0,0.0449223,0,0,0.0344751,0,0.00834584,0.0172025,0.0640374,0.04403,0.0167371,0.176548,0.0264708,0.0292518,0.0396474,0.0231762,0.0323939,0.0194955,0.00423777,0.0213247,0.0229254,0.0179068,0.0336441,0.0115688,0.0125115,0.0888635,0.0531512,0,0,0,0,0
11,0,0,0,0,0,0,0.0308647,0.0664516,0,0,0,0.165736,0.0147502,0.0210611,0,0,0.0177271,0,0.0340813,0.00643962,0.0210435,0.209568,0.0280516,0.00828179,0.176478,0.0383036,0.0279735,0.0266737,0.026988,0.0216874,0.00827138,0.00981162,0.00897042,0.0176889,0.128497,0.0258956,0.0206183,0.004218,0.0129832,0.00802345,0.0372579,0,0.0446569,0,0,0.0344453,0,0.00837423,0.0172287,0.0640331,0.0524808,0.0163234,0.175208,0.0263542,0.0273346,0.0386052,0.0201779,0.0297268,0.0240291,0,0.0269174,0.0280998,0.0210892,0.0334409,0.0115698,0.0124987,0.0884908,0.052723,0,0,0,0,0
12,0,0,0,0,0,0,0.0304961,0.0667768,0,0,0,0.165537,0.0147496,0.0206829,0,0,0.018044,0,0.0341248,0.00648148,0.020856,0.210413,0.0284308,0.00791153,0.176425,0.0388708,0.0280606,0.0267828,0.0270514,0.021398,0.00802175,0.00946704,0.00885711,0.0173041,0.127574,0.026173,0.0206381,0.00424373,0.0134027,0.00802367,0.0275006,0,0.0444133,0,0,0.0346861,0,0.00839674,0.0174259,0.0637314,0.0426037,0.0157206,0.174814,0.0265385,0.0296454,0.039829,0.0223931,0.0328856,0.0202896,0.00544314,0.0216506,0.0232405,0.0205932,0.0335736,0.0117138,0.0125306,0.0882329,0.0524566,0,0,0,0,0
13,0,0,0,0,0,0,0.0305222,0.0659313,0,0,0,0.166055,0.0149419,0.0210927,0,0,0.0177457,0,0.0339591,0.00616274,0.0208414,0.210443,0.0284606,0.00734601,0.176865,0.0385835,0.0280834,0.0268043,0.0271088,0.021215,0.00772258,0.00957257,0.00885673,0.017175,0.127856,0.0259236,0.0205492,0.00445775,0.0123635,0.00804716,0.0391671,0,0.0447973,0,0,0.0338999,0,0.00832679,0.0170704,0.0640034,0.0533296,0.0167587,0.174223,0.0260999,0.0271693,0.0381812,0.0184552,0.0290693,0.026429,0,0.0293507,0.0301038,0.0248201,0.0329436,0.011611,0.0123135,0.0871074,0.0527869,0,0,0,0,0
14,0,0,0,0,0,0,0.0307778,0.0658662,0,0,0,0.166372,0.0151392,0.0211912,0,0,0.0177173,0,0.0338135,0.00607118,0.0210235,0.210316,0.0284231,0.00688367,0.177233,0.0388645,0.0280697,0.0266777,0.0269637,0.0209717,0.00739441,0.00954188,0.0087638,0.0169833,0.127845,0.0261376,0.0204849,0.00408319,0.0124781,0.00826819,0.0274148,0,0.0452501,0,0,0.0336775,0,0.00811875,0.0171561,0.063865,0.0417459,0.0151678,0.175185,0.0261903,0.0301022,0.0398515,0.0210932,0.0327191,0.0218201,0.00710781,0.0229938,0.0245186,0.024141,0.0329018,0.0118768,0,0.0868878,0.0533564,0,0,0,0,0
15,0,0,0,0,0,0,0.0309353,0.0652815,0,0,0,0.166772,0.0153728,0.0215788,0,0,0.0175478,0,0.0336319,0.00599815,0.0210883,0.209929,0.0283129,0.00671474,0.177509,0.0387111,0.0280718,0.0264728,0.0269627,0.0208753,0.0071972,0.00959822,0.00877052,0.016857,0.12824,0.0262078,0.0204143,0.00403495,0.0132688,0.00818501,0.0274076,0,0.0456733,0,0,0.0326361,0,0.00826381,0.0163583,0.0639828,0.0418009,0.0150263,0.175369,0.0257677,0.0302452,0.0397308,0.0201947,0.0323708,0.0226156,0.00802426,0.0235785,0.0252061,0.0259456,0.0321581,0.0113062,0.0120829,0.0864347,0.0540157,0,0,0,0,0
16,0,0,0,0,0,0,0.0313915,0.0647922,0,0,0,0.167149,0.0154033,0.0219341,0,0,0.0170911,0,0.0332707,0.00567856,0.0211931,0.209333,0.0281947,0.00670071,0.177714,0.0384466,0.0279684,0.0263708,0.0270752,0.0207685,0.00702177,0.00960687,0.00862891,0.016681,0.128734,0.0258821,0.0202192,0.00380912,0.0142302,0.0085026,0.0274411,0,0.0461317,0,0,0.0320204,0,0.00813602,0.0162777,0.0641792,0.0423174,0.015223,0.175576,0.0256835,0.0302498,0.0394789,0.0192394,0.0317997,0.023252,0.00899725,0.0240664,0.0258921,0.0276204,0.0317853,0.011474,0,0.0860101,0.0548076,0,0,0,0,0
17,0,0,0,0,0,0,0.0314753,0.0641723,0,0,0,0.167641,0.0154659,0.0223239,0,0,0.0167621,0,0.0329838,0.00553002,0.0213001,0.20866,0.0281687,0.00646355,0.17784,0.0382036,0.027952,0.0263865,0.0272592,0.0206424,0.00693227,0.00958675,0.00847724,0.0165608,0.129145,0.0256234,0.0201005,0.00338863,0.0157039,0.00851742,0.0278691,0,0.0464447,0,0,0.0309285,0,0.00832512,0.0157271,0.0644534,0.0431544,0.0156601,0.175742,0.0253351,0.0300362,0.0390352,0.0180639,0.0309514,0.0237042,0.00992351,0.0249285,0.0266736,0.0295513,0.0310025,0.0110252,0.0120411,0.0854302,0.0554553,0,0,0,0,0
18,0,0,0,0,0,0,0.0320948,0,0,0,0,0.167789,0.0155746,0.0222638,0,0,0.0157734,0,0.0325407,0.00453279,0.0214726,0.208551,0.0282052,0.00614531,0.177993,0.037973,0.0278901,0.0262426,0.02719,0.0203449,0.00652012,0.00943266,0.00830318,0.0162607,0.128678,0.025099,0.0198186,0,0.0171919,0.00843928,0.02863,0,0.0466256,0,0,0.0310382,0,0.00832135,0.015982,0.0647207,0.0440604,0.0159701,0.176209,0.0266778,0.0294676,0.038432,0.016745,0.0297098,0.0239573,0.0105933,0.0251843,0.0272818,0.0314556,0.0316319,0.0112345,0.0121499,0.0858673,0.0559919,0,0,0,0,0
19,0,0,0,0,0,0,0.0315185,0.0632047,0,0,0,0.168131,0.0155856,0.0223146,0,0,0.0164653,0,0.0326735,0.00503188,0.0215595,0.208316,0.0281742,0.00616171,0.177949,0.0379067,0.0282625,0.0263923,0.027484,0.0206025,0.0063646,0.00942501,0.00823558,0.0161949,0.128227,0.0253077,0.0199198,0.00342339,0.0188094,0.00865714,0.0297039,0,0.0467336,0,0,0.0298399,0,0.00829534,0.01514,0.0650633,0.0457146,0.0169711,0.176073,0.0248874,0.0290226,0.0378663,0.0154936,0.0283591,0.0242665,0.0113338,0.0251106,0.0280125,0.0344966,0.0301083,0.0106731,0.0117081,0.0845217,0.0563326,0,0,0,0,0
20,0,0,0,0,0,0,0.0295368,0.064209,0,0,0,0.166854,0.0153199,0.0210827,0,0,0.0177909,0,0.0331323,0.0060892,0.0201196,0.209689,0.0288976,0.00692174,0.173198,0.0401541,0.0293836,0.0269724,0.0281451,0.02086,0.00634132,0.00807779,0.00821845,0.015677,0.125125,0.0266474,0.0201415,0.00392159,0.0212238,0.00844176,0.029656,0.125923,0.0440822,0,0,0.0313325,0,0.00838156,0.0160293,0.0643932,0.0459229,0.0160954,0.171361,0.0258102,0.0272778,0.0369231,0.0139274,0.0261559,0.0236593,0.0118143,0.0238954,0.0275851,0.0371186,0.0313083,0.0110219,0.0117562,0.0846029,0.0539434,0,0,0,0,0
21,0,0,0,0,0,0,0.0291816,0.0641227,0,0,0,0.166415,0.0153598,0.0206101,0,0,0.0177403,0,0.0331264,0.00615521,0.0199385,0.210153,0.0291347,0.00707485,0.172366,0.0406533,0.0296161,0.0270149,0.0282203,0.0208498,0.00610763,0.00741204,0.00801001,0.0153235,0.123685,0.026702,0.0201404,0.00420955,0.0234981,0.00842238,0.0304895,0.125375,0.043684,0,0,0.0313823,0,0.00844315,0.0160397,0.064541,0.0467773,0.0169744,0.170343,0.0258349,0.0262043,0.0360661,0.0125071,0.0242187,0.0234771,0.0129102,0.0228378,0.0276233,0.0406037,0.0312673,0.0108722,0.0117542,0.084343,0.0537255,0,0,0,0,0
22,0,0,0,0,0,0,0.0291097,0.0640926,0,0,0,0.16608,0.0153634,0.0201344,0,0,0.017456,0,0.033152,0.00617179,0.0199117,0.21046,0.0293812,0.00725647,0.172001,0.0409955,0.0298217,0.0271005,0.0282904,0.0208726,0.00583781,0.00675274,0.00790005,0.0149676,0.122562,0.0266926,0.0201157,0.00399498,0.0256606,0.00873911,0.0313254,0.124549,0.0434699,0,0,0.0313889,0,0.00828153,0.0161606,0.0646051,0.0472436,0.0180871,0.169701,0.0259761,0.0249053,0.034993,0.0108864,0.0220093,0.0228494,0.014254,0.0214623,0.0272982,0.0438609,0.0312982,0.01119,0,0.0841771,0.053564,0,0,0,0,0
23,0,0,0,0,0,0,0.0309252,0.06288,0,0,0,0.168318,0.0154974,0.0215491,0,0,0.0163957,0,0.0327202,0.00546834,0.0226842,0.20792,0.0282458,0.00674934,0.175108,0.0400296,0.0289942,0.0270782,0.0282294,0.021776,0.00590118,0.00808799,0.00737986,0.0156446,0.125946,0.0259497,0.0198633,0.00426727,0.0278713,0.00867957,0.0327148,0.130271,0.0461122,0,0,0.028817,0,0.00840599,0.0146375,0.0649057,0.0481667,0.0194429,0.175781,0.0253776,0.02384,0.033838,0.00861187,0.0196498,0.022439,0.0159107,0.0202128,0.0270834,0.0471599,0.0298003,0.0102185,0.0114739,0.083532,0.0557518,0,0,0,0,0
24,0,0,0,0,0,0,0.0311837,0.0627514,0,0,0,0.168369,0.0154719,0.0215115,0,0,0.0161333,0,0.0324573,0.00534087,0.0230037,0.207794,0.0283097,0.00661925,0.175831,0.0401107,0.0290862,0.0272948,0.0283415,0.0219453,0.00571488,0.00809608,0.00712241,0.0155204,0.125648,0.0259353,0.0197517,0.00472233,0.0297702,0.0087008,0.0334615,0.130177,0.0464142,0,0,0.0283469,0,0.00837703,0.0143521,0.0649377,0.0473707,0.0201307,0.176459,0.0253636,0.0221924,0.0321777,0.00613627,0.0171469,0.0210928,0.0183694,0.0181781,0.0253583,0.0500211,0.0298057,0.0100261,0.0113431,0.083501,0.055815,0,0,0,0,0
25,0,0,0,0,0,0,0.0313257,0.0628067,0,0,0,0.16835,0.0154502,0.0213016,0,0,0.0160937,0,0.0324026,0.00527969,0.0233202,0.207738,0.0284141,0.00648875,0.176596,0.0402513,0.0291694,0.027557,0.0284199,0.022092,0.00538064,0.0080994,0.00681065,0.0153709,0.125236,0.0260325,0.0197077,0.00468752,0.0307446,0.00875699,0.0336042,0.129776,0.0466758,0,0,0.0280025,0,0.00839233,0.0141246,0.0649564,0.0459804,0.0197431,0.17714,0.0253928,0.0204429,0.030268,0.00386058,0.0148111,0.0193588,0.0214372,0.016199,0.0228214,0.0518017,0.0294907,0.00999204,0.0112154,0.0835917,0.0558102,0,0,0,0,0
26,0,0,0,0,0,0,0.031389,0.0631612,0,0,0,0.16835,0.0154899,0.0208637,0,0,0.0161731,0,0.0324064,0.00532447,0.0236617,0.20769,0.0284096,0.00624112,0.177186,0.0407718,0.0291858,0.0278258,0.028429,0.0221852,0.00504753,0.00808801,0.00658581,0.0151895,0.124804,0.0262897,0.0197005,0.00441545,0.030245,0.00907904,0.0330393,0.12916,0.0469011,0,0,0.0278005,0,0.00825688,0.0140808,0.065026,0.0437108,0.0181169,0.17783,0.0255554,0.0187321,0.0282802,0.00315575,0.0129631,0.0173803,0.0249109,0.0150338,0.0199701,0.0521585,0.0296507,0.0103992,0,0.0838677,0.0557751,0,0,0,0,0
27,0,0,0,0,0,0,0.031264,0.0635119,0,0,0,0.168131,0.0155058,0.020278,0,0,0.0163758,0,0.0323868,0.00552765,0.0240646,0.207739,0.0283065,0.00588433,0.17762,0.0414068,0.0291648,0.0280357,0.0284371,0.022229,0.00511133,0.00808183,0.00641839,0.0149738,0.124432,0.0266194,0.0197207,0.00396314,0.0279983,0.00888154,0.0318802,0.128488,0.0471018,0,0,0.0274373,0,0.00847982,0.0136866,0.0651288,0.0406944,0.015164,0.178688,0.0255324,0.0175868,0.0264045,0.00472936,0.0120207,0.0161266,0.0285227,0.0155347,0.0179364,0.0510744,0.0294445,0.00998314,0.0111604,0.0841606,0.0556952,0,0,0,0,0
28,0,0,0,0,0,0,0.0313375,0.0638376,0,0,0,0.167388,0.0155137,0.0192262,0,0,0.0164975,0,0.0322207,0.00563487,0.0242467,0.208225,0.0283683,0.00558792,0.178251,0.0416749,0.0292069,0.0281998,0.0284369,0.0222573,0.00509216,0.00767908,0.00623556,0.014619,0.123441,0.0268089,0.0196876,0.0035759,0.0236201,0.00891456,0.0299499,0.1274,0.0472932,0,0,0.0273572,0,0.00849032,0.0135704,0.0649676,0.0376584,0.0115064,0.179341,0.0255891,0.0171851,0.0249886,0.00685433,0.0122363,0.0169172,0.0319672,0.0178867,0.0184054,0.0483438,0.0293108,0.00989255,0.0109926,0.0845645,0.055641,0,0,0,0,0
29,0,0,0,0,0,0,0.0313682,0.0640534,0,0,0,0.166335,0.0155586,0.0179545,0,0,0.0167815,0,0.0320128,0.00566686,0.0239968,0.209071,0.0286612,0.00556251,0.178888,0.0417516,0.0294407,0.0283541,0.028536,0.0222311,0.00433699,0.0067792,0.00612342,0.0141369,0.121814,0.0269846,0.0196359,0.00382444,0.0181184,0.00892318,0.0280635,0.125963,0.047351,0,0,0.0273658,0,0.0085258,0.0134156,0.0644716,0.0358244,0.0107841,0.179141,0.0255454,0.0174605,0.0240358,0.00899391,0.0133737,0.0195299,0.0346267,0.0209795,0.0213298,0.0447586,0.0291599,0.00984112,0.0109235,0.0849935,0.0555931,0,0,0,0,0
30,0,0,0,0,0,0,0.031276,0.0642348,0,0,0,0.165512,0.0155549,0.0170186,0,0,0.0168485,0,0.0319371,0.00559126,0.0237741,0.209716,0.0287978,0.00553521,0.178962,0.0418808,0.0296377,0.0284739,0.0285847,0.0220812,0.00349417,0.0061464,0.00601705,0.0137743,0.12041,0.0271881,0.0196065,0.00391657,0.0131822,0.00892241,0.027119,0.124766,0.0473105,0,0,0.0274539,0,0.00853335,0.0132989,0.0639416,0.0352795,0.0139891,0.178618,0.025499,0.0183707,0.0231625,0.0109317,0.0151923,0.0222139,0.0363531,0.0235665,0.0244831,0.0420018,0.0290449,0.00977935,0.0108413,0.0851065,0.0555714,0,0,0,0,0
31,0,0,0,0,0,0,0.0309391,0.0643357,0,0,0,0.164632,0.0155227,0.0161295,0,0,0.0170476,0,0.0319049,0.00557361,0.0231361,0.210432,0.0292468,0.00558125,0.177898,0.042238,0.0301302,0.0287971,0.0288142,0.0219529,0.00303565,0.00553569,0.00595067,0.0133909,0.118898,0.0275307,0.0195974,0.0036017,0.0107563,0.00886928,0.0270545,0.122884,0.0469462,0,0,0.0276393,0,0.00849452,0.0133962,0.0633182,0.0350726,0.0165489,0.177089,0.0255184,0.0193121,0.0222875,0.012301,0.0168443,0.0236509,0.0373092,0.0249111,0.0260662,0.0412424,0.0290894,0.00978738,0.010845,0.0850004,0.0552113,0,0,0,0,0
32,0,0,0,0,0,0,0.0305634,0.064316,0,0,0,0.163847,0.0154949,0.0154952,0,0,0.0173307,0,0.0318866,0.00562899,0.0225743,0.21097,0.0297807,0.00540317,0.176507,0.0426937,0.030552,0.0291783,0.0289084,0.0217556,0.00262672,0.00539418,0.00595107,0.0130416,0.117611,0.0278856,0.0195898,0.00339353,0.0110359,0.00878326,0.02718,0.121396,0.0465316,0,0,0.027875,0,0.00842401,0.0135543,0.0629102,0.0343361,0.0160025,0.175672,0.0255975,0.0200221,0.0216082,0.0128697,0.0177841,0.0233071,0.037539,0.0248674,0.0254724,0.0422978,0.029299,0.00980119,0.0108495,0.0848193,0.054789,0,0,0,0,0
33,0,0,0,0,0,0,0.022961,0.0590958,0,0,0,0.159428,0.0155489,0.011454,0,0,0.0174301,0,0.0317255,0.00596865,0.019925,0.215108,0.0291093,0.00686644,0.159154,0.0408935,0.0313497,0.029865,0.0285537,0.0202186,0.00360991,0.00264301,0.00602725,0.0110027,0.11104,0.0272095,0.019487,0.00350429,0.019027,0.00821494,0.0318484,0.111954,0.0342176,0,0,0.0339751,0,0.00856307,0.0165622,0.060202,0.0392301,0.0125221,0.139509,0.0248681,0.0190586,0.0208498,0.0147706,0.0174,0.0245339,0.0400657,0.0258312,0.0262967,0.0472483,0.0320676,0.0109429,0.0117443,0.0759006,0.0438075,0,0,0,0.0402911,0
34,0,0,0,0,0,0,0.0228994,0.0589866,0,0,0,0.158743,0.0156194,0.0110392,0,0,0.0174641,0,0.0315607,0.00601695,0.0198439,0.215281,0.0291269,0.00660907,0.158793,0.0408989,0.0315091,0.0301493,0.0285291,0.0200156,0.00382216,0.00290749,0.00604068,0.0107604,0.109954,0.0273834,0.0194461,0.003538,0.0227739,0.00834487,0.032096,0.111281,0.0343668,0,0,0.0340442,0,0.00857385,0.0163661,0.0600505,0.0386003,0.0137277,0.139201,0.0245703,0.0186861,0.0207956,0.0147227,0.0176142,0.0223413,0.0381393,0.0233147,0.0232338,0.0499256,0.0320105,0.010638,0.0115275,0.0756355,0.0437542,0,0,0,0.0401657,0
35,0,0,0,0,0,0,0.0230563,0.0588365,0,0,0,0.157804,0.0156817,0.0107226,0,0,0.017599,0,0.0312957,0.00603592,0.0196189,0.215743,0.0290724,0.00647319,0.158668,0.0408599,0.0317349,0.0305161,0.0285562,0.0198308,0.00419411,0.0033813,0.00613963,0.0104533,0.10857,0.0275428,0.0193488,0.00348144,0.0275138,0.00841994,0.0328804,0.111103,0.0346402,0,0,0.033775,0,0.0085593,0.0161031,0.0597695,0.0399953,0.016997,0.139075,0.0243039,0.0184881,0.0212522,0.0142277,0.0175755,0.0204978,0.0354239,0.0204115,0.0207912,0.0528709,0.0318316,0.0104481,0.0114107,0.0753846,0.043753,0,0,0,0.0399993,0
36,0,0,0,0,0,0,0.0228965,0.0586253,0,0,0,0.156419,0.0156548,0.0103281,0,0,0.0177899,0,0.0312051,0.00600707,0.0194162,0.216629,0.0290419,0.0063799,0.157104,0.0409137,0.0317344,0.030669,0.0282804,0.0193769,0.00476106,0.00404319,0.00635699,0.00998157,0.10666,0.0276128,0.0192817,0.00340422,0.0328245,0.00841981,0.0344612,0.110079,0.0343238,0,0,0.0338063,0,0.00854618,0.0160714,0.0590138,0.0434099,0.0203217,0.137624,0.0243213,0.0186598,0.0223771,0.0131599,0.0172827,0.0200218,0.0328183,0.0180254,0.0201314,0.0563091,0.0318692,0.0103617,0.0113285,0.0750293,0.0431217,0,0,0,0.0394459,0.0756334
37,0,0,0,0,0,0,0.0230166,0.0585125,0,0,0,0.155254,0.0157087,0.0103152,0,0,0.0178257,0,0.0311896,0.00587904,0.0191532,0.217255,0.0290712,0.00604215,0.155814,0.0411442,0.0317927,0.0307748,0.0281763,0.0189847,0.00523025,0.00454058,0.00661533,0.00969224,0.10493,0.027738,0.0192893,0.00332606,0.0374807,0.00869628,0.037589,0.109775,0.0343472,0,0,0.0337657,0,0.00836413,0.0161871,0.0584971,0.0469189,0.023213,0.137122,0.0245154,0.0193706,0.0236997,0.0118991,0.0169259,0.02095,0.0309883,0.0166825,0.0210024,0.0604136,0.0319239,0.0106208,0,0.0749176,0.0426586,0,0,0,0.0399615,0.0758255
38,0,0,0,0,0,0,0.0228886,0.0583518,0,0,0,0.154081,0.0157314,0.0105423,0,0,0.0178454,0,0.0311496,0.00587889,0.0189814,0.217841,0.0291021,0.00526871,0.154808,0.0414829,0.0317437,0.030726,0.027986,0.0186095,0.0057395,0.0051431,0.00690364,0.00950717,0.103284,0.0279334,0.0193151,0.00337315,0.0401294,0.00850526,0.0411603,0.109995,0.0343321,0,0,0.0335139,0,0.00849899,0.0159006,0.0578247,0.0491123,0.0265126,0.137042,0.0244704,0.0197216,0.0245529,0.011352,0.0165997,0.0225918,0.0304276,0.0163412,0.0226394,0.0634385,0.0317075,0.010307,0.0104998,0.0747916,0.042067,0,0,0,0.0407128,0.0761179
39,0,0,0,0,0,0,0.0229887,0.0580991,0,0,0,0.152847,0.0157644,0.0109534,0,0,0.017865,0,0.0310905,0.00587963,0.0190258,0.21812,0.0289725,0.00456468,0.15467,0.0417461,0.031593,0.0306294,0.0275588,0.0182517,0.00632252,0.00591993,0.00718603,0.00943025,0.101584,0.0280459,0.019296,0.00335152,0.0400121,0.008528,0.0427218,0.110354,0.0345117,0,0,0.033414,0,0.00847791,0.0158618,0.0570483,0.0494922,0.030115,0.137418,0.0244898,0.0193324,0.0243019,0.0120543,0.0168545,0.0233009,0.0306389,0.0164072,0.0233014,0.0637232,0.0316217,0.0102638,0.0103205,0.0746576,0.0418084,0,0,0,0.0414168,0.0761518
40,0,0,0,0,0,0,0.0231846,0.0577636,0,0,0,0.151781,0.0158021,0.0112202,0,0,0.01769,0,0.0309736,0.00585279,0.0192961,0.217854,0.028759,0.00346697,0.154965,0.0418632,0.0314896,0.0306425,0.0268928,0.0180031,0.00683224,0.00679654,0.00743584,0.00952023,0.0998924,0.028025,0.0192531,0.00329288,0.0373577,0.00853376,0.0412463,0.110848,0.0346752,0,0,0.0333034,0,0.0084647,0.0158319,0.0566466,0.0488208,0.0319961,0.138141,0.0245142,0.0184669,0.022967,0.0139611,0.0182132,0.0223924,0.0310116,0.0167712,0.022409,0.0611285,0.0316554,0.0101107,0.0102949,0.0744272,0.0416615,0,0,0,0.042092,0.076057
41,0,0,0,0,0,0,0.0232558,0.0573816,0,0,0,0.151072,0.0157994,0.0114324,0,0,0.017637,0,0.0309007,0.00584456,0.0197121,0.21693,0.0285191,0.00235388,0.1545,0.0419916,0.031504,0.0308919,0.0261573,0.0179419,0.0072387,0.0078202,0.00767065,0.00982291,0.0984399,0.0280707,0.0192038,0.00330452,0.0333875,0.00850904,0.0381397,0.110917,0.0345431,0,0,0.0332844,0,0.00846138,0.0158221,0.057033,0.0482768,0.0302333,0.138711,0.0245908,0.017846,0.0210978,0.0164821,0.0201529,0.0208228,0.0313066,0.0174568,0.0209767,0.057293,0.031775,0.0101031,0.0103517,0.0740564,0.0413069,0,0,0,0.0428277,0.0761698
42,0,0,0,0,0,0,0.023315,0.0570268,0,0,0,0.150703,0.0157612,0.0114159,0,0,0.0176164,0,0.0308511,0.00568485,0.0201618,0.215453,0.0281391,0.00299174,0.153884,0.0419931,0.031632,0.0314982,0.0254509,0.017975,0.00768479,0.00898902,0.00781504,0.0103447,0.0970581,0.0280054,0.0191635,0.00340292,0.0299799,0.00846535,0.0356925,0.110729,0.0343782,0,0,0.0332853,0,0.00845536,0.01586,0.0576209,0.0485725,0.0256981,0.138958,0.0246005,0.0173259,0.0193489,0.0186812,0.0216263,0.0197153,0.0315611,0.0182524,0.0201938,0.0543826,0.0318609,0.0102072,0.0104437,0.0735298,0.0409869,0,0,0,0.043289,0.0763227
43,0,0,0,0,0,0,0.023516,0.0567339,0,0,0,0.150758,0.015752,0.01139,0,0,0.0173712,0,0.0307994,0.00550013,0.0206702,0.21325,0.0276729,0.00505277,0.15391,0.0418115,0.0316761,0.0322232,0.024731,0.0179911,0.00823894,0.0106107,0.00802053,0.011133,0.0957394,0.027744,0.0191355,0.00356684,0.0282879,0.00839206,0.0347857,0.110597,0.0344208,0,0,0.0332497,0,0.00842806,0.015901,0.057663,0.0487631,0.0224762,0.139055,0.0245107,0.0167383,0.0182616,0.0197148,0.0220867,0.0191758,0.0315073,0.0185321,0.0197622,0.0534856,0.0319252,0.0103033,0.0104719,0.0730744,0.0408033,0,0,0,0.0434247,0.0766261
44,0,0,0,0,0,0,0.0238561,0.0567399,0,0,0,0.151627,0.015711,0.0119541,0,0,0.0169697,0,0.0307431,0.00542095,0.0212755,0.210502,0.0272862,0.00790066,0.15488,0.0415999,0.03168,0.0329639,0.0240037,0.0180558,0.00905458,0.0130504,0.00839155,0.0121512,0.0948847,0.0275372,0.019111,0.00372171,0.0283995,0.00826994,0.0346695,0.110682,0.0347198,0,0,0.0331605,0,0.00835382,0.0159395,0.0569645,0.0476818,0.0226917,0.139376,0.0243699,0.0163861,0.0178804,0.0192465,0.0216948,0.0186107,0.0308558,0.0178685,0.0188882,0.0543768,0.03197,0.0103473,0.0105009,0.0730245,0.0408901,0,0,0,0.0434029,0.0771917
45,0,0,0,0,0,0,0.0241542,0.0569674,0,0,0,0.153264,0.0156058,0.0135264,0,0,0.0166393,0,0.0307468,0.00540895,0.022019,0.207637,0.0271915,0.0112444,0.156111,0.0414304,0.0315332,0.0339108,0.0233232,0.018274,0.0103808,0.0163847,0.00893943,0.013377,0.0950401,0.0274732,0.0191125,0.00372378,0.0296584,0.00811677,0.0346917,0.11066,0.0350825,0,0,0.033178,0,0.00825863,0.0160898,0.0559874,0.0452148,0.0251825,0.139841,0.0242853,0.0165762,0.0181828,0.0184397,0.0214164,0.0179602,0.0294647,0.016637,0.0178455,0.0560286,0.0321464,0.0103913,0.0105608,0.0734697,0.0411323,0,0,0,0.0434606,0.0780963
46,0,0,0,0,0,0,0.0244159,0.0572715,0,0,0,0.15585,0.0154986,0.0161661,0,0,0.0164305,0,0.0307644,0.00536371,0.0229538,0.204864,0.0273305,0.0146636,0.157674,0.0412312,0.0309541,0.0349184,0.0229085,0.0187763,0.0120913,0.0198906,0.00944445,0.0147597,0.0965388,0.0273476,0.0191359,0.00372736,0.0300911,0.00807009,0.0339487,0.11039,0.0355778,0,0,0.0333832,0,0.00824231,0.0162866,0.0553261,0.0423642,0.0271669,0.140572,0.0241525,0.0170609,0.0188689,0.0181091,0.0217488,0.0173194,0.0277934,0.0157782,0.0172785,0.0566061,0.0323518,0.0105899,0.010734,0.0743435,0.0416137,0,0,0,0.0432145,0.0789729
47,0,0,0,0,0,0,0.0244224,0.0575297,0,0,0,0.159266,0.0153954,0.0193896,0,0,0.0163436,0,0.0307966,0.00528783,0.023966,0.201745,0.0276681,0.0174586,0.158659,0.0410748,0.0302824,0.0357855,0.0228354,0.0195956,0.0137937,0.0229864,0.00980099,0.0162324,0.0996345,0.0272728,0.0191727,0.00388194,0.0291359,0.00791999,0.0324718,0.10962,0.0358805,0,0,0.0336707,0,0.00820824,0.0165634,0.0552736,0.0397374,0.0271443,0.140963,0.0241048,0.0174883,0.0193147,0.0182663,0.0224389,0.016543,0.0263138,0.0154785,0.016853,0.0558469,0.0325233,0.0108314,0.0109211,0.0753881,0.0419426,0,0,0,0.0428937,0.0797099
48,0,0,0,0,0,0,0.0243099,0.0577054,0,0,0,0.16266,0.0152631,0.0224004,0,0,0.0162749,0,0.0308379,0.00525838,0.0248915,0.19961,0.0280819,0.0199775,0.159436,0.0408976,0.029728,0.0360906,0.0229755,0.0206963,0.0149799,0.025157,0.0100278,0.0176813,0.104414,0.0271776,0.0191964,0.00400845,0.027759,0.00769722,0.0310089,0.108941,0.0360946,0,0,0.033887,0,0.00808682,0.0168661,0.0554428,0.0376387,0.0258279,0.140981,0.0240975,0.0176927,0.0194469,0.0185114,0.0228591,0.0157589,0.0251246,0.0153591,0.016373,0.0548794,0.0325942,0.0110204,0.0110611,0.0763584,0.0421131,0,0,0,0.0423959,0.0802604
49,0,0,0,0,0,0,0.0240862,0.0580175,0,0,0,0.165049,0.0151271,0.0243716,0,0,0.0160045,0,0.030829,0.00524948,0.0255844,0.198929,0.0285137,0.022642,0.16006,0.040701,0.0292164,0.0357909,0.0232407,0.0218408,0.0157676,0.0268156,0.010042,0.0189608,0.111442,0.0269663,0.0192157,0.00399187,0.0269479,0.0075859,0.0301847,0.108553,0.0361677,0,0,0.0340884,0,0.00800487,0.0170699,0.0553761,0.0361172,0.0243976,0.14069,0.0239717,0.0177045,0.0196026,0.0184679,0.0228743,0.0152087,0.0241141,0.0153337,0.0161145,0.0547121,0.0325772,0.0111307,0.0111342,0.0771076,0.0421886,0,0,0,0.0417698,0.08067
50,0,0,0,0,0,0,0.0237448,0.0583106,0,0,0,0.165256,0.015031,0.0246864,0,0,0.0156718,0,0.03081,0.00526123,0.0259543,0.199761,0.0288606,0.0250759,0.160354,0.0404369,0.0287397,0.035337,0.023549,0.0228299,0.0167018,0.0282171,0.0101299,0.0200156,0.121044,0.0266554,0.0192423,0.00378557,0.027191,0.00756271,0.0301565,0.108177,0.0360295,0,0,0.0343883,0,0.00800959,0.0172103,0.0552077,0.0351295,0.0234404,0.139923,0.0237945,0.0176516,0.0200204,0.0180169,0.0224504,0.0150004,0.0232937,0.015393,0.0162809,0.0555428,0.032556,0.0112388,0.0112299,0.0775266,0.0421176,0,0,0,0.0411412,0.0809595
51,0,0,0,0,0,0,0.0233004,0.0582956,0,0,0,0.163537,0.014987,0.0232883,0,0,0.0153843,0,0.030794,0.0053029,0.0261358,0.201317,0.0290096,0.0274606,0.160522,0.0402293,0.0281601,0.0345997,0.0237092,0.0238005,0.0174671,0.0288908,0.0101426,0.0207319,0.133193,0.0263497,0.0192584,0.00384692,0.0281103,0.00759121,0.0305473,0.108297,0.0357337,0,0,0.034702,0,0.00804384,0.0173505,0.0551424,0.0344136,0.0231607,0.139021,0.0235566,0.0174488,0.0206434,0.0172558,0.0217063,0.0151068,0.0226445,0.0154375,0.016771,0.0567964,0.0324329,0.0113665,0.0113518,0.0776537,0.0419619,0,0,0,0.0407186,0.0811668
52,0,0,0,0,0,0,0.0228433,0.0583297,0,0,0,0.161881,0.0149125,0.0202334,0,0,0.0151661,0,0.0307587,0.00530007,0.0262287,0.202376,0.0289662,0.0292849,0.160773,0.0401303,0.0274956,0.0337326,0.0237393,0.0248771,0.0177065,0.0281779,0.00984142,0.021109,0.143252,0.0260298,0.0192519,0.00411899,0.029401,0.00743074,0.031128,0.109044,0.0353101,0,0,0.0349275,0,0.00798385,0.0174232,0.05539,0.0337753,0.0235483,0.138239,0.0233839,0.0172904,0.0212549,0.0165221,0.0211142,0.0153956,0.0221594,0.015396,0.017289,0.0581337,0.0322958,0.0114981,0.0114213,0.0775521,0.0418438,0,0,0,0.0406416,0.0811973
53,0,0,0,0,0,0,0.0223809,0.058409,0,0,0,0.161125,0.0148513,0.0169762,0,0,0.0150252,0,0.0307923,0.00527083,0.0262443,0.202401,0.0288315,0.0303194,0.16059,0.0402095,0.0269243,0.0329706,0.0239658,0.025931,0.0171923,0.0262757,0.00922616,0.0210247,0.145523,0.0257009,0.019282,0.00413047,0.0305257,0.00749446,0.0315897,0.110134,0.0347303,0,0,0.0354121,0,0.00804327,0.0176179,0.055879,0.0331486,0.02417,0.137315,0.0232515,0.0174689,0.0217399,0.0162372,0.0210665,0.0155247,0.021899,0.015207,0.0174474,0.0592936,0.0323496,0.0115492,0.0115416,0.077156,0.0417171,0,0,0,0.0409592,0.0810805
54,0,0,0,0,0,0,0.021977,0.0584433,0,0,0,0.161199,0.0148101,0.0147665,0,0,0.0148512,0,0.0308267,0.00524556,0.0261933,0.202028,0.0284855,0.0308569,0.160071,0.0403512,0.0265903,0.0324872,0.0247257,0.026842,0.0159808,0.024374,0.00827575,0.0206152,0.143188,0.0254759,0.0193295,0.00423056,0.031286,0.00773581,0.0318679,0.111514,0.0341545,0,0,0.0358804,0,0.00822029,0.0178468,0.0563357,0.0324821,0.0248233,0.136351,0.0230969,0.0179915,0.0220278,0.0163703,0.0215408,0.0153691,0.0217548,0.0149062,0.0172373,0.0602132,0.0324735,0.0115555,0.0117477,0.0765541,0.0417267,0,0,0,0.041616,0.0808552
55,0,0,0,0,0,0,0.0216636,0.0584467,0,0,0,0.16151,0.0147685,0.0144098,0,0,0.0146671,0,0.0308824,0.00526561,0.02614,0.202034,0.0281166,0.0313571,0.159368,0.0404905,0.0264586,0.0321318,0.0256438,0.0276486,0.0148948,0.0226752,0.00716957,0.0201479,0.140754,0.0253724,0.0193841,0.0044416,0.0316358,0.00778715,0.0319671,0.112864,0.0335925,0,0,0.0362088,0,0.00831091,0.0179318,0.0564225,0.031894,0.0253952,0.135329,0.0230418,0.0186236,0.0221078,0.0167038,0.0221943,0.0150442,0.0216819,0.0146541,0.0168818,0.0608231,0.0326342,0.011681,0.0119558,0.0758564,0.0418175,0,0,0,0.0425228,0.0806758
56,0,0,0,0,0,0,0.021345,0.0584488,0,0,0,0.161468,0.014736,0.0142434,0,0,0.0146106,0,0.0309256,0.00540068,0.0260718,0.202825,0.0277988,0.0319061,0.158612,0.0407157,0.0264839,0.0317731,0.0264162,0.028458,0.0140144,0.0215531,0.00654056,0.0196593,0.139128,0.025318,0.0194312,0.00456393,0.0318949,0.00774157,0.0320846,0.113855,0.0330171,0,0,0.03652,0,0.00834164,0.0179963,0.0560711,0.0313211,0.0257808,0.13424,0.0230907,0.0191068,0.022072,0.0170182,0.0226286,0.0147882,0.0216285,0.0144161,0.0165962,0.0613157,0.0328344,0.0118539,0.0121196,0.0752411,0.0418607,0,0,0,0.0436378,0.0805469
57,0,0,0,0,0,0,0.0209928,0.0585405,0,0,0,0.160901,0.0147131,0.0130644,0,0,0.0146886,0,0.0309784,0.00562108,0.0259133,0.204223,0.0275232,0.0325435,0.157886,0.0410668,0.026633,0.0313554,0.0270353,0.0292035,0.0136001,0.020877,0.00623611,0.0190789,0.137323,0.0253687,0.0194774,0.00482065,0.0325702,0.00770987,0.0324846,0.114293,0.0324878,0,0,0.0368937,0,0.00836536,0.0181678,0.0555575,0.0305837,0.0259648,0.133262,0.0232338,0.0192949,0.0220418,0.0171679,0.0226498,0.0148292,0.0215875,0.014244,0.016546,0.0620468,0.033088,0.0120085,0.0122349,0.0747978,0.0418582,0,0,0,0.0448069,0.0799717
58,0,0,0,0,0,0,0.0209114,0.0589328,0,0,0,0.160354,0.0146885,0.0112329,0,0,0.0149678,0,0.0310591,0.00586187,0.0252412,0.205444,0.0271931,0.033366,0.157323,0.0416706,0.0269932,0.0309296,0.0276499,0.0298332,0.0131643,0.0203524,0.00574805,0.0183652,0.134779,0.0256258,0.0195457,0.0050783,0.0337647,0.007729,0.0330677,0.114404,0.0324754,0,0,0.0370389,0,0.00840696,0.0182735,0.0558577,0.0303298,0.0259341,0.133084,0.0234426,0.0195136,0.0219127,0.0172191,0.0225301,0.0146225,0.0216797,0.0140514,0.016447,0.063338,0.0332663,0.0120098,0.0122468,0.0747188,0.0421009,0,0,0,0.0464618,0
59,0,0,0,0,0,0,0.0206744,0.0592366,0,0,0,0.160603,0.0147148,0.0102138,0,0,0.0152581,0,0.0311955,0.00612206,0.0249383,0.206199,0.0267934,0.0336656,0.157002,0.0422198,0.0272487,0.0304345,0.0279269,0.0304668,0.0121286,0.0192914,0.00504771,0.0175103,0.132672,0.0257761,0.0196151,0.00518752,0.0350005,0.00775889,0.0337395,0.114104,0.0322114,0,0,0.0372741,0,0.00847412,0.0185342,0.0561505,0.0306007,0.0260044,0.132621,0.0236956,0.0195042,0.0218756,0.0171254,0.0223139,0.0146802,0.0217786,0.013977,0.0166277,0.064578,0.0334867,0.012027,0.0122786,0.0747539,0.041994,0,0,0,0.0467168,0
60,0,0,0,0,0,0,0.0206088,0.0595708,0,0,0,0.161524,0.0147091,0.0104952,0,0,0.0155182,0,0.0312781,0.00639369,0.0246118,0.206272,0.0265305,0.0332839,0.157008,0.042706,0.0276868,0.0299942,0.0280668,0.0311713,0.0112318,0.0179725,0.00415049,0.0167307,0.131656,0.0258821,0.0196764,0.00501014,0.0361992,0.0078216,0.0342846,0.113651,0.0320122,0,0,0.0374717,0,0.00853054,0.0188571,0.0564787,0.0305209,0.0260376,0.132397,0.0239827,0.0193479,0.0218443,0.0170117,0.0220354,0.0147953,0.0217291,0.0140223,0.0167928,0.0659592,0.0336995,0.0120032,0.012277,0.0749696,0.0418189,0,0,0,0.0464973,0
61,0,0,0,0,0,0,0.0206582,0.0600219,0,0,0,0.162041,0.0147435,0.0111011,0,0,0.0157796,0,0.031309,0.00666266,0.0243291,0.20653,0.0264164,0.032481,0.157521,0.0431303,0.0282513,0.0296964,0.0284019,0.0319354,0.0106871,0.0167048,0.0031851,0.0160415,0.130745,0.0259956,0.0197191,0.00474538,0.037318,0.00783286,0.0346697,0.113338,0.0319674,0,0,0.0376214,0,0.0085522,0.0188876,0.0568403,0.0299805,0.025973,0.13257,0.0242008,0.0190525,0.021799,0.0170082,0.0217413,0.0147834,0.0216225,0.0139995,0.0167845,0.0673626,0.0338816,0.0120028,0.0122665,0.075391,0.041628,0,0,0,0.0458681,0
62,0,0,0,0,0,0,0.0207986,0.0609408,0,0,0,0.161197,0.0148013,0.0128427,0,0,0.0159792,0,0.0313672,0.00683424,0.0241906,0.206898,0.0260458,0.0340503,0.160116,0.0433512,0.0287052,0.0320815,0.0304029,0.0341438,0.0134247,0.0188596,0.00337329,0.0158665,0.131361,0.0260181,0.0197544,0.00482874,0.0386077,0.00786208,0.0350617,0.115053,0.0322117,0,0,0.0377359,0,0.00859893,0.0191741,0.0579177,0.0296038,0.0258835,0.134593,0.0243941,0.0192075,0.0219102,0.0171393,0.0214465,0.0149253,0.0214201,0.0141059,0.016901,0.0687811,0.0341069,0.0120276,0.0122754,0.0765078,0.0416777,0,0,0,0.0451524,0
63,0,0,0,0,0,0,0.0209836,0.061245,0,0,0,0.160046,0.0148464,0.0109306,0,0,0.0160745,0,0.0313687,0.00690038,0.0238601,0.20852,0.0266131,0.0308992,0.161174,0.0433816,0.0293943,0.0294957,0.0291148,0.0335801,0.0102961,0.0143919,0.00166865,0.0148783,0.128611,0.0259686,0.0197455,0.00513711,0.039302,0.00787052,0.0348639,0.114104,0.0323958,0,0,0.0375188,0,0.00863826,0.0194154,0.0574239,0.0288631,0.025538,0.134668,0.0244795,0.0188331,0.0215852,0.0172472,0.0212885,0.0144373,0.0214073,0.0137244,0.0163519,0.0695517,0.0342566,0.012028,0.0122756,0.0769815,0.0416091,0,0,0,0.0434853,0
64,0,0,0,0,0,0,0.0209908,0.0617784,0,0,0,0.158676,0.0148386,0.0112394,0,0,0.0162957,0,0.0314214,0.00710143,0.0235715,0.209082,0.0268379,0.0297247,0.162546,0.0434848,0.0300476,0.0294769,0.029425,0.0342194,0.0098763,0.0130176,0.00174836,0.0143968,0.127851,0.0260024,0.0197585,0.00527356,0.0398937,0.00782674,0.0346942,0.114039,0.0325106,0,0,0.0377766,0,0.00862169,0.0195953,0.0574905,0.0282505,0.0252718,0.135141,0.024739,0.0188247,0.0215157,0.0172408,0.0211635,0.0139901,0.0212525,0.0134876,0.0160221,0.0704488,0.0344326,0.0121189,0.0122812,0.0777612,0.0414724,0,0,0,0.0423197,0
65,0,0,0,0,0,0,0.0210828,0.0622305,0,0,0,0.157286,0.0148481,0.0119155,0,0,0.0164658,0,0.0314761,0.00724538,0.0233895,0.209739,0.0270897,0.0283488,0.163801,0.0435656,0.030604,0.029513,0.0296836,0.0347317,0.0096118,0.0120696,0.00248635,0.0141486,0.127347,0.02604,0.019777,0.00513598,0.0406882,0.0078118,0.0347068,0.114222,0.0327327,0,0,0.0376535,0,0.00866496,0.0196673,0.0574809,0.0278771,0.0252252,0.135656,0.024942,0.0187132,0.0216091,0.0171695,0.0210728,0.0138097,0.0210433,0.0133174,0.0159013,0.0714877,0.0346579,0.0121351,0.0122785,0.0786062,0.041384,0,0,0,0.0413526,0
66,0,0,0,0,0,0,0.0211745,0.0626621,0,0,0,0.156714,0.0149009,0.0119874,0,0,0.0166234,0,0.0315196,0.00728836,0.0232371,0.209708,0.0272979,0.0267367,0.165006,0.0436431,0.0311508,0.0296144,0.0300192,0.0351527,0.00935308,0.0116249,0.00333247,0.0143137,0.127368,0.0261293,0.0197758,0.00505794,0.0416994,0.00788157,0.0350062,0.11445,0.0328574,0,0,0.0378435,0,0.00872097,0.0194773,0.057403,0.0279126,0.025278,0.136168,0.0250768,0.018468,0.0217662,0.0170441,0.020977,0.0136871,0.0209076,0.0131997,0.0159833,0.0726286,0.0347869,0.01214,0.0122773,0.079544,0.0414079,0,0,0,0.0404896,0
67,0,0,0,0,0,0,0.021212,0.0630353,0,0,0,0.157496,0.0149576,0.0112426,0,0,0.016795,0,0.0315309,0.0072708,0.023082,0.208658,0.027477,0.0251257,0.16597,0.0436666,0.0317175,0.0297494,0.0303436,0.035547,0.0091359,0.0117812,0.00399214,0.0150115,0.128606,0.0262427,0.0197546,0.0051414,0.0426775,0.00792921,0.0354635,0.114673,0.0328729,0,0,0.0383171,0,0.00872315,0.0193692,0.0571064,0.0283088,0.0255602,0.136519,0.0251725,0.0183397,0.0219486,0.016919,0.0209054,0.0138415,0.0208043,0.0131267,0.0161941,0.0736199,0.0347947,0.0122346,0.0123111,0.0805065,0.0415194,0,0,0,0.0397992,0
68,0,0,0,0,0,0,0.0212469,0.063319,0,0,0,0.15968,0.0149805,0.0106841,0,0,0.0169557,0,0.0315267,0.00724835,0.0230785,0.206582,0.027629,0.0236314,0.166682,0.0435685,0.0322988,0.0297445,0.0305768,0.0358623,0.00905583,0.0121081,0.00435016,0.0162159,0.130934,0.0263194,0.0197295,0.00514999,0.0435147,0.00795182,0.035924,0.114892,0.0328765,0,0,0.0385138,0,0.00873879,0.0194243,0.0567026,0.0289064,0.0260099,0.136599,0.0252633,0.0182896,0.022163,0.0166998,0.0208355,0.0141001,0.0206903,0.0129954,0.0163978,0.0744202,0.0347665,0.0122786,0.0123232,0.0813746,0.041706,0,0,0,0.0393003,0
69,0,0,0,0,0,0,0.0212142,0.0635251,0,0,0,0.16311,0.01501,0.0115782,0,0,0.0171063,0,0.0314862,0.00726051,0.0231967,0.203499,0.0277397,0.0224071,0.167192,0.0434247,0.0327523,0.0296769,0.0306097,0.036131,0.00927327,0.0127538,0.00437384,0.0177469,0.133981,0.0264115,0.0196972,0.00510141,0.0442201,0.00796752,0.0362618,0.115111,0.0328404,0,0,0.0385737,0,0.00877154,0.0194972,0.0562951,0.0293901,0.0264448,0.136408,0.0253517,0.0182382,0.0224031,0.016523,0.0207791,0.0141593,0.0205644,0.0128515,0.0165546,0.0752093,0.0347227,0.0122703,0.0123012,0.0820939,0.0419549,0,0,0,0.0390228,0
70,0,0,0,0,0,0,0.0211306,0.063699,0,0,0,0.167055,0.0150186,0.0141416,0,0,0.0172331,0,0.0314951,0.00727618,0.0234476,0.199781,0.0278229,0.0213391,0.16745,0.0432394,0.0329367,0.0297471,0.030509,0.03634,0.00979898,0.0137717,0.00408842,0.0193976,0.137556,0.0264797,0.0196831,0.00500903,0.0446282,0.00797358,0.0364098,0.115233,0.0326824,0,0,0.0387137,0,0.00880545,0.0195592,0.0560526,0.0296982,0.0265967,0.136004,0.0255021,0.0181201,0.0225983,0.016395,0.0207153,0.0141601,0.0204438,0.0127694,0.0166435,0.0757154,0.0347523,0.0122757,0.0122932,0.0826391,0.0422165,0,0,0,0.0390502,0
71,0,0,0,0,0,0,0.0209747,0.0638356,0,0,0,0.170737,0.0150358,0.017312,0,0,0.0174243,0,0.0315013,0.00737312,0.0238021,0.196222,0.0278456,0.0204545,0.167435,0.0431262,0.0327785,0.0297079,0.0303713,0.0364916,0.0106208,0.0152601,0.0036554,0.0209686,0.141271,0.0265585,0.019687,0.00510819,0.044626,0.00796695,0.036382,0.115329,0.0323592,0,0,0.0389389,0,0.00883903,0.0196387,0.0559433,0.0298671,0.026651,0.135457,0.0256966,0.0179655,0.0227511,0.0163544,0.0206752,0.0141964,0.0202988,0.0127445,0.0166983,0.0757475,0.0348225,0.0123373,0.0123129,0.0829613,0.0424422,0,0,0,0.0396293,0
72,0,0,0,0,0,0,0.020773,0.0639966,0,0,0,0.173614,0.0150519,0.0199551,0,0,0.0176226,0,0.0314761,0.00749593,0.0240949,0.193507,0.0277433,0.0194133,0.167463,0.0430164,0.0322439,0.0298455,0.0303469,0.0366648,0.0116481,0.0174549,0.0026915,0.0223908,0.145067,0.0265874,0.019695,0.00504795,0.0443582,0.0079774,0.036332,0.115625,0.0318758,0,0,0.039235,0,0.00888798,0.0197906,0.055888,0.0300304,0.0266673,0.13497,0.0259751,0.0178385,0.0228686,0.0162682,0.0206469,0.0143195,0.0201042,0.0128391,0.016825,0.0754519,0.0349617,0.0124484,0.012369,0.0831496,0.0426197,0,0,0,0.0408018,0
73,0,0,0,0,0,0,0.0206887,0.0642022,0,0,0,0.175586,0.0150826,0.021798,0,0,0.0176974,0,0.0314566,0.0074971,0.024149,0.19124,0.0275198,0.0180019,0.167972,0.0428438,0.0315503,0.0305718,0.0306091,0.0367432,0.0126974,0.0202604,0.00177564,0.0238274,0.149145,0.0265393,0.0197009,0.00472268,0.0442335,0.00805901,0.0363789,0.116636,0.0315674,0,0,0.0394691,0,0.00896246,0.0199393,0.0559904,0.0303727,0.0266395,0.135218,0.0261249,0.0178367,0.0230796,0.016207,0.0205319,0.0145436,0.0198808,0.0129908,0.0170937,0.0755423,0.0350819,0.0124983,0.0124057,0.0833127,0.0429477,0,0,0,0.0418045,0
74,0,0,0,0,0,0,0.0225647,0.0686061,0,0,0,0.175967,0.015187,0.0251309,0,0,0.0170952,0,0.0312307,0.00707737,0.0128803,0.194089,0,0.0141041,0.192627,0.0411895,0.0376435,0.0365474,0.0325662,0.0334553,0.0114701,0.0179841,0.00569941,0.0226712,0.145558,0.0257438,0.0195962,0.00443799,0.0451549,0.00807962,0.0363326,0.119852,0.0340779,0,0,0.0406984,0,0.00906633,0.0205888,0.0597113,0.0304536,0.0255715,0.143213,0.0265655,0.0184487,0.0240367,0.0155754,0.0193001,0.0150465,0.0186725,0.0139475,0.0182023,0.0772482,0.0358798,0.0128165,0.0125971,0.090078,0.0471009,0,0,0,0.0413847,0
75,0,0,0,0,0,0,0.0224993,0.0686557,0,0,0,0.176455,0.0151523,0.0261912,0,0,0.0172302,0,0.0311729,0.00705686,0.0131179,0.193768,0,0.0124665,0.192656,0.041034,0.0369062,0.0362861,0.0321143,0.03235,0.0118079,0.0180757,0.00667337,0.0229904,0.146598,0.0258413,0.0195646,0.00457944,0.0450165,0.00807633,0.0363543,0.120024,0.0338266,0,0,0.0406542,0,0.00909008,0.0205856,0.0594341,0.031085,0.0255753,0.14306,0.0265744,0.0184273,0.0242725,0.0155688,0.0193411,0.0153617,0.0184512,0.0141141,0.0184552,0.077224,0.0357963,0.0127687,0.0125629,0.0897831,0.0471525,0,0,0,0.0419467,0
76,0,0,0,0,0,0,0.0225515,0.06856,0,0,0,0.176654,0.0151221,0.0267657,0,0,0.0172629,0,0.0311062,0.00704178,0.0136091,0.193876,0,0.0109695,0.192494,0.0409339,0.0362615,0.0358118,0.0314175,0.0309547,0.0117437,0.0170459,0.00748406,0.0228152,0.146672,0.0258984,0.019536,0.00468263,0.0447167,0.00813738,0.0363667,0.119887,0.0337646,0,0,0.0405372,0,0.00913102,0.0205222,0.0590422,0.0317064,0.0255714,0.142762,0.0264963,0.0184175,0.0243632,0.0155656,0.0193622,0.0157336,0.0182176,0.0143116,0.0187014,0.0770587,0.0356167,0.0126751,0.0125053,0.0892854,0.0471617,0,0,0,0.0424857,0
77,0,0,0,0,0,0,0.0226363,0.0684317,0,0,0,0.176266,0.015139,0.0265722,0,0,0.0172417,0,0.0310347,0.00705141,0.0142592,0.194533,0,0.0100131,0.192191,0.0408705,0.0354826,0.0350583,0.0304808,0.0295072,0.0117221,0.0155373,0.00836925,0.0224207,0.14581,0.0259777,0.0195166,0.00461541,0.0444936,0.00811409,0.0363872,0.119519,0.0337591,0,0,0.0402654,0,0.00909698,0.0205368,0.0587044,0.0323774,0.0255776,0.142373,0.0264299,0.0184355,0.0244579,0.0156465,0.0194018,0.0159795,0.0180128,0.0145253,0.0189651,0.0769412,0.0353699,0.0126233,0.0123938,0.0887744,0.0470574,0,0,0,0.0429545,0
78,0,0,0,0,0,0,0.022746,0.0682398,0,0,0,0.175813,0.0151881,0.026059,0,0,0.0171376,0,0.0309585,0.00701824,0.0149679,0.195332,0,0.0101834,0.191797,0.0407754,0.0346183,0.0340303,0.0294217,0.0281689,0.0122551,0.0145064,0.00954336,0.0220849,0.144494,0.0259751,0.0195132,0.0045714,0.0443655,0.00814357,0.0364194,0.119059,0.0338624,0,0,0.0398859,0,0.00907767,0.0206707,0.0583812,0.0332188,0.0255505,0.142051,0.0262894,0.0185076,0.0245936,0.0158052,0.0196005,0.0160801,0.0178365,0.014688,0.019242,0.0768931,0.0350568,0.0125551,0.0123087,0.0882644,0.0468621,0,0,0,0.0433646,0
79,0,0,0,0,0,0,0.0207969,0.0631391,0,0,0,0.182083,0.0151537,0.0293392,0,0,0.0178621,0,0.0309751,0.00731271,0.0267988,0.187026,0.0270402,0.0095603,0.164366,0.0422303,0.0256719,0.0244546,0.0244174,0.028021,0.0131221,0.0170533,0.0079403,0.0241932,0.15692,0.0269709,0.0195413,0.00456121,0.0432732,0.00842468,0.0366184,0.116386,0.0314005,0,0,0.0375213,0,0.00907813,0.0195252,0.0540583,0.0344636,0.0267621,0.134,0.024959,0.0184524,0.0242645,0.0168042,0.0214192,0.015872,0.0185418,0.0139621,0.0187404,0.0752593,0.0331967,0.0117683,0.0118878,0.0801451,0.0423891,0,0,0,0.0455905,0
80,0,0,0,0,0,0,0.021025,0.0626876,0,0,0,0.183917,0.015208,0.0317802,0,0,0.0176123,0,0.0309307,0.00719542,0.027416,0.18632,0.0268962,0.0111617,0.163772,0.0422545,0.0243257,0.0219992,0.0233805,0.0266156,0.0143033,0.0170136,0.00965335,0.0243578,0.15677,0.0268358,0.0195074,0.00443678,0.0433158,0.00846269,0.0366032,0.115887,0.0316631,0,0,0.0372156,0,0.00907524,0.019364,0.0537018,0.0354482,0.0266792,0.133695,0.0247837,0.0186487,0.0245072,0.0169663,0.0216306,0.0159947,0.0182481,0.0141885,0.0189655,0.0755446,0.0329806,0.0117623,0.0118645,0.0795842,0.0423339,0,0,0,0.0457722,0
81,0,0,0,0,0,0,0.0212351,0.0622975,0,0,0,0.185789,0.0152407,0.034928,0,0,0.0174027,0,0.0309023,0.0070515,0.0280026,0.185632,0.0268507,0.0129472,0.163415,0.0422832,0.0233897,0.0203376,0.0225956,0.0258791,0.0159802,0.0179472,0.0114529,0.0250215,0.156649,0.0267551,0.0194859,0.00433753,0.043477,0.00849776,0.0365884,0.115452,0.0319176,0,0,0.0368656,0,0.00907441,0.0191371,0.0534881,0.0364525,0.0266041,0.133468,0.0246445,0.0188261,0.0247447,0.0171511,0.0218299,0.0160968,0.0179554,0.0144315,0.0191656,0.0760491,0.0327494,0.0117253,0.0118388,0.079248,0.0422294,0,0,0,0.0458004,0
82,0,0,0,0,0,0,0.0214359,0.0619269,0,0,0,0.187206,0.0152632,0.0376078,0,0,0.0172616,0,0.0308279,0.00691484,0.0285962,0.185002,0.0269172,0.0143329,0.163107,0.0422595,0.022819,0.0196264,0.0220263,0.0258788,0.0177693,0.0194859,0.01325,0.0258309,0.156269,0.026794,0.0194485,0.00476309,0.0436207,0.00855408,0.0365068,0.115079,0.0321913,0,0,0.0364527,0,0.00907545,0.0190274,0.0534115,0.0375587,0.0264339,0.133345,0.0244596,0.0189825,0.0249558,0.017342,0.0219616,0.0161296,0.017676,0.0146083,0.0193267,0.0766184,0.0324595,0.0116264,0.011783,0.0790117,0.0421241,0,0,0,0.045769,0
83,0,0,0,0,0,0,0.0216746,0.0615733,0,0,0,0.18763,0.0153117,0.0388263,0,0,0.0171747,0,0.0307116,0.00676502,0.0291276,0.184835,0.0270065,0.0151034,0.162921,0.0422104,0.0223645,0.019624,0.0218278,0.0264029,0.0194191,0.0210723,0.0149568,0.0264928,0.15548,0.0268526,0.0193893,0.00536513,0.0435596,0.0086738,0.036292,0.11494,0.0324865,0,0,0.0360353,0,0.00910085,0.0186808,0.0534053,0.038983,0.0264704,0.133432,0.024145,0.0191542,0.0249922,0.0176378,0.0221829,0.0162951,0.0172782,0.0148093,0.019642,0.0768052,0.0320696,0.011447,0.0117061,0.0788081,0.0420918,0,0,0,0.045676,0
84,0,0,0,0,0,0,0.0217598,0.0620633,0,0,0,0.180849,0.0154034,0.03853,0,0,0.0171137,0,0.0306275,0.0066548,0.0279499,0.194119,0.026186,0.0164558,0.165116,0.0420997,0.0206389,0.0196006,0.0199851,0.0272784,0.0204076,0.0258573,0.021485,0.0297066,0.155168,0.026861,0.0193344,0.00483745,0.0435035,0.00875996,0.0361881,0.116944,0.0325677,0,0,0.0360659,0,0.00915981,0.0187081,0.0535488,0.0399736,0.0259558,0.135921,0.0241833,0.0190563,0.0255521,0.0174514,0.0218651,0.0166885,0.0169936,0.0155334,0.020002,0.0769897,0.0320995,0.0113998,0.0117905,0.0796148,0.0421724,0,0,0,0.0454509,0
85,0,0,0,0,0,0,0.0222279,0.0611929,0,0,0,0.185901,0.0154705,0.0366695,0,0,0.0169317,0,0.0304269,0.00639062,0.0297409,0.185938,0.0271271,0.015084,0.163307,0.0420082,0.0216277,0.02038,0.0224508,0.0277891,0.0211974,0.0228644,0.0171107,0.0272938,0.153422,0.0268878,0.0192157,0.00426806,0.0437491,0.00880822,0.0356867,0.114904,0.0331479,0,0,0.0346996,0,0.0090674,0.0182766,0.0532433,0.0408315,0.0254793,0.134243,0.0235284,0.0191851,0.0254252,0.017723,0.0220806,0.0164126,0.0167765,0.0154309,0.0198727,0.077764,0.0312263,0.0110835,0.0115477,0.0786611,0.0423434,0,0,0,0.0448353,0
86,0,0,0,0,0,0,0.0225056,0.0610976,0,0,0,0.185509,0.015506,0.0358624,0,0,0.0168543,0,0.0303105,0.00620787,0.0300993,0.18594,0.0271261,0.0150367,0.163222,0.0420001,0.0215502,0.0205503,0.0229232,0.0281303,0.0212391,0.0230442,0.0173426,0.0275196,0.153846,0.0268356,0.0191644,0.00418507,0.0436739,0.00878348,0.0353687,0.114816,0.0334398,0,0,0.0341249,0,0.0089971,0.0180132,0.0532617,0.041878,0.0247398,0.134559,0.0232448,0.0193184,0.0257829,0.0178382,0.0219856,0.0165238,0.0163549,0.0155327,0.020042,0.0780808,0.0308539,0.010943,0.0114599,0.0785507,0.0425466,0,0,0,0.0443086,0
87,0,0,0,0,0,0,0.0227242,0.0610874,0,0,0,0.184787,0.0155472,0.035055,0,0,0.0167485,0,0.0302482,0.00613437,0.0302845,0.186289,0.0271082,0.0148474,0.163262,0.0420152,0.0217503,0.0204317,0.0231436,0.0282854,0.0211232,0.0229575,0.0174199,0.0276368,0.154066,0.0267832,0.0191375,0.00426346,0.043598,0.00879134,0.0350143,0.114577,0.0336081,0,0,0.0336826,0,0.00896277,0.0179155,0.0532528,0.0428576,0.0239981,0.134708,0.0230426,0.0194389,0.0261366,0.0179211,0.0218712,0.0166741,0.0159065,0.0156476,0.0203245,0.0784006,0.0305849,0.0109012,0.0114316,0.0785031,0.0427636,0,0,0,0.0439347,0
88,0,0,0,0,0,0,0.022894,0.0611275,0,0,0,0.184753,0.0155714,0.0349341,0,0,0.0166502,0,0.0301688,0.00609278,0.0302308,0.186319,0.0271063,0.0146262,0.163531,0.0420004,0.0221169,0.0203389,0.0230695,0.0283218,0.0208119,0.022691,0.0172025,0.0276715,0.154437,0.0267171,0.0191019,0.00411267,0.0433229,0.00882964,0.0345622,0.114218,0.0336485,0,0,0.0333415,0,0.00896696,0.0178228,0.0532576,0.0436461,0.0231963,0.134705,0.0228511,0.0195255,0.0264859,0.0180009,0.0217184,0.016804,0.0154241,0.0159559,0.0206199,0.0785305,0.030399,0.0108853,0.0114612,0.078546,0.0429855,0,0,0,0.0436518,0
89,0,0,0,0,0,0,0.0230303,0.0611949,0,0,0,0.185776,0.0156149,0.0358029,0,0,0.0165631,0,0.0300777,0.00605454,0.0299498,0.185498,0.0270643,0.0143103,0.163819,0.0418802,0.0225699,0.0203643,0.0228655,0.0282361,0.0201629,0.0222229,0.0165467,0.0277713,0.155654,0.0266208,0.0190407,0.00379599,0.0428682,0.00884162,0.0339956,0.113772,0.0336589,0,0,0.0331384,0,0.00896845,0.0178669,0.0533336,0.0441333,0.0223851,0.134525,0.022685,0.0195612,0.0268541,0.0180711,0.0214599,0.0169696,0.0148507,0.0163952,0.0209241,0.0785616,0.0302591,0.0109165,0.0114991,0.0786779,0.0432684,0,0,0,0.043401,0
90,0,0,0,0,0,0,0.0230731,0.0612497,0,0,0,0.186942,0.0156872,0.0366952,0,0,0.0165022,0,0.0299599,0.00594252,0.0294778,0.18421,0.0270275,0.0137738,0.163853,0.0417816,0.0231376,0.0206345,0.0228267,0.0280289,0.0194123,0.0216799,0.0155838,0.0277013,0.157204,0.0264952,0.0189749,0.00384745,0.042371,0.00871749,0.0333866,0.113302,0.0336219,0,0,0.0328963,0,0.00887554,0.0178192,0.0534685,0.0443926,0.021522,0.134018,0.0225572,0.0195433,0.0272304,0.0180947,0.0211183,0.0172017,0.0142005,0.0168899,0.0212631,0.0786227,0.030066,0.0109321,0.0114676,0.0787774,0.0435632,0,0,0,0.0431715,0
91,0,0,0,0,0,0,0.0230934,0.061311,0,0,0,0.188386,0.0157389,0.0371283,0,0,0.0165986,0,0.0299329,0.0057765,0.0289473,0.181729,0.0270563,0.0128335,0.163744,0.0418575,0.0237767,0.0211867,0.0228754,0.0276755,0.0184855,0.0211144,0.0145148,0.0276495,0.159354,0.026554,0.0189374,0.00357378,0.041979,0.00874351,0.0328186,0.112796,0.0335752,0,0,0.0327489,0,0.00887156,0.0177551,0.0536611,0.0445096,0.0205907,0.133236,0.0224076,0.0194617,0.0276252,0.0180558,0.02068,0.0175423,0.0134812,0.0174025,0.0216447,0.0788573,0.0299619,0.010887,0.0114531,0.0788545,0.0434405,0,0,0,0.0430348,0
92,0,0,0,0,0,0,0.0229388,0.0613992,0,0,0,0.190128,0.0157785,0.0372421,0,0,0.0167251,0,0.0299514,0.00565993,0.0284729,0.178257,0.0272422,0.0117377,0.163146,0.0419151,0.0247304,0.0225082,0.023323,0.0275516,0.0178638,0.0205921,0.0136038,0.0276683,0.162291,0.0267074,0.0189411,0.00349119,0.0414452,0.00876422,0.0321973,0.111476,0.0331138,0,0,0.0328656,0,0.00890608,0.017828,0.0535349,0.0445963,0.0195698,0.131358,0.0223838,0.0193148,0.0280154,0.0180066,0.0202487,0.0179032,0.0127468,0.0178743,0.0219432,0.0788474,0.0300638,0.0109381,0.0115232,0.0787299,0.0429517,0,0,0,0.0423001,0.0752195
93,0,0,0,0,0,0,0.0228933,0.0614321,0,0,0,0.191819,0.0158227,0.038576,0,0,0.0167398,0,0.0298776,0.00563952,0.0280615,0.174844,0.0273143,0.0111422,0.162354,0.0419352,0.0259587,0.0242823,0.0244146,0.0275319,0.0180163,0.0208581,0.0130306,0.0277438,0.165852,0.0268448,0.0188597,0.0033613,0.0411714,0.00866085,0.0314198,0.110353,0.032949,0,0,0.0325943,0,0.00882243,0.0177556,0.053796,0.0445032,0.0183663,0.129766,0.0222336,0.0192088,0.0284635,0.0179731,0.019723,0.0181764,0.0120265,0.0183552,0.0221826,0.0789679,0.0298316,0.0109324,0.0114809,0.0784185,0.0426858,0,0,0,0.0423781,0.0749798
94,0,0,0,0,0,0,0.0227735,0.0613723,0,0,0,0.191713,0.0158567,0.0406777,0,0,0.0168283,0,0.0298007,0.00575162,0.0278062,0.173147,0.0274052,0.0115452,0.161153,0.0419912,0.0271925,0.02599,0.0258205,0.0278138,0.019002,0.0219825,0.012868,0.0276882,0.167191,0.0270104,0.0187471,0.00331961,0.0407143,0.00866169,0.0307274,0.109168,0.032763,0,0,0.0324613,0,0.00880429,0.0177113,0.0539646,0.0443482,0.0172692,0.128107,0.0220438,0.0189996,0.0288415,0.0179393,0.0191299,0.0185287,0.0113371,0.0189372,0.0224518,0.0791123,0.0295302,0.0109261,0.011506,0.0779252,0.0424178,0,0,0,0.042577,0.0740479
95,0,0,0,0,0,0,0.0227069,0.0612681,0,0,0,0.189131,0.0158821,0.041687,0,0,0.016787,0,0.0297287,0.0057896,0.0277261,0.173857,0.027271,0.0130222,0.160268,0.0420073,0.0280093,0.0266873,0.026853,0.0282717,0.0200308,0.0232249,0.0131835,0.0274064,0.165736,0.0269836,0.0186961,0.00332846,0.0402079,0.00878331,0.0302621,0.10864,0.0326755,0,0,0.0324458,0,0.00886851,0.0176647,0.054078,0.043941,0.0163039,0.127131,0.0218158,0.0187743,0.0292871,0.0179705,0.0185264,0.0190126,0.0106887,0.0193977,0.0227377,0.0791268,0.0294504,0.0108998,0.0115766,0.0773492,0.0422207,0,0,0,0.0428077,0.073191
96,0,0,0,0,0,0,0.0226444,0.0611108,0,0,0,0.184558,0.0159036,0.0403698,0,0,0.0166934,0,0.0297413,0.00571313,0.0277055,0.176907,0.0268542,0.0147218,0.159567,0.0420471,0.0284534,0.026494,0.0273835,0.0289101,0.020185,0.0235086,0.0138702,0.0270661,0.162347,0.026892,0.0186965,0.00321057,0.0394038,0.00879219,0.0296909,0.10858,0.0326359,0,0,0.0323083,0,0.00886573,0.0175772,0.0542445,0.0430937,0.0152277,0.126508,0.0216526,0.0186362,0.029832,0.0181976,0.0179995,0.0194153,0.0100932,0.0196942,0.0228331,0.0787522,0.029642,0.0109223,0.0116335,0.076835,0.0419736,0,0,0,0.0429708,0.0726738
97,0,0,0,0,0,0,0.0227108,0.0608535,0,0,0,0.179437,0.0159608,0.0376504,0,0,0.0165073,0,0.0297146,0.00556061,0.0276454,0.18106,0.0263209,0.015189,0.158973,0.0421261,0.0284343,0.0257932,0.0274948,0.0295752,0.0195117,0.0227006,0.0145983,0.0269354,0.158303,0.0267107,0.0187059,0.00318735,0.0387749,0.00869127,0.0290942,0.10886,0.0326399,0,0,0.0320653,0,0.00878976,0.0174915,0.0544521,0.0417094,0.0140528,0.126002,0.0215417,0.0184584,0.030368,0.0185537,0.0174633,0.0198364,0.00951211,0.0200222,0.0227926,0.0784903,0.0298263,0.0109698,0.0116642,0.0764444,0.0417339,0,0,0,0.0430638,0.0725107
98,0,0,0,0,0,0,0.0229412,0.0604653,0,0,0,0.175073,0.0159983,0.0352529,0,0,0.0163125,0,0.0296679,0.00536437,0.0274858,0.185201,0.0258272,0.0142314,0.158143,0.0421087,0.0279429,0.0248803,0.027401,0.0300418,0.0188226,0.0215644,0.0152565,0.0271441,0.154392,0.0265659,0.0187096,0.0032141,0.0380498,0.00851138,0.0285076,0.10922,0.0326511,0,0,0.0318645,0,0.00865315,0.0173817,0.0546386,0.0400554,0.012767,0.12533,0.0214442,0.0182554,0.0308806,0.0190535,0.0168841,0.0202411,0.0089455,0.0203379,0.0226556,0.0783323,0.0297893,0.0110467,0.01167,0.0760081,0.0414838,0,0,0,0.0430472,0.0726539
99,0,0,0,0,0,0,0.0232098,0.0599819,0,0,0,0.171952,0.0159749,0.0342214,0,0,0.0161346,0,0.0296275,0.00520082,0.0273888,0.188675,0.0254536,0.0131123,0.157038,0.0419549,0.0274635,0.0243647,0.0272953,0.0301244,0.0186439,0.0210065,0.0159554,0.0274169,0.151582,0.0263981,0.0186965,0.00320117,0.0373302,0.0084037,0.02798,0.109552,0.0327067,0,0,0.0317682,0,0.00857825,0.0172766,0.0548222,0.0380191,0.0114492,0.124683,0.021307,0.0179794,0.0314066,0.0196615,0.0162093,0.0206212,0.00839879,0.0206286,0.0224752,0.0782352,0.0298657,0.0111752,0.0117439,0.0755062,0.0412423,0,0,0,0.0428554,0.0729145
100,0,0,0,0,0,0,0.0234704,0.0595751,0,0,0,0.169928,0.0159451,0.0338776,0,0,0.0159533,0,0.0296077,0.00513295,0.0272677,0.191339,0.0250603,0.0131983,0.156193,0.0416761,0.0278213,0.0250125,0.0275213,0.0299475,0.018926,0.0212309,0.0166303,0.027408,0.149702,0.02617,0.0186968,0.00316554,0.0364701,0.0083438,0.0274355,0.109869,0.0328718,0,0,0.0317323,0,0.00854557,0.0173486,0.0549629,0.0357896,0.0102278,0.124426,0.021189,0.0176428,0.0319291,0.0203131,0.0154556,0.0209463,0.0078294,0.020861,0.0222305,0.077954,0.0300528,0.0112715,0.0118921,0.0751317,0.0410711,0,0,0,0.0423959,0.0729611
101,0,0,0,0,0,0,0.0235599,0.0593963,0,0,0,0.168971,0.015888,0.0334757,0,0,0.0157786,0,0.0295957,0.00513774,0.026943,0.193077,0.0247611,0.0135249,0.15554,0.041388,0.0292254,0.0267163,0.0282483,0.0298076,0.0191913,0.021541,0.0165985,0.0269981,0.148462,0.0259546,0.0186984,0.0031706,0.0356819,0.00825552,0.0270624,0.110019,0.0329292,0,0,0.0320052,0,0.00852751,0.0174468,0.0550974,0.0333495,0.00919092,0.124534,0.0211735,0.017211,0.0324311,0.0208122,0.0146165,0.0212056,0.00723593,0.0210892,0.0219415,0.0775795,0.0303971,0.0114656,0.012098,0.075013,0.0407787,0,0,0,0.0416081,0.0727443
102,0,0,0,0,0,0,0.0233776,0.0595191,0,0,0,0.168801,0.015823,0.0328569,0,0,0.0156416,0,0.0296574,0.00513553,0.0261079,0.19391,0.0244352,0.0135188,0.155123,0.041112,0.0308847,0.028612,0.0292252,0.0300514,0.0190209,0.0213595,0.0160276,0.0263931,0.147713,0.0257684,0.0187181,0.00322936,0.0344644,0.00812959,0.0269784,0.109901,0.0328107,0,0,0.0326221,0,0.00851401,0.0177825,0.0553186,0.0308111,0.00837003,0.125003,0.0212397,0.0166946,0.0328932,0.0211133,0.0137315,0.021305,0.00662412,0.0212746,0.0215729,0.076736,0.0309083,0.0117766,0.0123282,0.0752229,0.0403236,0,0,0,0.0404735,0.0729866
103,0,0,0,0,0,0,0.0230262,0.0597963,0,0,0,0.168163,0.0157171,0.0315173,0,0,0.015464,0,0.02972,0.0050497,0.0249902,0.195275,0.0241108,0.0135517,0.155042,0.0408401,0.0321377,0.0298432,0.0299615,0.0306018,0.0182417,0.0205894,0.0152805,0.0257329,0.146434,0.0255843,0.0187815,0.00328789,0.0323512,0.00799199,0.0268218,0.109592,0.0326555,0,0,0.0334428,0,0.00851063,0.0180758,0.0556865,0.0279832,0.00783274,0.12526,0.0213611,0.0161674,0.0334148,0.0212803,0.0129162,0.0211577,0.00614153,0.0212408,0.021099,0.0746837,0.031458,0.0121647,0.0126194,0.0756872,0.0398597,0,0,0,0.0391783,0.0731836
104,0,0,0,0,0,0,0.0229349,0.060096,0,0,0,0.167451,0.0155797,0.0298047,0,0,0.0151796,0,0.0297822,0.00487987,0.0244072,0.196376,0.0235511,0.0136802,0.156013,0.040613,0.0324888,0.0301334,0.0302956,0.0310326,0.0173152,0.0196035,0.0145979,0.0252928,0.145594,0.0253538,0.0188406,0.00332714,0.0293674,0.00790283,0.0263907,0.110107,0.0330293,0,0,0.0340238,0,0.00850694,0.0183069,0.0566753,0.0251219,0.00764946,0.126542,0.0213514,0.0157966,0.0341261,0.0213784,0.0123123,0.0209175,0.00581479,0.0211328,0.020705,0.0714594,0.0317247,0.0125173,0.0128694,0.0764229,0.0398862,0,0,0,0.0383552,0
105,0,0,0,0,0,0,0.0226741,0.060255,0,0,0,0.166412,0.0154161,0.0277499,0,0,0.0150197,0,0.0298698,0.00484014,0.0238711,0.197651,0.0234301,0.013676,0.156013,0.0404566,0.0324247,0.0300061,0.030366,0.0312497,0.016559,0.018527,0.0140855,0.0248904,0.144156,0.0251802,0.0188977,0.00337884,0.0257613,0.00777456,0.0252288,0.109214,0.0330698,0,0,0.0347324,0,0.00850208,0.0186878,0.0575326,0.0216245,0.0077598,0.126539,0.0214089,0.0153638,0.0346027,0.0211924,0.0117967,0.0204664,0.00542408,0.0207411,0.0202088,0.0669777,0.0320422,0.0128451,0.0131084,0.0769616,0.0396182,0,0,0,0.0373628,0
106,0,0,0,0,0,0,0.0221947,0.0601561,0,0,0,0.165768,0.0151989,0.0260478,0,0,0.0151404,0,0.0299822,0.00497468,0.02372,0.19857,0.0233869,0.0130812,0.154282,0.0405886,0.0318884,0.0294828,0.0300874,0.0308218,0.015734,0.0174957,0.0134665,0.0243791,0.143272,0.0252404,0.0189651,0,0.0218674,0.00768236,0.0236414,0.107635,0.0329193,0,0,0.0352454,0,0.00849509,0.0190113,0.0585675,0.0175394,0.00825535,0.125755,0.0213834,0.0151798,0.03498,0.0208835,0.0115555,0.0199705,0.00504984,0.0202667,0.019751,0.0615037,0.0322128,0.0130784,0.0133291,0.0771283,0.0392274,0,0,0,0.037159,0
107,0,0,0,0,0,0,0.0218718,0.059915,0,0,0,0.165269,0.0151099,0.0248044,0,0,0.0152535,0,0.0301249,0.00498362,0.0236357,0.199635,0.0237027,0.0123718,0.152567,0.0406489,0.031348,0.0289925,0.0296622,0.0300924,0.014963,0.0165924,0.0126525,0.0237744,0.142293,0.0253064,0.019055,0.00389521,0.0177859,0.00753897,0.022019,0.106017,0.0328958,0,0,0.0356427,0,0.00843854,0.0193173,0.0592631,0.013062,0.00923677,0.124966,0.0214249,0.0151575,0.0352663,0.0206112,0.0116266,0.0194702,0.00475102,0.0198901,0.0193406,0.0545126,0.0324005,0.0133415,0.0135539,0.077192,0.0391686,0,0,0,0.0371792,0
108,0,0,0,0,0,0,0.0226112,0.0601557,0,0,0,0.163008,0.0151466,0.0233764,0,0,0.0141814,0,0.0299692,0.00439072,0.0219665,0.203277,0.0268096,0.0136724,0.160399,0.039203,0.0326447,0.0301125,0.0300749,0.030702,0.015604,0.016688,0.0132133,0.0230408,0.136523,0.0241841,0.0190001,0.00372162,0.012369,0.00736297,0.0212141,0.106192,0.0342988,0,0,0.0360663,0,0.00833132,0.0194168,0.0573146,0.0107437,0.0111768,0.126885,0.0210452,0.0147253,0.0354093,0.020311,0.0117257,0.0188052,0.00452934,0.0195023,0.0190722,0.0453024,0.0323653,0.0136394,0.0136618,0.0787863,0.0411319,0,0,0,0.0338262,0
109,0,0,0,0,0,0,0.0253375,0.0626301,0,0,0,0.157482,0.0150247,0.0206113,0,0,0.0142822,0,0.0301046,0.00444412,0.013166,0.211939,0,0.0156551,0.177326,0.0391545,0.0376816,0.0357878,0.0307162,0.0297379,0.0177426,0.0194507,0.0151097,0.0218791,0.124926,0.0240744,0.0190763,0.00386487,0.00824146,0.00740534,0.0215543,0.104679,0.0386672,0,0,0.0351832,0,0.00826959,0.0188647,0.0616535,0.0113325,0.0094642,0.13044,0.0208994,0.0158264,0.0359752,0.0203822,0.0127651,0.018909,0.00493334,0.0191274,0.0178515,0.03722,0.0319873,0.0135629,0.0136291,0.083244,0.0457955,0,0,0,0.0358083,0
110,0,0,0,0,0,0,0.0335138,0.0591972,0,0,0,0.16119,0.015557,0.0287181,0,0,0.010698,0,0.0280853,0.0027099,0.0261773,0.213735,0.0669141,0.0226864,0.208969,0.0298846,0.0391686,0.0421743,0.0335511,0.0387463,0.0230207,0.0302416,0.018638,0.0219579,0.12859,0.0190639,0.0179505,0.002206,0.00800301,0.00759042,0.0253759,0.122869,0.0457126,0,0,0.0324689,0,0.00822006,0.0171783,0.0512985,0.0262874,0.0164156,0.140143,0.0170618,0.0163671,0.0375681,0.0216195,0.013984,0.0193438,0.00494942,0.0208919,0.0209357,0.0299839,0.0287014,0.012922,0.0134344,0.0837971,0.0554883,0,0,0,0.0266046,0
111,0,0,0,0,0,0,0.024739,0.0622875,0,0,0,0.157569,0.0145931,0.0199705,0,0,0.0150007,0,0.0302336,0.00504462,0.0127107,0.212989,0,0.0157499,0.177609,0.0382728,0.0385234,0.0372344,0.0306167,0.0291138,0.017463,0.0193929,0.0147049,0.0210465,0.123235,0.0240541,0.0191483,0.00435175,0.0114959,0.00740619,0.0247753,0.104273,0.0388577,0,0,0.0350098,0,0.00839564,0.0185963,0.0613759,0.0229605,0.0110374,0.130154,0.0203456,0.0178123,0.0369031,0.0212082,0.0154363,0.0193397,0.0056253,0.0192683,0.0176112,0.0226806,0.0315808,0.0136602,0.0140361,0.0828061,0.0467599,0,0,0,0.0368344,0
112,0,0,0,0,0,0,0.0205958,0.0585073,0,0,0,0.163318,0.0146086,0.0226811,0,0,0.0147987,0,0.0305092,0.00517715,0.0199431,0.205137,0.0279768,0.0141183,0.154066,0.0384206,0.0339685,0.0313225,0.0300307,0.0296499,0.0150213,0.016025,0.0126225,0.0216938,0.132943,0.023526,0.0193612,0.00428261,0.0140526,0.00720677,0.0254751,0.101592,0.033492,0,0,0.0368666,0,0.00841472,0.0194645,0.0566299,0.029088,0.0138991,0.122372,0.0204388,0.0181859,0.0372891,0.0215649,0.0164818,0.019019,0.00554989,0.019556,0.0181791,0.0179258,0.0323087,0.0142736,0.0144562,0.0761832,0.0423817,0,0,0,0.0352954,0.0694161
113,0,0,0,0,0,0,0.0204455,0.0574966,0,0,0,0.165904,0.0145236,0.0240472,0,0,0.0153034,0,0.0307756,0.00554285,0.0208299,0.201882,0.026121,0.0124482,0.146831,0.0394163,0.032842,0.0296415,0.029611,0.0282846,0.0136566,0.0150593,0.0114971,0.0217501,0.137974,0.0237775,0.0195421,0.00448833,0.0151468,0.00718588,0.0256632,0,0.0333781,0,0,0.0366629,0,0.00829004,0.0194483,0.0594134,0.0302625,0.0143804,0.122397,0.0203984,0.0208585,0.0382721,0.0220664,0.0191108,0.0194939,0.00601224,0.0199604,0.0184652,0.0164964,0.0321737,0.0143291,0.0144277,0.0739766,0.0426157,0,0,0,0.0407296,0
114,0,0,0,0,0,0,0.0205422,0.0572211,0,0,0,0.165247,0.0145084,0.0233806,0,0,0.0152564,0,0.0308811,0.00564411,0.0200878,0.202864,0.0262948,0.0126152,0.146262,0.0394824,0.0333332,0.0302142,0.0297896,0.0281773,0.0135824,0.0147548,0.0114693,0.0213566,0.136432,0.0234395,0.0196242,0.00473339,0.015385,0.00714855,0.0258802,0,0.0332608,0,0,0.0372121,0,0.00833478,0.019728,0.0590858,0.0318874,0.0155719,0.121721,0.0205395,0.0225509,0.038693,0.0222175,0.0210227,0.0194678,0.00584403,0.0201583,0.0189729,0.0159663,0.0325405,0.0146136,0.0146019,0.0730803,0.0432512,0,0,0,0.0407955,0.0731646
115,0,0,0,0,0,0,0.0207172,0.0571539,0,0,0,0.164753,0.0144954,0.0227786,0,0,0.0152885,0,0.030942,0.00574124,0.0195021,0.203657,0.0258599,0.012719,0.146217,0.0397049,0.0337935,0.0306424,0.0300356,0.0280168,0.0135209,0.0145174,0.0114219,0.0209869,0.135225,0.0233118,0.0196764,0.00515073,0.0150642,0.00731985,0.0266765,0,0.0336053,0,0,0.037458,0,0.00847906,0.0198976,0.0594929,0.0337289,0.0166415,0.122198,0.0204843,0.0241906,0.039144,0.0224673,0.0230106,0.019538,0.00561158,0.0203835,0.0195861,0.0163477,0.0327038,0.0146436,0.0147017,0.0725612,0.0440877,0,0,0,0.0419535,0
116,0,0,0,0,0,0,0.0205288,0.056876,0,0,0,0.163896,0.0144854,0.0216767,0,0,0.0153444,0,0.0311118,0.00585317,0.0193086,0.204789,0.0261515,0.0125579,0.144862,0.0397613,0.0339194,0.0308944,0.0299896,0.0277736,0.0132844,0.0140539,0.0111626,0.0205053,0.133603,0.0231309,0.01974,0.00497783,0.0150904,0.0073123,0.0275502,0,0.0331972,0,0,0.0378568,0,0.00856741,0.020289,0.0595391,0.0361274,0.0176867,0.121178,0.0206081,0.0257807,0.0394085,0.0227731,0.0248243,0.0196492,0.00528523,0.0206901,0.0203183,0.0164831,0.0329984,0.0148155,0.0148845,0.071782,0.0439249,0,0,0,0.0418741,0.0742468
117,0,0,0,0,0,0,0.020399,0.0566881,0,0,0,0.163586,0.0144834,0.0209783,0,0,0.0153409,0,0.031267,0.00588105,0.0190087,0.205295,0.0263911,0.0121677,0.143898,0.0399596,0.0339365,0.0309716,0.0298536,0.0274087,0.0129081,0.0135764,0.0108308,0.0200957,0.13277,0.0230041,0.0198002,0.00489168,0.0148053,0.00723289,0.0283382,0,0.0330201,0,0,0.0381093,0,0.00855453,0.0205186,0.0598593,0.0386035,0.0183941,0.120838,0.0207501,0.0271694,0.0396911,0.0230522,0.0266567,0.0197689,0.00507097,0.0211144,0.0209673,0.0171172,0.0331889,0.0149362,0.0150036,0.0714041,0.0437544,0,0,0,0.0423148,0.0746315
118,0,0,0,0,0,0,0.0202135,0.0564619,0,0,0,0.163277,0.0144399,0.0201399,0,0,0.0152831,0,0.0311989,0.00590424,0.0186091,0.205885,0.0267772,0.0116752,0.14345,0.0400972,0.03395,0.0311249,0.0295922,0.0270632,0.0124494,0.0131249,0.0105481,0.0195701,0.131794,0.0228425,0.0197928,0.0050845,0.0147463,0.00708264,0.0287834,0,0.0328312,0,0,0.0383822,0,0.00848026,0.0206741,0.0598924,0.0409566,0.0189257,0.120575,0.0208571,0.0282773,0.0400843,0.0233238,0.02828,0.0200327,0.00497803,0.0216295,0.0216859,0.0174909,0.0332906,0.0150199,0.0150288,0.071307,0.0433702,0,0,0,0.0423786,0.0746875
119,0,0,0,0,0,0,0.020035,0.0562887,0,0,0,0.163156,0.0144361,0.0190617,0,0,0.0152551,0,0.0311138,0.00593,0.0182601,0.206317,0.0272563,0.0111053,0.143593,0.040269,0.033829,0.0312476,0.0292488,0.0266681,0.0118432,0.0126083,0.0100292,0.0189476,0.130965,0.0227414,0.0197609,0.00539919,0.0145638,0.00701144,0.0292455,0,0.0327247,0,0,0.0387015,0,0.00847107,0.0208482,0.0597072,0.0431261,0.0194288,0.120668,0.0209292,0.029241,0.0404568,0.0236213,0.0298331,0.0204197,0.00503203,0.0222266,0.0224943,0.0180664,0.0334552,0.0150659,0.015022,0.0715096,0.0429155,0,0,0,0.042207,0.0748219
120,0,0,0,0,0,0,0.0199281,0.0562361,0,0,0,0.162999,0.0144291,0.0183182,0,0,0.0152863,0,0.0310953,0.00594418,0.0181196,0.206831,0.0277984,0.0104147,0.144304,0.040473,0.0335396,0.031224,0.0288968,0.0262882,0.0111769,0.0119084,0.00935852,0.0183548,0.130121,0.0227329,0.019748,0.00519115,0.0144208,0.00699819,0.0296971,0,0.0327197,0,0,0.0390732,0,0.00849367,0.0210411,0.0594412,0.0448425,0.019883,0.121165,0.0210216,0.0301159,0.0407508,0.0238298,0.0312556,0.0208797,0.00525501,0.0228487,0.0232733,0.0186323,0.0336738,0.0150759,0.0150284,0.0719611,0.0424267,0,0,0,0.0419163,0.0751091
121,0,0,0,0,0,0,0.0199045,0.0562936,0,0,0,0.162934,0.0144364,0.0178637,0,0,0.0153827,0,0.0311426,0.00595294,0.0180806,0.207317,0.0284022,0.00966685,0.145432,0.040661,0.0331755,0.0311071,0.0285717,0.0258281,0.0105238,0.0112272,0.00871261,0.0177716,0.129453,0.0228008,0.0197499,0.00508832,0.0142582,0.00700809,0.029886,0,0.0328072,0,0,0.0394858,0,0.00852916,0.0211264,0.0591995,0.0458935,0.0202263,0.121988,0.0211245,0.0309959,0.0409692,0.0239077,0.0322842,0.0213511,0.00566439,0.0233913,0.0239516,0.0192565,0.0338846,0.0150677,0.0150453,0.0725673,0.0421079,0,0,0,0.0414161,0.0754911
122,0,0,0,0,0,0,0.0198937,0.0564359,0,0,0,0.162746,0.0144454,0.0172757,0,0,0.0155171,0,0.0311545,0.00598676,0.018221,0.207691,0.0289741,0.00886135,0.146821,0.0408129,0.0327347,0.0308407,0.028214,0.0253617,0.00987281,0.0105439,0.00813495,0.0172794,0.128769,0.022885,0.0197393,0.00525687,0.0139352,0.00700344,0.0300387,0,0.0329185,0,0,0.0399235,0,0.00855753,0.0210247,0.0590302,0.0466736,0.0203692,0.123083,0.0211989,0.0317513,0.0410964,0.0237061,0.0329376,0.0218618,0.00611025,0.0239713,0.0246959,0.0201301,0.0340489,0.015088,0.0150912,0.073292,0.0419807,0,0,0,0.0409022,0.0759326
123,0,0,0,0,0,0,0.019979,0.0566305,0,0,0,0.162579,0.0144464,0.0165789,0,0,0.0156552,0,0.0311628,0.00597559,0.018389,0.20795,0.0294753,0.00823666,0.14797,0.0410245,0.0323833,0.0305935,0.027926,0.0248782,0.00929314,0.00995539,0.00786337,0.0168196,0.128165,0.0230275,0.0197342,0.00550103,0.013514,0.00698686,0.0300255,0,0.0331034,0,0,0.0400339,0,0.00852723,0.020962,0.0590217,0.0469498,0.0202279,0.124146,0.021265,0.0321982,0.041153,0.023198,0.0334124,0.0222847,0.00668723,0.0244542,0.025366,0.0212538,0.0341136,0.0150595,0.0150872,0.0739439,0.0420936,0,0,0,0.0402274,0.0765465
124,0,0,0,0,0,0,0.0201896,0.0568663,0,0,0,0.162472,0.0144717,0.0161,0,0,0.0157358,0,0.0311545,0.00597543,0.0185715,0.208203,0.0297302,0.00776154,0.149066,0.0411457,0.0321188,0.0302318,0.0277408,0.0244308,0.00880406,0.00944535,0.00756804,0.016446,0.127661,0.0231543,0.0197052,0.00531201,0.0131941,0.00699332,0.0302845,0,0.0332562,0,0,0.0398835,0,0.0084881,0.0209582,0.0590393,0.0472041,0.0199243,0.125199,0.0212657,0.0322774,0.041024,0.0223778,0.0333504,0.0228824,0.00711868,0.0249951,0.0262376,0.0226353,0.034094,0.015014,0.0150375,0.074502,0.0424306,0,0,0,0.0398546,0.0770912
125,0,0,0,0,0,0,0.0205441,0.0570897,0,0,0,0.162466,0.0144921,0.0158685,0,0,0.0157231,0,0.0311235,0.00593431,0.0186722,0.208396,0.0298337,0.0074356,0.149994,0.0412339,0.0319294,0.0300602,0.0276468,0.0241369,0.00841565,0.00900584,0.00724356,0.0161701,0.127254,0.0232631,0.0196724,0.00531226,0.0128131,0.0071445,0.0305452,0,0.0334381,0,0,0.0396133,0,0.00854431,0.0209941,0.0591492,0.0471967,0.0195633,0.126247,0.0210951,0.0321934,0.0407906,0.021422,0.0328751,0.023556,0.00758218,0.0253945,0.0271665,0.0243245,0.0339504,0.0148626,0.0149869,0.0749666,0.0430234,0,0,0,0.0395365,0.0776174
126,0,0,0,0,0,0,0.0204019,0.0573047,0,0,0,0.162622,0.0145053,0.0157494,0,0,0.0156495,0,0.0311333,0.00585502,0.0186745,0.20834,0.0297674,0.00721503,0.150543,0.0412275,0.0317877,0.030003,0.0276295,0.0238978,0.00805873,0.00864241,0.00700164,0.0159259,0.126981,0.0232912,0.0196428,0.00549412,0.0125351,0.00718032,0.0307347,0,0.0336267,0,0,0.0393646,0,0.00852667,0.0210304,0.059282,0.0472271,0.0191238,0.12716,0.0209743,0.0319124,0.0404803,0.0203997,0.0321074,0.0240768,0.00808692,0.0254324,0.0278956,0.0261102,0.0337338,0.0147549,0.0149217,0.0753385,0.0436351,0,0,0,0.0393489,0.0780349
127,0,0,0,0,0,0,0.0203318,0.0573826,0,0,0,0.16283,0.0145387,0.0157905,0,0,0.0155965,0,0.0311201,0.0057902,0.0186082,0.208105,0.0296185,0.00700334,0.1507,0.0411993,0.0317778,0.0300458,0.0277364,0.0237189,0.00774174,0.00833984,0.00683971,0.0157245,0.126889,0.0233278,0.0196156,0.0052294,0.0125699,0.00711188,0.0307726,0,0.0338489,0,0,0.0390498,0,0.00843456,0.0208177,0.0594522,0.0472606,0.0188145,0.127884,0.0208188,0.0315676,0.0401053,0.0193018,0.0312733,0.024421,0.00869851,0.0253971,0.0283048,0.0278686,0.0334129,0.0146742,0.0147898,0.0755545,0.0443474,0,0,0,0.0392568,0.0782783
128,0,0,0,0,0,0,0.020386,0.0573125,0,0,0,0.163088,0.0145838,0.0158064,0,0,0.0155184,0,0.0310695,0.00575843,0.0185185,0.208015,0.0294858,0.00677163,0.150632,0.0411952,0.0318268,0.0301042,0.0278687,0.023565,0.00745594,0.00805748,0.00665571,0.0155313,0.126795,0.023353,0.019575,0.00504021,0.0132642,0.00719349,0.0307594,0,0.0340577,0,0,0.0387726,0,0.00845289,0.0205112,0.0596643,0.0473508,0.0187425,0.128376,0.020566,0.0310987,0.0396363,0.0181358,0.0303023,0.0246914,0.00937668,0.0252184,0.0285111,0.0296237,0.0330014,0.0145419,0.0146774,0.0756886,0.0450499,0,0,0,0.0392219,0.078263
129,0,0,0,0,0,0,0.0204627,0.0571988,0,0,0,0.163277,0.0146212,0.0157772,0,0,0.015394,0,0.0310495,0.00572101,0.0184367,0.208138,0.029385,0.00656946,0.150388,0.0411793,0.0318373,0.0301082,0.0280263,0.0234722,0.00719714,0.00779489,0.00643437,0.0153851,0.12668,0.0233615,0.0195422,0.00500838,0.0145829,0.00725599,0.0308862,0,0.0341932,0,0,0.0384489,0,0.00845146,0.0203703,0.0599178,0.0476468,0.0189091,0.128616,0.0203694,0.0305655,0.0390525,0.016871,0.0291641,0.0248852,0.0100609,0.0250315,0.0287499,0.0314706,0.0325918,0.0143965,0.0145976,0.0757764,0.0455753,0,0,0,0.0392649,0.0780181
130,0,0,0,0,0,0,0.0204985,0.0570233,0,0,0,0.163503,0.0146241,0.015856,0,0,0.0152577,0,0.0310362,0.00564455,0.0183926,0.208165,0.0293655,0.00644888,0.150119,0.0411967,0.031858,0.0301681,0.0282608,0.0234221,0.00697338,0.00757659,0.00629635,0.0152713,0.126698,0.0232519,0.0195162,0.00494991,0.0163284,0.00720653,0.0312916,0,0.0343023,0,0,0.0379168,0,0.0083889,0.0202351,0.0601628,0.0483076,0.0192685,0.128843,0.0202461,0.0298788,0.0383095,0.0154755,0.0277938,0.0250616,0.0106447,0.025229,0.0291075,0.0335245,0.0322329,0.0142546,0.0144631,0.0757789,0.0459445,0,0,0,0.0393907,0.0776189
131,0,0,0,0,0,0,0.0205984,0.0567785,0,0,0,0.163623,0.0146508,0.0158848,0,0,0.0150788,0,0.031013,0.00556853,0.0182536,0.208064,0.0294702,0.00640177,0.149844,0.0412541,0.032001,0.0303516,0.0285635,0.0234165,0.00677407,0.00745341,0.0062766,0.0151705,0.12677,0.0231247,0.0194955,0.00488384,0.0182353,0.00730631,0.0315587,0,0.0344342,0,0,0.0374734,0,0.00842605,0.0199318,0.0604858,0.0490496,0.0198183,0.129007,0.0201055,0.029164,0.0374631,0.0140482,0.0263177,0.0251363,0.0113633,0.0252039,0.0294683,0.0357957,0.0319327,0.0140819,0.0143465,0.0756341,0.0462558,0,0,0,0.0392845,0.0771524
132,0,0,0,0,0,0,0.0206219,0.0565316,0,0,0,0.16372,0.0146995,0.0157799,0,0,0.0148609,0,0.0309468,0.00551655,0.0182789,0.207937,0.029487,0.00628976,0.149647,0.0413522,0.0321207,0.0305103,0.0288253,0.0234262,0.00652787,0.00732497,0.00620347,0.0150767,0.126854,0.0230064,0.0194459,0.00502871,0.0204269,0.00743098,0.0318517,0,0.0344723,0,0,0.037154,0,0.00846663,0.0197094,0.0606468,0.0500274,0.0206125,0.129326,0.019964,0.0282893,0.0365392,0.0125591,0.0247288,0.025265,0.0122505,0.0247292,0.0298208,0.0382698,0.0316407,0.0138824,0.0142452,0.0754194,0.0464337,0,0,0,0.0395553,0.0766275
133,0,0,0,0,0,0,0.0206294,0.0563713,0,0,0,0.163831,0.0147245,0.0155756,0,0,0.0146079,0,0.030928,0.00539429,0.0185006,0.207775,0.0294239,0.0061306,0.149705,0.0414206,0.0321556,0.0305794,0.0289878,0.0234309,0.00623685,0.00705753,0.00603971,0.0150233,0.126893,0.0229252,0.019408,0.00525266,0.0228268,0.00742382,0.032289,0,0.0344266,0,0,0.0367825,0,0.00843101,0.019534,0.06064,0.0513789,0.0216206,0.129792,0.0199184,0.0272596,0.0355127,0.0109961,0.0230954,0.0253256,0.0133406,0.0238624,0.0301308,0.0410796,0.03134,0.0137498,0.0141226,0.0752633,0.0464187,0,0,0,0.0402172,0.076049
134,0,0,0,0,0,0,0.0206921,0.056292,0,0,0,0.163736,0.0147449,0.015403,0,0,0.014356,0,0.0309252,0.00525467,0.0187695,0.207677,0.0294226,0.00590085,0.150108,0.0414934,0.0321401,0.0305832,0.0290692,0.0234044,0.00589687,0.00671158,0.00574959,0.0149703,0.126849,0.0228685,0.0193694,0.00501975,0.0254587,0.00742494,0.032904,0,0.0343882,0,0,0.0363764,0,0.00840058,0.019289,0.0606851,0.0525542,0.0225798,0.130411,0.0198849,0.026136,0.0344314,0.00936475,0.0213925,0.0251823,0.0147579,0.0226423,0.0302748,0.0442075,0.0311254,0.0136061,0.0139565,0.0750628,0.0462981,0,0,0,0.040805,0.0755009
135,0,0,0,0,0,0,0.0208268,0.0563348,0,0,0,0.163527,0.0147906,0.0152629,0,0,0.0141491,0,0.0309027,0.00518026,0.0190227,0.207551,0.0295067,0.00555811,0.150909,0.0416213,0.0320386,0.0305539,0.0290708,0.0233492,0.00551005,0.00654116,0.00551857,0.0149046,0.127065,0.0228512,0.0193334,0.00487163,0.0281918,0.0074287,0.0337279,0,0.0344875,0,0,0.0359368,0,0.00835669,0.019107,0.0608946,0.0531468,0.0236089,0.131379,0.01983,0.0249217,0.0332138,0.00761258,0.019649,0.0248061,0.0166246,0.0212737,0.0300323,0.0475332,0.0308781,0.0134142,0.0137643,0.0749049,0.046139,0,0,0,0.0410526,0.0751022
136,0,0,0,0,0,0,0.0210545,0.0565363,0,0,0,0.163443,0.0148613,0.0150495,0,0,0.0139627,0,0.0309134,0.00517067,0.0192882,0.207513,0.0296345,0.0051463,0.151899,0.0417896,0.0318723,0.0304621,0.0289367,0.0232382,0.00511107,0.00653123,0.00538132,0.0148516,0.127272,0.022844,0.0193227,0.00490202,0.0306301,0.00741232,0.0347901,0,0.0346428,0,0,0.0355434,0,0.00829818,0.018884,0.0612092,0.0534295,0.0246578,0.132545,0.0198237,0.0235787,0.0318291,0.00586712,0.0178098,0.024551,0.0190303,0.0199439,0.0296361,0.0507286,0.0306335,0.013269,0.0136019,0.0748434,0.045854,0,0,0,0.0411593,0.0747716
137,0,0,0,0,0,0,0.0213454,0.0569161,0,0,0,0.163272,0.0148875,0.0146806,0,0,0.0138451,0,0.0309574,0.00516219,0.0196118,0.207565,0.0297711,0.0046894,0.153123,0.0419704,0.0316464,0.03032,0.0286641,0.0230807,0.00473681,0.00666682,0.00526193,0.0147896,0.127363,0.0228507,0.0193213,0.00495524,0.0328784,0.0074678,0.0359828,0,0.0348426,0,0,0.0353572,0,0.00831285,0.0187646,0.0615211,0.053676,0.0251176,0.133832,0.0198405,0.0222423,0.0303849,0.00467518,0.016149,0.024196,0.0220802,0.0185776,0.0289085,0.0536169,0.0304817,0.0131552,0.0135049,0.0748584,0.0455554,0,0,0,0.0412365,0.0745172
138,0,0,0,0,0,0,0.0214145,0.0573975,0,0,0,0.162979,0.0149021,0.0142304,0,0,0.0138036,0,0.0309936,0.00515778,0.0200835,0.207552,0.0298688,0.00421464,0.154578,0.0420761,0.0313089,0.0301697,0.0283011,0.0228874,0.00435641,0.00685133,0.00509267,0.014671,0.127178,0.0228602,0.0193253,0.00496073,0.034122,0.00748412,0.0368237,0,0.0350447,0,0,0.0352364,0,0.00830722,0.0186675,0.0616468,0.0539926,0.0246409,0.13531,0.0199548,0.0208593,0.0288844,0.00471805,0.0147582,0.0237034,0.0254961,0.0177022,0.0278801,0.0553223,0.0304516,0.0130407,0.0134037,0.07504,0.0453281,0,0,0,0.0415358,0.0742672
139,0,0,0,0,0,0,0.0215017,0.0579196,0,0,0,0.162576,0.0148879,0.0136347,0,0,0.0138499,0,0.0310227,0.00514209,0.0206474,0.207621,0.0299585,0.00378623,0.156222,0.0421434,0.0309214,0.0300527,0.0278953,0.0226947,0.00401403,0.00707606,0.00489792,0.0145251,0.126735,0.0229479,0.0193272,0.00491337,0.0337016,0.00747412,0.036884,0,0.035282,0,0,0.0352286,0,0.00826642,0.0186772,0.0616774,0.0542103,0.0232381,0.137082,0.020125,0.0194787,0.0274021,0.0059125,0.013764,0.0233164,0.0290201,0.0180257,0.026945,0.0554085,0.0304785,0.0129045,0.0132842,0.0754502,0.0451831,0,0,0,0.0417398,0.0741925
140,0,0,0,0,0,0,0.0216573,0.0583985,0,0,0,0.16203,0.0148672,0.0129536,0,0,0.0138998,0,0.0310749,0.00513946,0.0212002,0.20782,0.0300664,0.00331318,0.157897,0.0421998,0.0305818,0.029972,0.0274937,0.0225201,0.00370529,0.00730582,0.00473271,0.0143668,0.126034,0.0230888,0.0193292,0.00482707,0.031925,0.00756364,0.0363483,0,0.0355625,0,0,0.0352894,0,0.0083,0.0186203,0.0616442,0.0543917,0.0208889,0.138895,0.0202642,0.0185765,0.0260869,0.00751078,0.0134794,0.0232657,0.0325918,0.0196543,0.0265603,0.0541798,0.0305466,0.0127745,0.0132395,0.0760519,0.0450864,0,0,0,0.0417449,0.0742837
141,0,0,0,0,0,0,0.0219133,0.0588196,0,0,0,0.161525,0.014832,0.0122192,0,0,0.013925,0,0.0311311,0.00516003,0.0217092,0.208073,0.0301655,0.0028114,0.159451,0.042222,0.0303088,0.0299632,0.0271511,0.0223219,0.00350863,0.00750357,0.00462221,0.0141816,0.125158,0.0231782,0.0193352,0.00479253,0.0290989,0.00765283,0.0355221,0,0.0358383,0,0,0.0352868,0,0.00835592,0.0185133,0.0614844,0.0540187,0.0177209,0.140581,0.0203653,0.0183311,0.0250354,0.00902565,0.0136876,0.0240447,0.0360441,0.0221369,0.0270984,0.0519261,0.030594,0.0127337,0.0132297,0.0767582,0.045037,0,0,0,0.0416592,0.0744455
142,0,0,0,0,0,0,0.0221742,0.0591538,0,0,0,0.161004,0.0147901,0.0115399,0,0,0.0139822,0,0.0311691,0.00518079,0.022092,0.208314,0.0302039,0.0024045,0.160695,0.0422168,0.0301694,0.0300746,0.0269112,0.0221263,0.00345681,0.00766967,0.00458691,0.0139596,0.124289,0.0233434,0.0193315,0.00485589,0.0254414,0.00773056,0.0347039,0,0.0360684,0,0,0.0353033,0,0.00839232,0.0184537,0.061209,0.0529357,0.0153046,0.141895,0.0204784,0.0185799,0.0242747,0.01025,0.0141731,0.0257583,0.0390702,0.0249775,0.0286815,0.0490307,0.0306329,0.0126466,0.0132123,0.0774061,0.0450227,0,0,0,0.0415614,0.0746398
143,0,0,0,0,0,0,0.0221834,0.0594395,0,0,0,0.160293,0.0147509,0.0108748,0,0,0.0140078,0,0.0311791,0.00517461,0.0223561,0.20864,0.0301578,0.00208924,0.161563,0.0421173,0.0301691,0.0302677,0.0267642,0.0220173,0.00353501,0.0077998,0.00460535,0.0137488,0.123427,0.0235615,0.0193123,0.00507748,0.0217686,0.00774817,0.034012,0,0.0362043,0,0,0.0352874,0,0.00838466,0.0184064,0.0609077,0.0516899,0.0146731,0.142835,0.0206164,0.0189829,0.0238214,0.0111439,0.0146407,0.0277587,0.0413723,0.0274756,0.0307901,0.0462591,0.0306765,0.0125137,0.0131216,0.0778767,0.0450934,0,0,0,0.041463,0.0748556
144,0,0,0,0,0,0,0.022213,0.059596,0,0,0,0.159558,0.0147262,0.0101356,0,0,0.0140099,0,0.0311597,0.00511355,0.02248,0.209016,0.030042,0.00193264,0.162142,0.0420055,0.0302537,0.0305274,0.0266458,0.0219641,0.00369947,0.00794908,0.00463422,0.0135661,0.122536,0.0235379,0.0192958,0.005431,0.0194396,0.00771289,0.0336349,0,0.0363382,0,0,0.0352821,0,0.00833171,0.0183238,0.0606314,0.0507867,0.0150133,0.143514,0.0206921,0.0193108,0.0235488,0.0116977,0.0148206,0.0291386,0.0427186,0.029074,0.0323263,0.0448654,0.0306651,0.0123999,0.0129665,0.0781457,0.0452468,0,0,0,0.041354,0.0751302
145,0,0,0,0,0,0,0.0223016,0.0596609,0,0,0,0.158758,0.0147199,0.00935315,0,0,0.0139515,0,0.0312075,0.00499919,0.0224845,0.209425,0.0299019,0.00198371,0.16251,0.0419122,0.0303881,0.0308045,0.0265542,0.0219336,0.00387945,0.00805182,0.00460932,0.0133794,0.121434,0.0234996,0.0193192,0.00538395,0.0191732,0.00767866,0.0335007,0,0.0364788,0,0,0.0352032,0,0.00826766,0.0182216,0.0604165,0.0509218,0.0150147,0.144003,0.0207838,0.0194706,0.0234296,0.0118674,0.0147332,0.0293566,0.0431104,0.0295037,0.0325981,0.0451761,0.0306388,0.0122422,0.0128259,0.0783352,0.0453604,0,0,0,0.0412109,0.0754147
146,0,0,0,0,0,0,0.0224063,0.0596754,0,0,0,0.15784,0.0146834,0.00862095,0,0,0.0138143,0,0.0312558,0.00493529,0.0224003,0.209942,0.0297507,0.00215244,0.162702,0.0417702,0.0305475,0.0310525,0.0264815,0.0218493,0.00410353,0.00806684,0.00463274,0.0131472,0.120136,0.0234796,0.0193306,0.00507211,0.0209198,0.00772623,0.0335077,0,0.0366162,0,0,0.0351626,0,0.00826909,0.0181012,0.0602521,0.0515315,0.0146323,0.144249,0.0208289,0.019341,0.0233718,0.0118148,0.0145769,0.0284764,0.0425787,0.0287766,0.0316597,0.0468149,0.0306512,0.0121417,0.0127721,0.0783613,0.0454235,0,0,0,0.0410861,0.0756551
147,0,0,0,0,0,0,0.0224935,0.0595371,0,0,0,0.156885,0.0146652,0.00807175,0,0,0.0136367,0,0.031303,0.00487426,0.0222109,0.210437,0.0296487,0.00240957,0.162555,0.0415809,0.0307435,0.0312845,0.0264644,0.021717,0.00439923,0.00808603,0.0047538,0.0129027,0.118761,0.0234808,0.0193191,0.00509485,0.0253923,0.00776203,0.0341435,0,0.0368046,0,0,0.0349883,0,0.00826607,0.0179736,0.0600303,0.0517722,0.0146629,0.143976,0.0208329,0.0190358,0.0230791,0.0120868,0.0147196,0.0265779,0.0411658,0.0267861,0.0293447,0.0501533,0.0306657,0.012056,0.012712,0.0782243,0.0453944,0,0,0,0.0409909,0.0758666
148,0,0,0,0,0,0,0.022557,0.0593367,0,0,0,0.155842,0.0146589,0.00765955,0,0,0.0135087,0,0.0313121,0.00481372,0.0219287,0.210938,0.0295486,0.00267168,0.16189,0.0413841,0.0309736,0.0316532,0.0264794,0.021596,0.00476006,0.00814386,0.00491257,0.0126694,0.117232,0.0235005,0.019305,0.00538651,0.0306803,0.00776271,0.0353715,0,0.0369332,0,0,0.0347707,0,0.00824515,0.0178868,0.059664,0.0513962,0.0161925,0.143279,0.0208489,0.0190389,0.0228538,0.0124402,0.0152029,0.0244233,0.0389832,0.0239826,0.0265377,0.0538538,0.0307308,0.0119364,0.0125744,0.0780379,0.0453116,0,0,0,0.0410646,0.0759521
149,0,0,0,0,0,0,0.0225944,0.0591474,0,0,0,0.154678,0.0146516,0.00732391,0,0,0.0134906,0,0.0313105,0.00475613,0.0215507,0.211517,0.0295017,0.00292199,0.160605,0.0412313,0.0312732,0.0319684,0.0265027,0.0214571,0.00517976,0.00819771,0.00504392,0.0124418,0.115491,0.0236131,0.0192697,0.00551779,0.0356215,0.00776624,0.0370579,0,0.0369539,0,0,0.0346755,0,0.00822736,0.017824,0.0592473,0.050816,0.0187784,0.142278,0.0208671,0.0196065,0.0230035,0.0123904,0.0159147,0.0227295,0.0362514,0.0210333,0.0242156,0.057488,0.0307888,0.0118148,0.0124056,0.0778179,0.0451276,0,0,0,0.0412572,0.0758772
150,0,0,0,0,0,0,0.022615,0.058987,0,0,0,0.153474,0.0146649,0.00718843,0,0,0.0134663,0,0.0312995,0.0047311,0.0211635,0.212086,0.0294983,0.00311541,0.158974,0.0411504,0.0315254,0.0322336,0.0264725,0.0213073,0.00566146,0.00828962,0.00517899,0.0122654,0.113656,0.0237387,0.0192204,0.00545379,0.0407101,0.00774582,0.0392686,0,0.0368938,0,0,0.0345176,0,0.00818235,0.0176614,0.0588211,0.051044,0.0216189,0.141154,0.0209322,0.0205088,0.0235397,0.0118703,0.016652,0.0221424,0.0335527,0.018569,0.0231565,0.0616175,0.0308075,0.0117718,0.0122922,0.077576,0.0448981,0,0,0,0.0415946,0.0756921
151,0,0,0,0,0,0,0.0226598,0.0589078,0,0,0,0.152289,0.0146695,0.00710023,0,0,0.0134513,0,0.0313218,0.00470711,0.0208213,0.212548,0.0295392,0.00329615,0.157514,0.0411112,0.0316985,0.0324705,0.0263799,0.0211974,0.00622297,0.00856457,0.00536365,0.012191,0.111908,0.0238658,0.0192252,0.00514144,0.0448081,0.00774049,0.0419823,0,0.0367987,0,0,0.0343158,0,0.00813699,0.0175003,0.0584898,0.0518527,0.0241318,0.140186,0.0211068,0.0216446,0.0243135,0.0112751,0.0174375,0.0226156,0.0316265,0.0171105,0.0233327,0.0658161,0.0308521,0.0117159,0.0121877,0.0773491,0.0446007,0,0,0,0.0419517,0.07557
152,0,0,0,0,0,0,0.0227147,0.0588275,0,0,0,0.151195,0.0146476,0.00738849,0,0,0.0134789,0,0.0313918,0.00475042,0.0205384,0.212687,0.0295594,0.00357833,0.156385,0.0412492,0.0318173,0.0327135,0.0261865,0.0210338,0.00685738,0.00904749,0.00557811,0.0122077,0.110193,0.0240802,0.0192581,0.00509659,0.0465672,0.00778011,0.044205,0,0.0367689,0,0,0.0342639,0,0.00813716,0.0173735,0.0581586,0.0515655,0.0269685,0.139373,0.0213551,0.022304,0.0246497,0.0113522,0.0180652,0.0231886,0.0307654,0.0162419,0.0236267,0.068999,0.0309308,0.0116357,0.0120784,0.0771124,0.0444099,0,0,0,0.0423136,0.0755548
153,0,0,0,0,0,0,0.0227762,0.0587537,0,0,0,0.150217,0.0146534,0.0079466,0,0,0.0135997,0,0.0315034,0.00484904,0.0204722,0.212483,0.0294573,0.00400743,0.155771,0.0415089,0.0318611,0.0329825,0.0259036,0.0208025,0.00752499,0.0097332,0.00578102,0.0123461,0.108621,0.0242424,0.0192908,0.00527741,0.0447116,0.00778733,0.0435657,0,0.0368199,0,0,0.034346,0,0.00813002,0.0173106,0.0578098,0.0496523,0.0297164,0.139059,0.0216469,0.0220256,0.0241024,0.0123401,0.0185143,0.0226839,0.0306223,0.015719,0.0225719,0.0688236,0.0310413,0.0115232,0.0119809,0.0769234,0.0443985,0,0,0,0.0429058,0.0756149
154,0,0,0,0,0,0,0.0228855,0.0586557,0,0,0,0.149389,0.0146572,0.00863929,0,0,0.013759,0,0.0316378,0.00490627,0.0205567,0.212098,0.0292549,0.00461512,0.15552,0.0416706,0.0319541,0.033358,0.0255684,0.020539,0.00814802,0.0104966,0.00596741,0.0126197,0.107366,0.0243241,0.0193406,0.00540729,0.0402497,0.00776189,0.039964,0,0.0369355,0,0,0.0345095,0,0.00811641,0.0173247,0.0576728,0.0471658,0.0306724,0.13913,0.021956,0.0209299,0.0227438,0.0142172,0.0191208,0.0207549,0.030767,0.0155544,0.0200758,0.0652106,0.0312642,0.0113962,0.0119446,0.0766856,0.0444908,0,0,0,0.0435304,0.0757905
155,0,0,0,0,0,0,0.0229616,0.0585413,0,0,0,0.148928,0.014666,0.00947982,0,0,0.013858,0,0.031746,0.00494265,0.0207168,0.211378,0.0289734,0.00555689,0.155436,0.0416795,0.032117,0.0338594,0.0252712,0.0203207,0.0087019,0.011384,0.0061687,0.0130245,0.106396,0.024356,0.0193842,0.00522663,0.035329,0.00771256,0.035729,0,0.037094,0,0,0.0346418,0,0.00810166,0.0173973,0.0577146,0.0454895,0.028714,0.139381,0.0222377,0.0195993,0.0211545,0.0163628,0.0199593,0.0186757,0.0308473,0.0158382,0.0176795,0.0606252,0.0315921,0.011352,0.0119589,0.0763357,0.0445099,0,0,0,0.0439819,0.0761712
156,0,0,0,0,0,0,0.023031,0.0583922,0,0,0,0.14898,0.014668,0.0102336,0,0,0.0138501,0,0.0318246,0.00493313,0.0209301,0.210365,0.028604,0.00689665,0.155548,0.0416506,0.0322828,0.0344553,0.0250426,0.0202625,0.00902094,0.0124444,0.00648053,0.0136016,0.105654,0.0243771,0.0194076,0.00522661,0.0313896,0.00765836,0.0331132,0,0.0372649,0,0,0.0347107,0,0.00809601,0.0174577,0.0577395,0.0448282,0.025092,0.139644,0.0224757,0.0184714,0.0198669,0.0178521,0.0206561,0.0171978,0.0305634,0.0161022,0.0163632,0.0573082,0.0319069,0.011385,0.0119652,0.0758906,0.0445702,0,0,0,0.0440851,0.0768777
157,0,0,0,0,0,0,0.0231386,0.0580917,0,0,0,0.149741,0.0146377,0.0108391,0,0,0.0137264,0,0.0318824,0.00488421,0.0211819,0.209118,0.0279605,0.0087767,0.155551,0.0414875,0.0324859,0.0352329,0.025053,0.0204981,0.0092327,0.0137923,0.00688378,0.014417,0.105469,0.0243788,0.0194118,0.00562631,0.0292892,0.00762467,0.0326847,0,0.0373159,0,0,0.0347772,0,0.00813096,0.0176151,0.0577448,0.0444259,0.0218535,0.139318,0.0227082,0.0179133,0.0191591,0.0182137,0.0209878,0.0159112,0.0296512,0.0159361,0.0159043,0.0560511,0.0321358,0.0115429,0.0119629,0.0751977,0.0444422,0,0,0,0.0435563,0.0776093
