Timestep,C7,CLAV,L5FT,L5HD,LANK,LASI,LBHD,LEAR,LELB,LFHD,LFIN,LFRM,LGTR,LHEE,LILC,LKNE,LPSI,LSHO,LTHI,LTHIA,LTHII,LTHIP,LTIB,LTIBA,LTIBI,LTIBP,LTOE,LUPA,LWRA,LWRB,R5FT,R5HD,RANK,RASI,RBAK,RBHD,REAR,RELB,RFHD,RFIN,RFRM,RGTR,RHEE,RILC,RKNE,RPSI,RSHO,RTHI,RTHIA,RTHII,RTHIP,RTIB,RTIBA,RTIBI,RTIBP,RTOE,RUPA,RWRA,RWRB,STRN,T10
All Timesteps RMSE,0.0123103,0.0183731,0.0295637,0.016009,0.0189842,0.0123812,0,0,0.0112452,0,0.0204385,0.00744962,0.0291888,0.0197867,0.0257712,0.0116717,0.00660343,0.0240503,0.00788893,0.012713,0.00941988,0.0180235,0.0117211,0.0151745,0.0077145,0.0208734,0.0371518,0.0109362,0.0133656,0.0046214,0.0195483,0.00888688,0.0189824,0.0206335,0.00895682,0,0,0.0209209,0,0.0104142,0.0146911,0.0355193,0.0151779,0.0438032,0.0148802,0.00766123,0.0137428,0.00687181,0.0119238,0.00882883,0.00841546,0.0119376,0.0436911,0.0104124,0.0118374,0.0325865,0.0154767,0.00839799,0.00720501,0.0176916,0.0087639
0,0.0127681,0.0154783,0.0284605,0.0182401,0.00865928,0.0122789,0,0,0.0146673,0,0.0168563,0.00891553,0.0265255,0.0194908,0.0219942,0.0107156,0.0110319,0.0230909,0.00203469,0.0097987,0.00732904,0.0162541,0.007412,0.0104289,0.00476776,0.0207362,0.0417174,0.0130326,0.0119604,0.00523809,0.0117274,0.0044007,0.0185266,0.00710114,0.0120716,0,0,0.0215742,0,0.0149457,0.0193855,0.0374604,0.0234149,0.044508,0.0121611,0.00927854,0.0122484,0.0072232,0.0148929,0.00795828,0.00606799,0.00977477,0.0494302,0.00301171,0.0118852,0.0302614,0.0126725,0.0112775,0.00692479,0.0140619,0.0109494
1,0.0143776,0.0163051,0.0239548,0.0181774,0.00900064,0.0121839,0,0,0.0146055,0,0.0169865,0.00857566,0.0268318,0.0195283,0.0215436,0.0106327,0.0117971,0.0256065,0.00201645,0.00904876,0.00738983,0.0159218,0.00742121,0.00955387,0.00453411,0.0206988,0.0362053,0.0140299,0.0120923,0.00506437,0.010812,0.0041934,0.0166927,0.00706269,0.0130648,0,0,0.0212083,0,0.0151303,0.0194661,0.0371031,0.0224306,0.0441345,0.0113406,0.00834991,0.011591,0.00669515,0.0141661,0.00754224,0.00540974,0.00835229,0.0488207,0.00270632,0.0102299,0.0297571,0.0122732,0.0111111,0.00709937,0.0142936,0.0117828
2,0.014858,0.0163336,0.0195265,0.0181583,0.01021,0.0120572,0,0,0.0142363,0,0.0170248,0.00827898,0.0272178,0.0199761,0.0210001,0.0112311,0.0121224,0.0262972,0.00178874,0.00851733,0.0074383,0.0156881,0.00765767,0.00889796,0.00454682,0.0204839,0.0312598,0.0141176,0.0121031,0.00490163,0.00970622,0.00405444,0.0145524,0.0074934,0.0132091,0,0,0.0206347,0,0.0152882,0.0193652,0.0365617,0.0205389,0.0439767,0.0109689,0.0072119,0.0110468,0.00613761,0.0134914,0.00705931,0.00480557,0.00636365,0.0479892,0.00228203,0.00745903,0.0272166,0.0119877,0.0110756,0.00722803,0.0140168,0.0121837
3,0.0148493,0.0160972,0.0149438,0.018168,0.0120321,0.011846,0,0,0.0139024,0,0.0169707,0.0081156,0.0275642,0.0204509,0.0206487,0.0118532,0.0122567,0.0264938,0.00176646,0.00792393,0.00753545,0.0155647,0.00788877,0.0083494,0.0047049,0.0201932,0.0260768,0.0139947,0.0120352,0.00489388,0.0091993,0.00399901,0.0129438,0.00783022,0.0130653,0,0,0.0199682,0,0.0154149,0.0191539,0.0361998,0.0183484,0.0438724,0.0109135,0.0062753,0.0106881,0.00573168,0.0127414,0.00666322,0.00433645,0.00463121,0.047069,0.00171892,0.00512561,0.0258338,0.01182,0.0112194,0.00725341,0.0135227,0.0119892
4,0.0145491,0.0157302,0.0103795,0.0182204,0.0142235,0.0115276,0,0,0.0135789,0,0.0168473,0.00814353,0.0277702,0.0208722,0.020489,0.0121305,0.0123069,0.0264241,0.00198738,0.00718167,0.00760007,0.0156004,0.00816102,0.0081228,0.00502687,0.0199014,0.0207946,0.0138297,0.0119162,0.00506146,0.00939597,0.00401668,0.0117371,0.00807335,0.0126939,0,0,0.0194499,0,0.0155006,0.0188612,0.0360541,0.0164107,0.0439491,0.0108777,0.00560507,0.0101795,0.00544904,0.0119992,0.00636456,0.00390369,0.00378378,0.0462862,0.00175724,0.00424128,0.0263077,0.0117113,0.0115672,0.00718233,0.0129749,0.0116988
5,0.0141249,0.0152662,0.00668437,0.0183065,0.016505,0.0110343,0,0,0.0132181,0,0.0167324,0.00834955,0.0277678,0.0210898,0.0205201,0.0122598,0.0122655,0.0261394,0.00238383,0.0061246,0.00747272,0.0158419,0.00864078,0.00868636,0.0054949,0.0196658,0.0158663,0.0136744,0.0118046,0.00518347,0.010275,0.00410807,0.0106811,0.0082607,0.0121666,0,0,0.019206,0,0.0155141,0.018532,0.0360336,0.0149417,0.0443117,0.0108362,0.00512543,0.00965915,0.00527899,0.0113786,0.00611278,0.00356628,0.00360315,0.045641,0.00247015,0.00450211,0.0265426,0.0117986,0.0118139,0.00700529,0.0124614,0.0114589
6,0.0137779,0.0148319,0.00635022,0.018416,0.0183297,0.0102508,0,0,0.0128912,0,0.0166079,0.00856014,0.0277766,0.0207931,0.0207325,0.0124277,0.0119209,0.0256925,0.00288167,0.00460477,0.00706511,0.0163263,0.00943787,0.00995251,0.00604741,0.019521,0.0125739,0.0134156,0.0116674,0.00527067,0.0113352,0.00425786,0.00982635,0.00830729,0.0116887,0,0,0.0190983,0,0.015569,0.018288,0.0357999,0.0137652,0.0445801,0.010866,0.00477569,0.00946723,0.00514612,0.010933,0.00591182,0.0032564,0.00382869,0.0452504,0.00326931,0.00514467,0.0261119,0.0119276,0.0119464,0.00678395,0.0120964,0.0111972
7,0.0134416,0.0144399,0.00877475,0.0185294,0.0197118,0.00948346,0,0,0.0126406,0,0.0165394,0.00871795,0.0278905,0.0202785,0.0209213,0.0126149,0.0114747,0.0251512,0.00354981,0.00286466,0.00657707,0.0168228,0.010471,0.0115667,0.00652753,0.0193883,0.0118428,0.0131092,0.0115675,0.00538545,0.0124542,0.00438765,0.00936191,0.00831206,0.0112656,0,0,0.0192851,0,0.0155989,0.0182029,0.0355108,0.0125631,0.0447376,0.0109312,0.00457808,0.00941303,0.00500019,0.0105094,0.00584424,0.00275703,0.00415362,0.04508,0.00361347,0.00595173,0.0260016,0.012148,0.0120469,0.00656406,0.0118099,0.0109266
8,0.013023,0.0140998,0.0121658,0.0186264,0.020508,0.00888628,0,0,0.0122694,0,0.0164688,0.00879488,0.0280339,0.019651,0.0210542,0.0124611,0.011018,0.0245821,0.00439307,0.00213946,0.00624643,0.0173482,0.0115538,0.0132548,0.00690504,0.0193749,0.0132068,0.0127548,0.0115044,0.00550949,0.0134068,0.00454534,0.00919179,0.00843341,0.0107843,0,0,0.0198665,0,0.0155401,0.0182555,0.0353382,0.0113492,0.0448664,0.0109122,0.00466964,0.00937265,0.00477038,0.0102349,0.00595186,0.00221889,0.00463897,0.0450574,0.00362808,0.00689752,0.0257022,0.0125624,0.0121739,0.00635444,0.0115358,0.010623
9,0.0125261,0.0138393,0.0157151,0.0187075,0.0204383,0.0083329,0,0,0.011702,0,0.0163935,0.0087479,0.0282035,0.018358,0.0212293,0.0118944,0.0104404,0.0240508,0.00537882,0.00384984,0.00629337,0.017939,0.0125605,0.0148386,0.00723264,0.0194698,0.015746,0.0122919,0.0114129,0.005424,0.0138885,0.00478564,0.00903668,0.00870643,0.010233,0,0,0.0207496,0,0.0153346,0.0184191,0.0352039,0.0101869,0.0449694,0.0107292,0.00477153,0.00925366,0.00446142,0.0102456,0.00614912,0.00189944,0.00510792,0.0452133,0.00373295,0.00756516,0.0248193,0.013139,0.0121122,0.00614496,0.0113518,0.0102089
10,0.0120877,0.0137079,0.0189888,0.0187652,0.0198215,0.00772062,0,0,0.0108993,0,0.0163219,0.00849638,0.028475,0.0166325,0.0214972,0.0114189,0.00959353,0.0235525,0.00643343,0.00662508,0.00676738,0.0185505,0.0134732,0.0161589,0.00740032,0.0196027,0.0193974,0.0117237,0.0113467,0.00517804,0.0140151,0.00500182,0.00889493,0.00902724,0.00971731,0,0,0.0217812,0,0.0150335,0.0187198,0.0350458,0.00935959,0.0450601,0.0104717,0.00418669,0.00899769,0.0040548,0.010315,0.00628449,0.00191035,0.00526391,0.0454277,0.00382137,0.0076917,0.0240927,0.0137818,0.011842,0.00602391,0.0113201,0.00976044
11,0.0117379,0.0136527,0.0218206,0.0187917,0.0192968,0.00734866,0,0,0.00994179,0,0.0163154,0.00810778,0.0288288,0.016012,0.0218487,0.0111194,0.0086191,0.0230686,0.00750705,0.0095937,0.00757894,0.0191482,0.0142914,0.017179,0.00747563,0.0198054,0.0237203,0.0111169,0.0114192,0.00499475,0.0137534,0.00511982,0.00886652,0.00944331,0.00926131,0,0,0.0228495,0,0.0146747,0.0190924,0.0349438,0.0089079,0.0451735,0.0102562,0.00374628,0.00882915,0.00359933,0.010296,0.00615667,0.00230017,0.0050014,0.0456256,0.00372602,0.00721258,0.0234468,0.0143745,0.0114319,0.00607525,0.0113893,0.0093309
12,0.0114885,0.0135836,0.024312,0.018737,0.0190013,0.00721342,0,0,0.00884256,0,0.0163458,0.00753099,0.0291979,0.0173109,0.0222751,0.0106411,0.00761774,0.0226452,0.00843493,0.0123673,0.00855436,0.01965,0.0148846,0.0180229,0.00748721,0.0200666,0.0284558,0.0103716,0.0114658,0.00498328,0.0130924,0.00509571,0.0089904,0.0099786,0.00884248,0,0,0.0238948,0,0.0142968,0.0193865,0.034945,0.0087184,0.0453006,0.0101014,0.00356833,0.00864823,0.00326764,0.0101133,0.00586726,0.00246195,0.00448481,0.0457442,0.00338761,0.00639568,0.0228022,0.014977,0.0108969,0.00636504,0.0114959,0.0089824
13,0.0113512,0.013479,0.0272844,0.0186047,0.0187896,0.00722198,0,0,0.00791849,0,0.0164025,0.00692678,0.0294786,0.0195406,0.0227569,0.0101191,0.00672788,0.0223332,0.00914212,0.0148999,0.00959233,0.0200975,0.0153262,0.0189221,0.00754371,0.0204362,0.0337028,0.00968698,0.0114704,0.00481101,0.0122759,0.00499338,0.00937916,0.0106002,0.00847276,0,0,0.0248694,0,0.0138779,0.0196801,0.0349088,0.0087531,0.0453857,0.0100636,0.00346283,0.00842492,0.00318114,0.00982662,0.00547506,0.00234895,0.00394602,0.0458244,0.00291379,0.00542683,0.0219396,0.0155173,0.0103141,0.00673764,0.0115649,0.0087401
14,0.0112562,0.0133725,0.0307848,0.0184413,0.0188815,0.00725979,0,0,0.00704948,0,0.0165218,0.00636253,0.0296454,0.0217566,0.0232559,0.00995334,0.00622388,0.0220558,0.00969818,0.0173582,0.0107331,0.020548,0.0159007,0.0200824,0.00771653,0.0208602,0.039024,0.00905009,0.0115537,0.0046073,0.0114106,0.00490878,0.0098032,0.0112548,0.00810071,0,0,0.025832,0,0.0134607,0.0199213,0.0349049,0.00875883,0.0454402,0.0101551,0.00344608,0.00834317,0.00293002,0.00970314,0.00508423,0.00215912,0.0034284,0.0459569,0.00264183,0.00453156,0.0210225,0.0160777,0.00968722,0.00716862,0.0115962,0.00857644
15,0.011211,0.0133254,0.0338332,0.0182796,0.0191907,0.00724405,0,0,0.00646944,0,0.0167065,0.00590095,0.0297126,0.0229831,0.0237646,0.0102497,0.00624484,0.021796,0.0100578,0.0197762,0.0120509,0.0210158,0.0167374,0.02148,0.0080363,0.0213022,0.0432285,0.00874769,0.0117054,0.00440632,0.0108479,0.00486309,0.0101472,0.0119085,0.00778201,0,0,0.0267673,0,0.0129806,0.0202103,0.0349749,0.00868933,0.0454887,0.0102884,0.00348288,0.00850909,0.00250058,0.00981996,0.00476,0.00198987,0.0030183,0.0461762,0.00255436,0.00386498,0.0201091,0.0165735,0.00914549,0.0076115,0.011576,0.00845116
16,0.0111639,0.0133462,0.0359927,0.0181517,0.0193712,0.00720988,0,0,0.00595997,0,0.0168439,0.00544622,0.0296743,0.0227594,0.0242936,0.0106635,0.00660023,0.0216248,0.0104603,0.0218971,0.0134501,0.0213729,0.0177102,0.0229108,0.00831918,0.0216209,0.0461407,0.00861684,0.0118228,0.00423003,0.0104536,0.00486756,0.0104424,0.012518,0.00744356,0,0,0.0277127,0,0.0124353,0.0204651,0.0349722,0.00838701,0.0455412,0.0104775,0.00356452,0.00889228,0.00234907,0.00991342,0.00459178,0.00188367,0.00286721,0.0464303,0.0023799,0.00357981,0.0193428,0.0170418,0.00867836,0.00809358,0.0115326,0.00832287
17,0.0110944,0.013449,0.0375494,0.0180432,0.0191714,0.0071723,0,0,0.0054879,0,0.0169137,0.0051208,0.029587,0.0212033,0.0248179,0.0109565,0.00712148,0.0214694,0.0108444,0.0237184,0.0147463,0.021611,0.0185937,0.0241071,0.00841053,0.0217947,0.0479784,0.00860735,0.0118724,0.00412984,0.0102292,0.00495055,0.010511,0.0130788,0.00710515,0,0,0.028714,0,0.0118656,0.0206932,0.0350244,0.00788783,0.0456072,0.0107676,0.00363346,0.00902956,0.00229277,0.0100575,0.00452291,0.00187927,0.0030006,0.0467169,0.00237418,0.00376814,0.0187096,0.0175165,0.0082359,0.00853526,0.0114822,0.00818198
18,0.0110646,0.0134832,0.038648,0.018066,0.0187769,0.0065882,0,0,0.00527498,0,0.0168913,0.00514387,0.0298497,0.0184422,0.0245436,0.010796,0.00723548,0.0213838,0.0111083,0.02496,0.0155808,0.0216165,0.0190185,0.0246335,0.00824486,0.0219513,0.0489281,0.0088752,0.0118452,0.00410315,0.0102968,0.00530093,0.0102758,0.0135795,0.00678402,0,0,0.0297431,0,0.0111179,0.0208253,0.0346824,0.00723363,0.0459384,0.0111299,0.00345284,0.0088925,0.00211842,0.0102375,0.00439157,0.00192126,0.00350253,0.0469943,0.00259924,0.00433209,0.01833,0.0179859,0.0078764,0.0087814,0.0113152,0.00804288
19,0.0110716,0.0135417,0.0394554,0.0181163,0.0183708,0.0059654,0,0,0.0047751,0,0.0168843,0.00508412,0.0301267,0.0151087,0.0241694,0.0107393,0.00711216,0.0212563,0.01141,0.0259086,0.0162496,0.0215233,0.0193455,0.025183,0.0081286,0.0220999,0.0495644,0.00903743,0.0118063,0.00407711,0.0103535,0.00577662,0.00979498,0.0141378,0.00649418,0,0,0.0303903,0,0.0104035,0.0207494,0.0343414,0.00638484,0.04626,0.0115608,0.00305988,0.00879334,0.00197167,0.0103077,0.00432008,0.00191318,0.0042008,0.0472643,0.00307087,0.00513626,0.0179993,0.0182298,0.00755655,0.0089405,0.0112123,0.00796519
20,0.0112819,0.0137289,0.0404084,0.0181952,0.0186632,0.00541895,0,0,0.00464188,0,0.0168671,0.00505567,0.0302909,0.0120055,0.0238826,0.0104748,0.00681368,0.0212231,0.0116815,0.0264209,0.0167247,0.0214479,0.0195631,0.02585,0.00804652,0.0221603,0.0505576,0.00943538,0.0117392,0.00420583,0.0106425,0.00629624,0.00924455,0.0147876,0.00648536,0,0,0.0311333,0,0.00965923,0.0208718,0.0340667,0.00563896,0.0465829,0.01199,0.00250389,0.00891252,0.00184067,0.0104508,0.00428611,0.00190335,0.00491238,0.047517,0.0037032,0.00608626,0.0174352,0.018296,0.00740714,0.00910933,0.0111625,0.00790835
21,0.0115063,0.0139149,0.0414739,0.0182495,0.0190317,0.00492721,0,0,0.0043712,0,0.0168363,0.00489511,0.0303383,0.00937788,0.0235432,0.00991168,0.0063212,0.0211813,0.0114457,0.0263735,0.0168757,0.0211792,0.0196062,0.0265859,0.0081591,0.0221978,0.0513243,0.00955627,0.0116611,0.00423308,0.0106515,0.00685169,0.00885543,0.0156529,0.00647253,0,0,0.0313137,0,0.00902036,0.020451,0.0338149,0.00480998,0.0470003,0.0124172,0.0023522,0.00898371,0.00171403,0.0104898,0.00416816,0.00191616,0.00530492,0.0478284,0.0041582,0.00689956,0.0167633,0.0180628,0.00721331,0.00925321,0.0111495,0.00786596
22,0.0118355,0.0141436,0.0427349,0.0182956,0.0195396,0.00459032,0,0,0.00422622,0,0.0167912,0.00477726,0.0303254,0.00768887,0.0232508,0.00898592,0.00576028,0.0211785,0.011108,0.0257332,0.0167398,0.0207507,0.0196107,0.0270915,0.00824102,0.0220165,0.0523424,0.00959805,0.0115842,0.00437185,0.0108059,0.00737778,0.00882012,0.0165397,0.00663398,0,0,0.0315491,0,0.00841112,0.0203379,0.0335147,0.00454431,0.0472693,0.012776,0.00242384,0.00936148,0.001565,0.0105709,0.0039309,0.00185634,0.00584088,0.0481047,0.00444002,0.0076275,0.0160109,0.017941,0.007342,0.00941564,0.0112033,0.00788538
23,0.0120453,0.0142582,0.0436319,0.0183019,0.0200543,0.00443185,0,0,0.0041199,0,0.0167973,0.00463834,0.0301846,0.00686135,0.0228463,0.00770241,0.00501883,0.0211355,0.0106943,0.0244077,0.0162233,0.0202282,0.0194904,0.0271779,0.00834192,0.0217638,0.0533887,0.00958176,0.0115598,0.00434499,0.0106601,0.00796613,0.00876846,0.0176134,0.0067258,0,0,0.030989,0,0.00801161,0.0197025,0.0331835,0.00442566,0.0474446,0.0132207,0.00212741,0.0096284,0.00140606,0.0106032,0.003542,0.0012991,0.00616181,0.0484608,0.00472945,0.00785572,0.0153447,0.0174592,0.00732563,0.00946428,0.0113223,0.00791586
24,0.0122652,0.0143715,0.0439641,0.0183009,0.0205214,0.00454086,0,0,0.00407436,0,0.0168188,0.00450972,0.0299512,0.00696882,0.0224355,0.00622583,0.00422368,0.0210191,0.0103558,0.0226331,0.0154431,0.0195912,0.0191837,0.0267434,0.00855822,0.0212689,0.0538121,0.00954383,0.0115264,0.00430707,0.0104787,0.00853233,0.00896815,0.0188583,0.00692723,0,0,0.0301945,0,0.00760674,0.0189803,0.0330158,0.00458324,0.0475547,0.0136411,0.0017554,0.00999322,0.00131283,0.010633,0.00319322,0.00105884,0.00622654,0.0488045,0.00501457,0.00792326,0.0146847,0.0167422,0.0074035,0.00947914,0.0116009,0.00796153
25,0.0121756,0.014379,0.0438078,0.0182138,0.020968,0.00487403,0,0,0.00400582,0,0.0169003,0.00432142,0.0297976,0.00825226,0.0220455,0.00489597,0.00347326,0.0208896,0.00999701,0.0203891,0.0144089,0.0186981,0.0186894,0.0257524,0.00894691,0.0205177,0.0533507,0.00930661,0.0115622,0.0042047,0.0102748,0.00902016,0.00938822,0.020214,0.00674661,0,0,0.0285612,0,0.00742184,0.017778,0.0328019,0.00504758,0.0475983,0.0141605,0.0014506,0.0100228,0.00150019,0.0105739,0.00301026,0.00131964,0.00617317,0.0491775,0.00521355,0.00813862,0.0141187,0.0157624,0.0074336,0.00939228,0.0119491,0.00783446
26,0.0123339,0.0145425,0.0435604,0.0180814,0.0216878,0.0055157,0,0,0.00397577,0,0.0169781,0.00411915,0.029597,0.0107521,0.0217739,0.00483242,0.00265221,0.0208511,0.00968298,0.0176372,0.0132288,0.0178257,0.0182312,0.0243773,0.00946269,0.019646,0.0525328,0.00892085,0.0115915,0.00415904,0.0100786,0.00941468,0.00987474,0.0215896,0.00692931,0,0,0.0272598,0,0.00713676,0.0169507,0.0325532,0.00563354,0.0478121,0.0144981,0.0016845,0.010511,0.00167162,0.0104517,0.00277967,0.00181121,0.00616865,0.0494468,0.00511643,0.00813938,0.0138825,0.0148639,0.00755596,0.00936133,0.0123594,0.00786455
27,0.0117735,0.0145138,0.0434873,0.0179156,0.0227579,0.00659222,0,0,0.0040238,0,0.0170654,0.00385501,0.0292873,0.0142568,0.0215457,0.00660929,0.00214283,0.0208595,0.00946743,0.0145157,0.0121146,0.0169859,0.0177933,0.022844,0.0101207,0.0188119,0.0519181,0.00869418,0.0115976,0.00399206,0.00977486,0.00990195,0.00995415,0.0232561,0.00624138,0,0,0.0242266,0,0.00725513,0.0150087,0.0323437,0.00600276,0.0482531,0.0150189,0.0028029,0.00990019,0.00184408,0.0105814,0.00253799,0.00196866,0.00658469,0.0498598,0.00545016,0.00839402,0.0134703,0.0134533,0.0075821,0.00893336,0.0128452,0.00763067
28,0.0120365,0.0147908,0.0436077,0.0177429,0.0240286,0.00767845,0,0,0.00399907,0,0.0171046,0.00345488,0.0291818,0.0181527,0.0214391,0.00925447,0.00199646,0.0207508,0.00961249,0.0119945,0.0116797,0.0160946,0.0178201,0.0216651,0.0110791,0.0178908,0.0515803,0.00839337,0.0115143,0.0037986,0.00950296,0.0102398,0.0099404,0.0248004,0.00653616,0,0,0.0226148,0,0.00708672,0.01422,0.032259,0.00636798,0.0485089,0.0157142,0.00369248,0.010361,0.00216833,0.0109535,0.00225361,0.00221112,0.00723443,0.0502918,0.00610213,0.00890634,0.0129774,0.0123725,0.00796645,0.00868639,0.0132682,0.00769466
29,0.0121485,0.0150128,0.0436618,0.0175499,0.0252787,0.0089086,0,0,0.0039949,0,0.0170737,0.00305023,0.0292517,0.0222053,0.021401,0.0121993,0.00218441,0.0206182,0.0100301,0.0107953,0.0120531,0.0153083,0.0182529,0.0209636,0.0121148,0.0170569,0.0511076,0.00804192,0.0115101,0.00360812,0.00931436,0.0105078,0.00983053,0.026412,0.00661134,0,0,0.0212343,0,0.00704616,0.0134852,0.0321097,0.00688396,0.0485065,0.0165169,0.00436969,0.0106652,0.00278692,0.011131,0.00201722,0.00267182,0.00798977,0.0506795,0.00667331,0.00971267,0.0124752,0.0115427,0.00837587,0.00849197,0.0136761,0.00767552
30,0.0122239,0.0152357,0.0435262,0.0173383,0.0265612,0.0100257,0,0,0.00403026,0,0.0172782,0.00266753,0.0294267,0.0258842,0.0214404,0.0149565,0.00264766,0.0205139,0.0108361,0.011203,0.0132666,0.0146445,0.0189271,0.0207747,0.0131414,0.0163381,0.0503988,0.00770194,0.0117421,0.00341775,0.00925416,0.0106992,0.00961777,0.0278785,0.00663017,0,0,0.0197217,0,0.00705633,0.0126938,0.0319861,0.00772773,0.0483418,0.0174931,0.00491561,0.0107677,0.00333884,0.011395,0.0017426,0.00305001,0.00897274,0.0510771,0.00758496,0.010885,0.0117851,0.0108345,0.00886291,0.00848083,0.0140781,0.00761988
31,0.0122923,0.0154995,0.0429723,0.0170844,0.0275585,0.0109749,0,0,0.0041951,0,0.0175172,0.00226748,0.0296396,0.0288986,0.021613,0.0173315,0.00344071,0.0204622,0.011837,0.0129621,0.0148691,0.0140142,0.0194949,0.0208007,0.0140252,0.0156614,0.0495016,0.00742168,0.0119295,0.00323083,0.00929225,0.0109408,0.00955899,0.0291546,0.00668174,0,0,0.0181404,0,0.00712606,0.0122176,0.0321745,0.0091016,0.0482716,0.0185709,0.0056377,0.0109009,0.00334024,0.0117814,0.00162855,0.00301816,0.0101967,0.0514427,0.00813567,0.012361,0.0112601,0.0102026,0.00915475,0.00849029,0.0145309,0.00756387
32,0.0122655,0.0157944,0.0417326,0.0168273,0.0282022,0.0119746,0,0,0.00455174,0,0.0177472,0.0019091,0.0298565,0.031108,0.0219022,0.0192993,0.00432373,0.0204206,0.0128668,0.0151604,0.0166044,0.0134285,0.0198673,0.0205958,0.0147121,0.0150048,0.0481735,0.00710849,0.0120629,0.00304937,0.00915136,0.0112041,0.00947625,0.0305261,0.00671868,0,0,0.0165068,0,0.00723926,0.0116834,0.0323526,0.00975563,0.048365,0.0194511,0.00645234,0.0112909,0.00348737,0.0119814,0.00174404,0.00321057,0.0109837,0.0516875,0.00823951,0.0132897,0.0110955,0.00955426,0.0092646,0.00828575,0.0150699,0.00749534
33,0.0121592,0.0160945,0.039601,0.016583,0.0283283,0.012902,0,0,0.00509355,0,0.018007,0.00171227,0.0300694,0.0326564,0.0222139,0.0206611,0.00493628,0.0204003,0.0139687,0.0175221,0.0183042,0.0129253,0.0200619,0.0202851,0.0152018,0.0143767,0.0461466,0.00673143,0.0122618,0.00286273,0.00900472,0.0113154,0.00932093,0.0317937,0.0067314,0,0,0.0149851,0,0.00731373,0.0109579,0.0325115,0.0104729,0.0486167,0.0204896,0.00718924,0.0115915,0.0036265,0.0122737,0.00202261,0.00336617,0.0118136,0.0519887,0.00857721,0.0141057,0.0109935,0.00890526,0.00944636,0.00792692,0.0156688,0.0073846
34,0.0124161,0.0164389,0.0365761,0.0163245,0.0279487,0.0134574,0,0,0.00569874,0,0.0183024,0.00174732,0.0303795,0.0333017,0.0224682,0.021228,0.00497414,0.0203829,0.0152282,0.019961,0.0197777,0.0125253,0.0200295,0.0200266,0.0154983,0.0137745,0.0431189,0.00634877,0.0124941,0.00285916,0.00906484,0.0113796,0.00930826,0.0327021,0.00711183,0,0,0.014269,0,0.00728559,0.0106868,0.0326771,0.0113926,0.0488369,0.0214354,0.00756381,0.0123565,0.00373229,0.0127143,0.00217391,0.00358171,0.0127199,0.0523152,0.00913946,0.0150726,0.0111064,0.00863776,0.00974854,0.00799141,0.0161582,0.0074504
35,0.0125435,0.0167695,0.0325788,0.0160753,0.0271342,0.0139978,0,0,0.00640066,0,0.0186647,0.00200398,0.0308324,0.0332157,0.0227211,0.0211307,0.00521991,0.0204358,0.016305,0.0221941,0.021032,0.0122815,0.0197642,0.0195332,0.0155315,0.0131947,0.0386727,0.00606278,0.0127589,0.00278834,0.00903789,0.0114496,0.00904561,0.0337107,0.00744217,0,0,0.0136638,0,0.00731557,0.0109147,0.0328714,0.0120902,0.0488359,0.0222667,0.00801566,0.0131209,0.00381174,0.0129768,0.00250718,0.00386725,0.0135294,0.0525772,0.00970392,0.0158791,0.011354,0.00840649,0.0102943,0.00802216,0.0167262,0.00755624
36,0.0126115,0.0171348,0.0276124,0.0158124,0.0257752,0.0145089,0,0,0.00714731,0,0.0189867,0.00248178,0.0313567,0.03271,0.023012,0.0205954,0.00570973,0.0205591,0.0165493,0.0241502,0.021979,0.0121655,0.019144,0.0186367,0.0152492,0.0126943,0.0329008,0.00580483,0.012884,0.00262273,0.00900935,0.0115346,0.00859458,0.0346219,0.00776862,0,0,0.0130153,0,0.00738055,0.0110171,0.0330478,0.0124127,0.0488286,0.0231936,0.00846833,0.0137776,0.00385872,0.0131345,0.00295909,0.00414837,0.0142004,0.0527841,0.0101607,0.0162904,0.0117881,0.00810881,0.0106607,0.00800645,0.0173137,0.00767257
37,0.0127029,0.0175714,0.0217045,0.0155948,0.0238158,0.0147997,0,0,0.0079133,0,0.019412,0.00283263,0.0317169,0.0318727,0.0232332,0.0198265,0.00632952,0.0207606,0.0166396,0.0258044,0.0225327,0.0121594,0.0183466,0.0176881,0.0147134,0.0122431,0.0258469,0.00562423,0.0132281,0.00264776,0.00895662,0.0115958,0.00820336,0.0353,0.00811115,0,0,0.0123524,0,0.00745725,0.0109365,0.0331511,0.0124123,0.04868,0.0239242,0.00876715,0.0141787,0.00385113,0.013206,0.00322517,0.0043434,0.0145116,0.052921,0.0101392,0.0165098,0.0123842,0.00777998,0.0108761,0.00794115,0.0179378,0.0077946
38,0.0129659,0.0180422,0.0155709,0.0153594,0.0213234,0.0149016,0,0,0.00864825,0,0.0197571,0.00325508,0.031976,0.0302896,0.0234255,0.0187758,0.00679597,0.0210441,0.0166444,0.0268737,0.0224137,0.0123357,0.0174976,0.0167783,0.0139612,0.0119008,0.0178741,0.00548802,0.0134524,0.0027168,0.0089285,0.0116915,0.00790544,0.0357639,0.00861471,0,0,0.011853,0,0.00751312,0.0105758,0.0331557,0.0122019,0.0485562,0.0242311,0.00910001,0.0145659,0.00377899,0.0132331,0.00342403,0.00435312,0.0146495,0.052974,0.0102333,0.0166307,0.0131813,0.00750666,0.011002,0.00781851,0.0185881,0.00785336
39,0.0132776,0.0185301,0.0113702,0.0151315,0.0186675,0.0147101,0,0,0.00933909,0,0.0200835,0.00368291,0.032346,0.0280873,0.0235373,0.0176254,0.00632909,0.0213605,0.0162544,0.0272308,0.0216657,0.0127373,0.0167046,0.0163313,0.0131446,0.0116317,0.0105998,0.00541033,0.0136771,0.00286628,0.00894734,0.011785,0.00773271,0.0361701,0.0091594,0,0,0.0115289,0,0.00749301,0.0105905,0.0331664,0.0122333,0.0485035,0.0245245,0.00918271,0.0150972,0.0037313,0.0133333,0.00354059,0.00440505,0.0149579,0.0529613,0.0107527,0.0169297,0.014162,0.00740109,0.0111915,0.00777061,0.019234,0.00756094
40,0.0134859,0.0189911,0.0115805,0.0148562,0.0160019,0.0143277,0,0,0.0101736,0,0.0203637,0.00430331,0.0327224,0.0251404,0.0236973,0.0163861,0.0058562,0.0216015,0.0156702,0.0269282,0.0204356,0.0133221,0.0157219,0.0160984,0.0120597,0.0117996,0.00749124,0.00519898,0.0137909,0.00296488,0.00896864,0.0117743,0.00766421,0.0363158,0.0096616,0,0,0.0114722,0,0.00751622,0.0107541,0.0332307,0.0123309,0.0484425,0.0249369,0.00894073,0.0157407,0.00361776,0.0134762,0.00375884,0.00442123,0.0153451,0.0528803,0.0112616,0.0173183,0.0150681,0.00753258,0.0113848,0.0079302,0.0198409,0.00753595
41,0.0134863,0.0194334,0.0153753,0.0144379,0.0137385,0.0138774,0,0,0.0113736,0,0.0206787,0.00522496,0.0328593,0.0217278,0.0239385,0.0149525,0.00511634,0.0219237,0.0150657,0.0258761,0.018713,0.0141652,0.0142994,0.015535,0.0107128,0.0126807,0.0111205,0.00483979,0.0137731,0.0028901,0.00885115,0.0116814,0.00752795,0.0362027,0.0100192,0,0,0.0114524,0,0.00767107,0.0106796,0.0331963,0.0125728,0.0482995,0.0251363,0.00846855,0.0161172,0.00353424,0.0135343,0.00385725,0.0043846,0.0155701,0.0529563,0.011292,0.0175256,0.0159585,0.00783702,0.011478,0.00802686,0.0204983,0.00765753
42,0.0135083,0.0199402,0.0202172,0.0139797,0.0133153,0.0133021,0,0,0.0125709,0,0.0211173,0.00611358,0.032777,0.0193659,0.024101,0.0136715,0.00402738,0.0223091,0.0141839,0.0243267,0.0168057,0.0153038,0.0125114,0.0143774,0.00921895,0.0139628,0.0161884,0.00452662,0.0138642,0.00300229,0.0087319,0.0116185,0.00740138,0.035925,0.0104236,0,0,0.0111115,0,0.00779512,0.0104024,0.0331312,0.0127549,0.0481374,0.0249388,0.00802629,0.016608,0.0034694,0.0136722,0.00381146,0.00423276,0.0155011,0.0531746,0.0108562,0.0174714,0.0168056,0.00824596,0.0114034,0.00794535,0.021195,0.00784274
43,0.0137196,0.0205361,0.024087,0.0136,0.0142994,0.0127608,0,0,0.013512,0,0.0216957,0.00682279,0.032575,0.0182074,0.0243432,0.012367,0.00274144,0.0226941,0.0131485,0.0223275,0.014779,0.0166036,0.0100746,0.0123261,0.00724736,0.0158808,0.0202655,0.00431398,0.0141947,0.00335674,0.00861308,0.0115398,0.00741106,0.0355417,0.01099,0,0,0.0110674,0,0.00786535,0.0101605,0.03312,0.0126149,0.0480312,0.0244622,0.00757883,0.0173765,0.00333894,0.0138292,0.00368197,0.00404878,0.0152481,0.0533232,0.0102787,0.0172077,0.0177247,0.00889619,0.0111063,0.00787013,0.0218573,0.00808113
44,0.0142458,0.0213771,0.0197764,0.0131063,0.0147108,0.0118153,0,0,0.0148907,0,0.02248,0.00796436,0.0317961,0.0182522,0.0255156,0.0112515,0.00158274,0.0232276,0.0117765,0.0147201,0.0105676,0.0180743,0.0030894,0.00478327,0.00360466,0.0214527,0.0182251,0.00393781,0.0146194,0.00390389,0.00810464,0.0113439,0.00731365,0.034369,0.012117,0,0,0.011424,0,0.00793225,0.00939756,0.0331541,0.0113958,0.0478105,0.0231067,0.00620303,0.0181233,0.00305774,0.0138206,0.00332697,0.00374775,0.0143203,0.0534029,0.00966059,0.0162546,0.0186892,0.0104445,0.0105024,0.0078034,0.0226337,0.00867916
45,0.0147179,0.0219209,0.0227139,0.0127959,0.017645,0.01179,0,0,0.0152945,0,0.0229499,0.00855537,0.0322681,0.0202431,0.0257963,0.0119168,0.00181389,0.0235473,0.0115541,0.0144434,0.0103087,0.0192193,0.00328468,0.00531696,0.00395914,0.0227742,0.0215433,0.00397389,0.0148431,0.00436741,0.00806536,0.0113,0.00740851,0.0342362,0.0127031,0,0,0.0117973,0,0.00794483,0.00915525,0.0331963,0.0112869,0.0476507,0.0227585,0.00627739,0.0189257,0.00303296,0.0140288,0.00335286,0.00402393,0.0142344,0.0533239,0.00992662,0.0161622,0.0194917,0.0110867,0.0103705,0.00785484,0.0231733,0.0089234
46,0.0151383,0.0224505,0.02614,0.0125165,0.0210492,0.0118973,0,0,0.0156057,0,0.0233541,0.00901305,0.0326588,0.023049,0.0259597,0.0122571,0.00192779,0.0238895,0.0115221,0.0144877,0.0102981,0.0201276,0.00443032,0.00652503,0.00454323,0.0234849,0.0252852,0.0040963,0.0149997,0.00478441,0.00797254,0.0112905,0.00755775,0.034289,0.0131939,0,0,0.0119826,0,0.00794139,0.00899341,0.033276,0.0114579,0.0474927,0.0225226,0.00655412,0.0196009,0.00311207,0.0142841,0.00355733,0.00418535,0.0142866,0.0530826,0.0105593,0.016302,0.0202377,0.011608,0.0103037,0.00802054,0.0236614,0.0090915
47,0.0155199,0.0229948,0.0290931,0.012232,0.0242062,0.0121275,0,0,0.0159248,0,0.0237825,0.00940466,0.0329043,0.0260733,0.0261388,0.0126848,0.00207438,0.0242682,0.0116165,0.0142877,0.010243,0.0206853,0.00584515,0.00797078,0.00521947,0.0240672,0.0285565,0.00422756,0.0151584,0.00511972,0.00786442,0.0112688,0.00747476,0.0344786,0.0136367,0,0,0.0122247,0,0.00797762,0.00890462,0.0334409,0.0118044,0.0472729,0.0222137,0.00685128,0.0201334,0.00322265,0.0145782,0.0035891,0.00416167,0.0141403,0.0530221,0.0104226,0.0162371,0.0211299,0.0121416,0.0101668,0.00793741,0.024129,0.00925831
48,0.0158806,0.0235548,0.0315522,0.0119532,0.0269237,0.0124598,0,0,0.01619,0,0.0242435,0.009723,0.0331385,0.0289461,0.0263113,0.0131206,0.00216279,0.0247082,0.0117106,0.0140586,0.010122,0.0210388,0.00713057,0.00934899,0.00585752,0.0245005,0.0312391,0.00439014,0.0153381,0.00531966,0.00781468,0.0112303,0.00733585,0.0348034,0.0140682,0,0,0.0125976,0,0.00801817,0.00889383,0.0336313,0.012371,0.0469901,0.0219146,0.00716832,0.0205329,0.00331059,0.0148364,0.003597,0.00426213,0.014066,0.052987,0.00973504,0.0161795,0.0219929,0.0127267,0.0100412,0.00773579,0.024639,0.00943012
49,0.0162081,0.0241094,0.0334635,0.0116948,0.0288562,0.0128498,0,0,0.0163463,0,0.0247505,0.00999172,0.0333677,0.0310653,0.0265211,0.0134781,0.0022076,0.0251726,0.0117032,0.013749,0.00997622,0.0213177,0.00810151,0.0104291,0.00642201,0.0249259,0.0330974,0.00457043,0.0155268,0.00552769,0.00765342,0.0111691,0.00743026,0.035199,0.0145033,0,0,0.0130395,0,0.00803586,0.00886567,0.0338124,0.0131749,0.0467171,0.0217597,0.00748658,0.021037,0.00357738,0.0150456,0.00360185,0.00432096,0.014129,0.0527523,0.00939853,0.0162272,0.0227676,0.0133334,0.00978152,0.0076991,0.0251626,0.00963494
50,0.0165258,0.0246714,0.0347005,0.0114556,0.0298805,0.0132397,0,0,0.0164151,0,0.0252774,0.0102739,0.033585,0.0322867,0.026734,0.0137252,0.00223378,0.0256471,0.0116219,0.0133383,0.00977004,0.0215761,0.00870943,0.0111282,0.0068621,0.025318,0.0342367,0.00477752,0.0157396,0.00585399,0.00739197,0.0111121,0.00767275,0.0356029,0.0149225,0,0,0.0135272,0,0.00805445,0.00893544,0.0339614,0.0140853,0.0463322,0.0216809,0.00777568,0.0217565,0.00387011,0.0152207,0.00360804,0.00431039,0.0142398,0.0523428,0.00939209,0.016544,0.0234001,0.0139397,0.00957507,0.0078434,0.0257004,0.00984356
51,0.0168287,0.0252701,0.0352315,0.0112276,0.0300972,0.013617,0,0,0.0164211,0,0.0257984,0.0105318,0.0337661,0.0324621,0.0268898,0.0137766,0.0021912,0.0261157,0.0114942,0.0127416,0.00945487,0.0217372,0.00891622,0.011415,0.00708461,0.0255836,0.0345639,0.00502596,0.0159702,0.00630976,0.00728685,0.0110443,0.00744706,0.0360332,0.0153073,0,0,0.0140513,0,0.00806121,0.00894731,0.0341137,0.015021,0.0458978,0.021685,0.00820534,0.0227182,0.00406006,0.0153978,0.00366253,0.00418523,0.0140293,0.0521097,0.00924576,0.0165023,0.0240894,0.014583,0.0094962,0.00806043,0.0262719,0.0100806
52,0.0171076,0.0258498,0.0352582,0.0110931,0.0297592,0.0141517,0,0,0.0164144,0,0.0262952,0.0108149,0.0338143,0.0317955,0.0270471,0.0135617,0.0018438,0.0265558,0.0113404,0.0121003,0.00895944,0.0216718,0.00869157,0.0112318,0.00703368,0.0255908,0.0343135,0.00532146,0.0161922,0.00667087,0.0073095,0.010991,0.00728773,0.0365466,0.0156076,0,0,0.0144142,0,0.00804869,0.00893415,0.0343065,0.015979,0.0453699,0.0216463,0.00893234,0.0232522,0.00422978,0.0155782,0.00363676,0.00406607,0.0137391,0.0517136,0.00919426,0.0163287,0.0248379,0.0151744,0.00935807,0.00790666,0.0268509,0.0103243
53,0.0173373,0.026379,0.0345023,0.0109692,0.0289012,0.0144481,0,0,0.0161487,0,0.026782,0.0109783,0.0338319,0.0305697,0.026999,0.0131306,0.00147594,0.0269809,0.0112306,0.0113777,0.00833292,0.021283,0.00808961,0.0105891,0.00665498,0.0252986,0.0334244,0.00570553,0.0163908,0.00681431,0.00727695,0.0109239,0.00721942,0.0368944,0.015816,0,0,0.0147144,0,0.00804925,0.00887079,0.03449,0.0169022,0.044848,0.021667,0.00963165,0.0234513,0.00439647,0.0156938,0.00391554,0.00390844,0.0136026,0.0511361,0.00919877,0.0162623,0.025328,0.0157258,0.00929428,0.00786333,0.0273582,0.010498
54,0.0175371,0.0268287,0.0332838,0.0108029,0.0275559,0.0147131,0,0,0.0158838,0,0.0271999,0.0111048,0.0338113,0.0288631,0.0268736,0.0125786,0.00109917,0.027319,0.0111269,0.010687,0.00767155,0.0205866,0.0071093,0.00944591,0.00601709,0.0247217,0.0320665,0.00608617,0.0164726,0.00687111,0.00733665,0.0108923,0.00728912,0.0371193,0.015915,0,0,0.0149869,0,0.00805856,0.0087462,0.0346565,0.0176229,0.0443093,0.0217179,0.010484,0.0237127,0.00456766,0.0157964,0.00418139,0.00377483,0.013389,0.0504385,0.00876415,0.0160603,0.0257162,0.0161796,0.00914645,0.00782956,0.0277732,0.01065
55,0.0177829,0.027259,0.0317448,0.0105878,0.0259405,0.0148892,0,0,0.0156222,0,0.0275909,0.0111856,0.0338242,0.0275305,0.0267429,0.0120264,0.00115131,0.027639,0.01102,0.00986263,0.0070316,0.01961,0.00613489,0.0082891,0.00542384,0.0241321,0.0307575,0.00648564,0.016466,0.00707109,0.00753987,0.0108334,0.00714079,0.0371402,0.0159787,0,0,0.0153394,0,0.00807031,0.00862063,0.0347731,0.0182394,0.0437603,0.0217413,0.0112739,0.0241233,0.00471673,0.015751,0.00436116,0.00362909,0.0128962,0.0496342,0.00862942,0.0154759,0.0260085,0.0166527,0.00889678,0.00782635,0.0281045,0.0107332
56,0.0180602,0.0277285,0.0303718,0.0104226,0.024885,0.0152745,0,0,0.0152991,0,0.0280308,0.0112638,0.0339274,0.0270961,0.0268208,0.0113384,0.00129236,0.0279284,0.0108236,0.00917969,0.00626225,0.0184961,0.00587217,0.00790062,0.00546236,0.023754,0.0309008,0.00686805,0.0165824,0.00731198,0.00791902,0.0107357,0.00738314,0.0370648,0.0161364,0,0,0.0159536,0,0.00807454,0.00862962,0.034879,0.0188834,0.0431414,0.0216542,0.0121076,0.0246669,0.00481178,0.015549,0.00450458,0.00350565,0.0121608,0.0486907,0.00843692,0.0146705,0.0262914,0.017382,0.00871128,0.00777981,0.0284395,0.0107614
57,0.0183548,0.0281961,0.0283627,0.0103004,0.0246989,0.0158424,0,0,0.0148626,0,0.0284898,0.0113987,0.0340095,0.0265009,0.0270899,0.0102355,0.00143843,0.0282016,0.0104354,0.00893026,0.00515318,0.0175983,0.0065425,0.00872164,0.00604714,0.0237076,0.0320136,0.00720829,0.0168426,0.00759133,0.00828372,0.0105673,0.00823467,0.0369131,0.0163978,0,0,0.0171708,0,0.00805755,0.00892074,0.0350322,0.0194557,0.0425139,0.0214263,0.0128531,0.0251904,0.00483937,0.0152783,0.00471718,0.00339616,0.0114852,0.0476499,0.00786144,0.0137846,0.0260855,0.0185757,0.00860477,0.00772542,0.0287385,0.0107898
58,0.0184853,0.0285844,0.0249148,0.0102456,0.0251982,0.0161124,0,0,0.0143759,0,0.0288599,0.0116689,0.0339515,0.0254132,0.0272158,0.00947176,0.0018262,0.0284118,0.00980258,0.00887958,0.00409562,0.0172222,0.00696787,0.00956457,0.00679091,0.0238325,0.0308538,0.00751092,0.0171054,0.00784931,0.00862035,0.0102981,0.00935157,0.0365826,0.0165666,0,0,0.0189716,0,0.00803526,0.0097563,0.0351974,0.019677,0.0419985,0.0208891,0.0132782,0.0256705,0.00490908,0.0150748,0.005005,0.00315704,0.0108111,0.0466394,0.00743715,0.0127551,0.0248628,0.0201537,0.00846699,0.00788688,0.0288775,0.0107888
59,0.0184772,0.0288925,0.0215529,0.0101095,0.0238065,0.0157658,0,0,0.0137824,0,0.0291916,0.0119109,0.0336819,0.024781,0.0270058,0.00852577,0.00245519,0.0285081,0.00881298,0.00847222,0.00354927,0.0171991,0.0067618,0.00981939,0.00737486,0.0237744,0.0278889,0.00784775,0.017284,0.00803676,0.00936755,0.0100017,0.0104665,0.0359731,0.0166448,0,0,0.021021,0,0.00800436,0.0108852,0.0352677,0.0192908,0.0415202,0.0198149,0.0132811,0.0264107,0.00505905,0.0148516,0.00521844,0.00285641,0.00966583,0.0455133,0.00688697,0.0112257,0.0229244,0.0218993,0.0081896,0.00816353,0.0289124,0.0107021
60,0.0182954,0.0290626,0.0201016,0.0099497,0.0204033,0.0152108,0,0,0.0131285,0,0.02946,0.0120062,0.0333106,0.0238257,0.0265083,0.00709673,0.00330375,0.0284968,0.00771671,0.00839586,0.00326855,0.0172625,0.00675345,0.0104251,0.00759906,0.0230039,0.0256949,0.00821917,0.0173778,0.008186,0.0107345,0.00976855,0.0113436,0.0353642,0.0165383,0,0,0.0226691,0,0.00800095,0.0118107,0.0353239,0.0183182,0.0410256,0.018774,0.0133169,0.0269488,0.00514987,0.0147291,0.00554619,0.00296919,0.0083638,0.0443202,0.00646256,0.00923861,0.021132,0.0233332,0.00793473,0.00831435,0.02896,0.0104139
61,0.0181748,0.0289841,0.0208706,0.00988246,0.0180457,0.0147107,0,0,0.0125952,0,0.0296005,0.0119924,0.033038,0.0217516,0.0258175,0.00657859,0.00439207,0.0283351,0.00691544,0.00942641,0.0033475,0.0171046,0.0074632,0.0116491,0.00758994,0.0214823,0.0251799,0.00862619,0.0173468,0.00819487,0.0121474,0.00965216,0.0122056,0.0348217,0.016143,0,0,0.023462,0,0.0080306,0.0123203,0.0354225,0.0168851,0.0404879,0.0177535,0.0135934,0.0270021,0.0052726,0.0146178,0.005935,0.0036556,0.00722627,0.0430658,0.00629205,0.00712046,0.0196144,0.0240245,0.00775423,0.00840279,0.0289555,0.0100635
62,0.0181712,0.0287589,0.0217733,0.00984366,0.017049,0.0141069,0,0,0.0121225,0,0.0297067,0.0118044,0.0327927,0.0190138,0.0252897,0.00706468,0.00525609,0.0280298,0.00672056,0.0106245,0.00396828,0.0165751,0.00812909,0.012328,0.00753361,0.0200349,0.0254826,0.00907202,0.0173143,0.00801687,0.0131016,0.00961889,0.0130268,0.0339758,0.0155467,0,0,0.023612,0,0.00806208,0.0124526,0.035443,0.0146073,0.0398917,0.0166856,0.0137373,0.0266507,0.00543561,0.0143623,0.00635421,0.00448539,0.00623193,0.0416546,0.00634597,0.0050612,0.0191924,0.0241841,0.00776069,0.00847058,0.0288852,0.00980166
63,0.0179907,0.0284457,0.0220284,0.00984986,0.0165769,0.0133497,0,0,0.011794,0,0.0297498,0.011469,0.032479,0.0168226,0.025062,0.00764596,0.0056651,0.0276397,0.00682325,0.0107909,0.00429648,0.0160241,0.00849401,0.012548,0.00746092,0.0191001,0.0259607,0.00956236,0.0172535,0.00776689,0.0140475,0.00968806,0.0140979,0.0328161,0.0148134,0,0,0.0231695,0,0.00812421,0.0122159,0.0353336,0.0118616,0.0392905,0.0156759,0.0137063,0.0260682,0.00557073,0.0138501,0.00679153,0.00522488,0.00575903,0.0400327,0.00675961,0.00359506,0.0202741,0.0238769,0.00790683,0.00852051,0.0286822,0.00957541
64,0.0175097,0.0280266,0.0215707,0.00991033,0.0158927,0.0124887,0,0,0.0117586,0,0.0296531,0.0111533,0.0322678,0.0156823,0.0250835,0.0080012,0.00564293,0.0271948,0.00692,0.00995412,0.00405544,0.0157707,0.0087345,0.0129829,0.00762022,0.018523,0.0260504,0.0099686,0.0170465,0.00742554,0.0147247,0.00986402,0.0156017,0.0314548,0.0139878,0,0,0.0221682,0,0.00818852,0.0115705,0.0351546,0.00901377,0.0387846,0.0149016,0.013563,0.0252437,0.00561307,0.0130522,0.00726147,0.00592942,0.00626496,0.0381454,0.00755144,0.00299341,0.0228242,0.0230498,0.00777379,0.00843405,0.0282351,0.00931406
65,0.0168638,0.0275347,0.0204267,0.0100195,0.0151072,0.011674,0,0,0.0119567,0,0.029453,0.0108224,0.0323118,0.015077,0.0252963,0.00811437,0.00520325,0.0267129,0.00676987,0.00846095,0.00350018,0.01594,0.00886065,0.0136249,0.00799574,0.0183524,0.02526,0.0102591,0.0167812,0.00693699,0.0148107,0.01007,0.0174682,0.0299697,0.0131465,0,0,0.0208077,0,0.00822579,0.0108445,0.0350022,0.00659558,0.0383047,0.014295,0.0132583,0.0242513,0.00559576,0.0120424,0.00782418,0.00669695,0.0073624,0.036146,0.00862706,0.00347494,0.0258976,0.0218295,0.0078674,0.00833718,0.0275951,0.00898783
66,0.0161801,0.0270171,0.0193199,0.0101758,0.0144468,0.0110552,0,0,0.0123864,0,0.0291876,0.0105486,0.0326144,0.0142018,0.0256417,0.00808791,0.00451152,0.0261669,0.00613622,0.00705445,0.00326015,0.0164019,0.00889824,0.014205,0.00828911,0.0185552,0.0242979,0.0104806,0.0164559,0.006245,0.0141443,0.0102795,0.0196562,0.0284263,0.0122894,0,0,0.0193132,0,0.00826406,0.0102133,0.0349584,0.00563953,0.0379012,0.0137743,0.0128023,0.0232698,0.00540682,0.0108739,0.00849071,0.00749401,0.00864755,0.0341925,0.00978,0.00444164,0.0284059,0.0203837,0.00805984,0.00831665,0.0268211,0.00862275
67,0.0155619,0.0265096,0.0188678,0.0103617,0.0135922,0.0107529,0,0,0.0129627,0,0.0288403,0.0104233,0.032983,0.0126804,0.0260952,0.00795579,0.00379811,0.0255692,0.00513302,0.00605205,0.00373097,0.0170335,0.00889261,0.0144772,0.0083267,0.0190338,0.0241358,0.0106189,0.0161173,0.00554589,0.0134267,0.0105019,0.0223272,0.0269693,0.011432,0,0,0.0178511,0,0.00832203,0.00963105,0.034969,0.00681512,0.0376377,0.0133504,0.012199,0.0223492,0.00514898,0.0095611,0.00902674,0.0080606,0.010104,0.0323766,0.0110053,0.00545788,0.0300573,0.0189022,0.00830743,0.00825013,0.0259844,0.00825095
68,0.0149738,0.0260277,0.0188746,0.0106541,0.0125904,0.0107032,0,0,0.0136393,0,0.0283822,0.0104179,0.0331891,0.0106454,0.0266322,0.00769681,0.00329401,0.0249364,0.00446069,0.00578641,0.00447516,0.0177225,0.0087725,0.0143699,0.00810507,0.0196415,0.0246033,0.010656,0.015943,0.00496593,0.0134573,0.0107179,0.0252517,0.0255331,0.010614,0,0,0.0165519,0,0.00838848,0.00915666,0.0348621,0.00925496,0.0376135,0.0130974,0.0114826,0.0214043,0.0050247,0.00819365,0.00964873,0.00867062,0.0116301,0.0307168,0.0121518,0.00633873,0.0311026,0.0175458,0.00852951,0.00813325,0.0252217,0.00790277
69,0.0143171,0.0255394,0.0190593,0.0111049,0.0117277,0.0107719,0,0,0.0144397,0,0.0277671,0.010582,0.0331869,0.00870623,0.0271219,0.00733371,0.00311231,0.0242424,0.00402395,0.00575085,0.00488566,0.0181857,0.00853577,0.0139131,0.00779033,0.020146,0.0251515,0.0105718,0.0159152,0.00467151,0.0145555,0.0108891,0.0281913,0.0241069,0.00983938,0,0,0.0155802,0,0.00847108,0.00887995,0.0349604,0.0118015,0.0376345,0.0127904,0.0105944,0.0204287,0.00511829,0.00689465,0.0103165,0.00923043,0.0130544,0.0293158,0.0131442,0.00694659,0.0316221,0.0164529,0.00853087,0.00792703,0.024614,0.00753483
70,0.0135619,0.0250257,0.0193756,0.0114338,0.0111919,0.0109469,0,0,0.0151978,0,0.0271954,0.0107821,0.0329194,0.00704124,0.0275424,0.0069732,0.00332562,0.0234992,0.00366233,0.0054602,0.00472485,0.0182074,0.00813233,0.0131391,0.00744187,0.0204117,0.0256792,0.0103927,0.0157385,0.00456319,0.0167781,0.0110301,0.030965,0.022739,0.00917468,0,0,0.0149538,0,0.00857175,0.0088001,0.035243,0.0139666,0.037693,0.0124094,0.00954808,0.0195281,0.00535638,0.00574962,0.01095,0.0098159,0.0143074,0.0282005,0.0139628,0.00727251,0.0328174,0.0156824,0.0082165,0.00762376,0.0242415,0.00712138
71,0.0128289,0.0244904,0.0198713,0.0115589,0.0110869,0.0112669,0,0,0.0157863,0,0.0266686,0.0109681,0.0323923,0.00595477,0.0279114,0.00671719,0.00391193,0.0227729,0.00339632,0.00506,0.00419915,0.0179019,0.00762246,0.0121921,0.00703093,0.0205371,0.0263428,0.0101438,0.0153914,0.0044225,0.0200614,0.0111471,0.0337833,0.0215939,0.00864419,0,0,0.0145786,0,0.00865404,0.00874276,0.0356118,0.0158517,0.037933,0.0120566,0.00848495,0.0187127,0.00544382,0.00486313,0.0115374,0.010334,0.015554,0.0273515,0.0146863,0.00770951,0.0368762,0.015169,0.00785268,0.00735742,0.0241478,0.00677404
72,0.0121781,0.0239327,0.0205697,0.0116306,0.0113011,0.0116316,0,0,0.0162372,0,0.0261279,0.0111895,0.0317486,0.00561487,0.0281814,0.00660593,0.0047816,0.0220454,0.0032768,0.00483945,0.00370035,0.0175142,0.00726166,0.011457,0.00667553,0.0206229,0.0272572,0.00986885,0.0151058,0.00384239,0.0241005,0.011188,0.0364033,0.0205848,0.00818513,0,0,0.0145139,0,0.00873075,0.00865002,0.0359219,0.0174993,0.0381312,0.0117303,0.00739072,0.0180463,0.00565465,0.00434715,0.0120499,0.0107214,0.016934,0.0266553,0.0154408,0.00842646,0.043028,0.0149117,0.00745013,0.00726388,0.0241181,0.00649474
73,0.0116965,0.0233426,0.0213128,0.0117399,0.0116967,0.0118072,0,0,0.0165889,0,0.0255682,0.0113926,0.0310583,0.00592084,0.0283009,0.00660698,0.00559659,0.021359,0.00328112,0.00486344,0.00339614,0.0172859,0.00724732,0.0112625,0.00634884,0.0207225,0.0282151,0.00959157,0.0149232,0.00359585,0.0286422,0.0111389,0.0386722,0.0195061,0.00778988,0,0,0.0148555,0,0.00879586,0.00879096,0.0361254,0.0189476,0.0382729,0.0116071,0.00616204,0.017327,0.005901,0.00419945,0.0124729,0.0110092,0.0181275,0.0260249,0.0160429,0.00913205,0.049396,0.0149196,0.0068897,0.00700869,0.0239308,0.00624023
74,0.0114527,0.0227112,0.0219356,0.0118184,0.0120867,0.0119536,0,0,0.0166745,0,0.0250258,0.0114029,0.0305576,0.00653501,0.0283557,0.00668959,0.00630642,0.0207416,0.00315531,0.00500469,0.00337173,0.0172967,0.0075183,0.0116776,0.00622651,0.0208279,0.0291726,0.00928237,0.0148081,0.00367875,0.0329805,0.0110398,0.0400347,0.0183352,0.00742867,0,0,0.0153488,0,0.00878523,0.00903945,0.0361438,0.0200296,0.0382999,0.0115066,0.00518639,0.0165903,0.00602057,0.00432729,0.0127912,0.0111628,0.0190563,0.0253725,0.0165238,0.0097905,0.0548336,0.0150327,0.00623575,0.00674619,0.0235609,0.00609318
75,0.0112205,0.0221599,0.022452,0.0118655,0.0123419,0.0122222,0,0,0.0165123,0,0.0245225,0.0112348,0.0301483,0.00720103,0.0283701,0.00680276,0.00696711,0.0202069,0.0029573,0.00521679,0.00354264,0.0175796,0.00800171,0.0126624,0.00645642,0.0209933,0.0299801,0.00893822,0.0146931,0.00346659,0.0366568,0.0109198,0.0409509,0.0172724,0.00703231,0,0,0.0157219,0,0.00874072,0.00923984,0.036132,0.0209677,0.0382381,0.0109828,0.00474545,0.0159034,0.00617179,0.00450299,0.0128947,0.0113025,0.0196926,0.0248386,0.0170455,0.010541,0.0590271,0.0150621,0.00580608,0.0065267,0.0232019,0.0059587
76,0.0108877,0.0216209,0.0227738,0.0119822,0.0124849,0.0124546,0,0,0.0162167,0,0.0240515,0.0109367,0.0298307,0.00798968,0.0283777,0.00697527,0.00754746,0.0197405,0.00279229,0.00531112,0.00370439,0.0179661,0.00851445,0.0138504,0.00682319,0.0211631,0.0304666,0.00861562,0.0146572,0.00336279,0.0393449,0.0108003,0.0414521,0.0163029,0.00657316,0,0,0.0160654,0,0.00872412,0.00938189,0.0361522,0.0217095,0.0381696,0.0102899,0.0046217,0.0152741,0.00643128,0.00465134,0.0128078,0.0115417,0.0201197,0.0243797,0.0175481,0.0115087,0.0622575,0.0150819,0.0054577,0.00646406,0.0227863,0.0057864
77,0.0106303,0.021089,0.0229406,0.0122138,0.0126823,0.0127395,0,0,0.0158226,0,0.0235841,0.0103662,0.0295019,0.00884948,0.0284589,0.0071951,0.00805291,0.0193931,0.00227269,0.00538587,0.00376205,0.0181477,0.00889113,0.0148099,0.00710526,0.0212711,0.0307427,0.0083292,0.0147048,0.00330191,0.0415471,0.0107032,0.0420005,0.0154835,0.00612663,0,0,0.0162473,0,0.00866282,0.00955828,0.0361409,0.0223896,0.0382774,0.0101215,0.00474114,0.0145182,0.00663194,0.0048668,0.0127835,0.0119838,0.0203844,0.0239859,0.0179461,0.0125692,0.0649525,0.0149533,0.00530127,0.00644889,0.0221693,0.00576606
78,0.0103802,0.020592,0.0233819,0.0125256,0.0128044,0.0130143,0,0,0.0154638,0,0.0231727,0.00959322,0.0289938,0.00928803,0.0285546,0.00741546,0.0085122,0.0191404,0.0021338,0.00574943,0.00365428,0.0182042,0.00918244,0.0154603,0.00723322,0.0213875,0.0313194,0.00807208,0.0148035,0.00321457,0.0432107,0.0106304,0.0425177,0.0148535,0.0056113,0,0,0.0163337,0,0.00862278,0.00967555,0.0359729,0.0231122,0.0384364,0.00986315,0.00492322,0.0137477,0.00683571,0.0052148,0.0127851,0.012618,0.0206405,0.0236614,0.0181756,0.0137513,0.0668751,0.0147828,0.00523191,0.00655436,0.0213978,0.00574369
79,0.0100832,0.0200222,0.0238137,0.0128204,0.0128547,0.0131184,0,0,0.015079,0,0.0227355,0.00889168,0.0286356,0.00936715,0.0286697,0.00753806,0.00871574,0.0189362,0.00222491,0.0060615,0.0036477,0.0181979,0.00918136,0.015464,0.00717451,0.0214992,0.0319319,0.00778761,0.0147029,0.00303047,0.0443907,0.0105442,0.0429834,0.0141876,0.00506719,0,0,0.0163555,0,0.0085679,0.00975357,0.0360627,0.0235183,0.0384737,0.00956997,0.00490249,0.0130237,0.00697692,0.00535814,0.0128455,0.0131384,0.0208605,0.0234486,0.0184403,0.014927,0.068115,0.0145677,0.00514085,0.00678092,0.0204688,0.00566993
80,0.00977929,0.0194333,0.0243491,0.013137,0.0126807,0.0133275,0,0,0.0146609,0,0.0222831,0.00830617,0.0283826,0.0092408,0.0288406,0.00761919,0.00891334,0.018795,0.00227451,0.0062952,0.00376452,0.0179711,0.00886558,0.014897,0.00686175,0.021505,0.0326501,0.00753464,0.0145369,0.00280067,0.0448888,0.0104871,0.0430434,0.0136497,0.00454265,0,0,0.0162427,0,0.00849824,0.00981637,0.0361803,0.0236613,0.0385475,0.00973492,0.00478509,0.0123379,0.00732994,0.00543627,0.0130008,0.0135804,0.0210952,0.0232399,0.0186265,0.0159714,0.068468,0.0142461,0.0052908,0.00663133,0.0195543,0.00562441
81,0.00947273,0.0188826,0.0249465,0.0134933,0.0126119,0.0135921,0,0,0.0141109,0,0.0218381,0.00772828,0.0281756,0.00909648,0.0290386,0.00767937,0.00898719,0.0187618,0.00225513,0.00643502,0.00383543,0.0175543,0.00837568,0.0139905,0.00642008,0.0214578,0.0334239,0.00731422,0.0143748,0.00262665,0.044953,0.0104738,0.0427336,0.0132057,0.00402108,0,0,0.0160337,0,0.00845974,0.0096929,0.0361806,0.0234365,0.038644,0.00986244,0.00456548,0.0116898,0.00766716,0.00550604,0.0131917,0.013928,0.0212684,0.0230397,0.0186755,0.0165426,0.0680704,0.0139503,0.00563165,0.0065614,0.0186594,0.00563201
82,0.00919269,0.0184649,0.0256898,0.0138851,0.012738,0.0138834,0,0,0.0135307,0,0.0214354,0.00718934,0.0279695,0.00911007,0.0292205,0.00774514,0.00896601,0.0189022,0.00224684,0.0064201,0.00377858,0.01723,0.00788759,0.0131711,0.00606552,0.0214535,0.0343347,0.0071695,0.014208,0.00251338,0.0447493,0.0104662,0.0422765,0.0128023,0.00350815,0,0,0.0159092,0,0.0084871,0.00948154,0.0360695,0.0230295,0.0387729,0.00969259,0.00417586,0.0111428,0.00793863,0.00557727,0.0133652,0.0141562,0.0213587,0.0228536,0.0186998,0.016869,0.0672199,0.0137553,0.00529626,0.00654742,0.0178637,0.00567183
83,0.00894647,0.0181396,0.0265439,0.0142508,0.0128588,0.0142368,0,0,0.0129175,0,0.0209523,0.00673177,0.0277609,0.00924235,0.0294385,0.00787313,0.00890237,0.0191621,0.00239023,0.00628898,0.00369004,0.0172295,0.00755916,0.0127637,0.00587796,0.0215754,0.0353788,0.00708729,0.013928,0.00237983,0.0442763,0.0104963,0.0418339,0.0123864,0.00307432,0,0,0.0157548,0,0.00852073,0.00933898,0.0359357,0.02255,0.0390987,0.00931945,0.00359802,0.0105589,0.0082066,0.00558552,0.0135697,0.0141957,0.0213156,0.0226383,0.0189193,0.0170497,0.0660507,0.0135219,0.00501458,0.00673419,0.0171788,0.00579759
84,0.00871849,0.0178403,0.0273899,0.0145916,0.0129554,0.0145262,0,0,0.0121698,0,0.0204843,0.0062154,0.0275513,0.00954618,0.0295986,0.00806504,0.0088103,0.0194609,0.00249549,0.00601443,0.00367911,0.0174289,0.00742669,0.0127705,0.00583459,0.0217589,0.0364603,0.00703396,0.0136651,0.00234318,0.0435748,0.0104901,0.0408793,0.011977,0.00276075,0,0,0.0157573,0,0.0085317,0.00937181,0.0357626,0.0217595,0.0394086,0.00889516,0.00316732,0.00997133,0.0084359,0.00552518,0.013755,0.0141616,0.0210207,0.0223925,0.0192023,0.0169677,0.0645333,0.0133972,0.00532341,0.00673218,0.0165514,0.0059569
85,0.00855418,0.0175749,0.028237,0.0149114,0.0130142,0.0148855,0,0,0.0113667,0,0.0200907,0.0056437,0.0273013,0.0100541,0.0297254,0.00834292,0.00877039,0.0197594,0.0023828,0.0056721,0.00373226,0.0177293,0.00740968,0.0129944,0.00586054,0.021948,0.0375876,0.00703767,0.0134661,0.0024964,0.0425912,0.0104671,0.0396034,0.0116344,0.00251688,0,0,0.0158389,0,0.00856149,0.00941727,0.0356081,0.0209023,0.0398129,0.0083858,0.00282182,0.00947672,0.00856208,0.00539461,0.013898,0.0141292,0.0205394,0.0221876,0.0194891,0.0166243,0.0629654,0.0133462,0.00526545,0.00672684,0.0160792,0.00612674
86,0.00847546,0.0173048,0.0291481,0.0151984,0.013174,0.0150851,0,0,0.0104881,0,0.0198027,0.00503159,0.0271439,0.010625,0.0298071,0.00867807,0.0085809,0.0200902,0.00230393,0.00533954,0.00368553,0.0181763,0.00742988,0.013305,0.0059455,0.0221906,0.0388385,0.00702762,0.013357,0.00269925,0.0416968,0.0104048,0.0382101,0.0112083,0.00229743,0,0,0.0160371,0,0.00859991,0.00949828,0.0354352,0.0199935,0.0400015,0.00795675,0.0025352,0.00903726,0.00862154,0.00516911,0.014047,0.0140011,0.0202186,0.0220176,0.0197069,0.0163247,0.0618318,0.0134375,0.00500758,0.00663482,0.0156807,0.00626178
87,0.00835995,0.0169798,0.0300275,0.0154454,0.013505,0.0151624,0,0,0.00955837,0,0.0196174,0.00440232,0.0271363,0.0111496,0.0298499,0.00899083,0.0082904,0.0203638,0.00226833,0.00492901,0.00352768,0.0184516,0.00733359,0.0134215,0.00595466,0.0223312,0.0400355,0.00701363,0.0133596,0.00279591,0.0409922,0.0102478,0.0367875,0.0108831,0.00218564,0,0,0.0165351,0,0.00865892,0.00971877,0.0351969,0.0192506,0.0398544,0.00747432,0.0028554,0.00862507,0.00856008,0.00479987,0.0140527,0.0138552,0.0199671,0.0218964,0.0199562,0.0161174,0.0614377,0.0136983,0.00505891,0.00649602,0.0152656,0.00630083
88,0.00827843,0.016668,0.0309172,0.0156529,0.0136722,0.0153784,0,0,0.00857904,0,0.0194147,0.00374887,0.0270532,0.0115078,0.0299042,0.00928548,0.00809651,0.0206122,0.00241201,0.00467039,0.00341803,0.0185142,0.00713233,0.0133102,0.00584254,0.0223803,0.0410766,0.00705126,0.013319,0.00279269,0.0406626,0.0101358,0.0355098,0.0106459,0.00213118,0,0,0.017036,0,0.00874982,0.0100685,0.0350342,0.0186355,0.0398909,0.00690053,0.00335822,0.00820611,0.0084928,0.00443606,0.0140379,0.0137131,0.0197166,0.0217667,0.0203469,0.0160275,0.0617372,0.0139267,0.00472223,0.00640785,0.014991,0.00639941
89,0.00817637,0.0163867,0.0320693,0.0158822,0.0138543,0.015817,0,0,0.00753562,0,0.0191342,0.00308329,0.0268803,0.011902,0.0299403,0.00957151,0.00811458,0.020905,0.00252297,0.00459419,0.00338882,0.0185777,0.00694348,0.0131957,0.0057345,0.0224445,0.0424339,0.00720455,0.0132095,0.00301508,0.0406002,0.0100529,0.0344276,0.0104503,0.00200117,0,0,0.017244,0,0.00878833,0.0102299,0.035032,0.0186977,0.040146,0.00618007,0.00346989,0.00775823,0.00852075,0.00420113,0.0139479,0.0135759,0.0195757,0.0216218,0.0206607,0.0162105,0.0622461,0.0139683,0.00421437,0.00626127,0.0148507,0.00658466
90,0.00811462,0.0160963,0.0332337,0.0161266,0.0140959,0.0162172,0,0,0.00647931,0,0.018856,0.0025927,0.0267566,0.0123104,0.0300176,0.00988433,0.00809363,0.0212229,0.00182061,0.00453329,0.00328403,0.0187266,0.00684528,0.0130445,0.00574766,0.0225777,0.0439149,0.00746516,0.0130777,0.00310457,0.0405826,0.00995808,0.0329669,0.0102527,0.00192631,0,0,0.0176019,0,0.00884855,0.0103867,0.0351036,0.019041,0.0403165,0.00541637,0.00345223,0.00727895,0.00856951,0.00406952,0.013856,0.0134948,0.0196822,0.0215191,0.0208166,0.0164505,0.0628749,0.0141071,0.00404251,0.00615154,0.0147065,0.0067286
91,0.00813064,0.0157807,0.0341985,0.0163473,0.0142827,0.0164847,0,0,0.00545905,0,0.018592,0.00230733,0.0266448,0.0126405,0.0300797,0.0101653,0.00792495,0.02159,0.00163668,0.00447074,0.00316531,0.0188363,0.00671389,0.0127969,0.00571807,0.0227003,0.0451667,0.00782469,0.0129539,0.00327707,0.0404647,0.00983697,0.0312942,0.0100634,0.00198526,0,0,0.0179846,0,0.00895667,0.0106563,0.0351654,0.0196092,0.0403649,0.00465797,0.0037282,0.0068731,0.00857676,0.0041293,0.0138035,0.0135004,0.0198442,0.0215357,0.0208176,0.0169161,0.0635136,0.014406,0.00417938,0.00607974,0.0145153,0.0068601
92,0.00817995,0.0154779,0.0349558,0.0165645,0.0145606,0.0166752,0,0,0.00450053,0,0.0183351,0.00225031,0.0264364,0.0130546,0.0301368,0.0104081,0.00767513,0.0220565,0.00164776,0.00440622,0.00307321,0.0188464,0.00655796,0.0125146,0.00560858,0.0228045,0.0461741,0.00819814,0.0127996,0.00354131,0.0399715,0.00970293,0.0294002,0.00987113,0.00211515,0,0,0.0184255,0,0.00907814,0.0109816,0.0352223,0.020441,0.0403511,0.00394407,0.00415666,0.00657073,0.00860504,0.00445307,0.0138019,0.0135496,0.0197369,0.0216836,0.0208369,0.0176024,0.0639264,0.0145949,0.00408739,0.00611717,0.0142361,0.00702623
93,0.00825518,0.0151948,0.0354476,0.0167953,0.0148855,0.0168638,0,0,0.003695,0,0.0180895,0.0024596,0.0261558,0.0135226,0.0302166,0.0106845,0.00745324,0.0225761,0.00173466,0.00428872,0.00300666,0.018868,0.00633467,0.0121767,0.00550644,0.0228891,0.0469335,0.00879331,0.0125964,0.00378826,0.0388718,0.00955638,0.027345,0.00963975,0.00230924,0,0,0.0188663,0,0.0091876,0.0113177,0.0352845,0.0214451,0.0402938,0.00350689,0.00449614,0.00631965,0.00864341,0.0050576,0.0136585,0.0135777,0.0194951,0.021958,0.0208521,0.0183416,0.0635893,0.014721,0.00399686,0.00620717,0.0138486,0.00719229
94,0.00828427,0.0149731,0.0358273,0.0170364,0.0151092,0.016915,0,0,0.00325327,0,0.0179827,0.00290474,0.0260649,0.0139442,0.03032,0.010931,0.00725073,0.0231142,0.00186351,0.00438174,0.00296467,0.0188292,0.00612796,0.0119274,0.00544707,0.0229457,0.0475944,0.00964492,0.0125708,0.00375836,0.0370129,0.00939853,0.0253167,0.00926767,0.00256,0,0,0.0192181,0,0.00926234,0.011657,0.0354329,0.0224638,0.040163,0.00362561,0.00478091,0.00620263,0.00868892,0.00588024,0.0133863,0.0135711,0.0191581,0.0223815,0.0205102,0.0192725,0.0621209,0.0148394,0.00410957,0.00593181,0.0134138,0.00732598
95,0.00834476,0.0148057,0.0360237,0.0172491,0.0153044,0.0168598,0,0,0.00345643,0,0.0178466,0.00346624,0.0258502,0.0143986,0.0304166,0.0111624,0.00700977,0.0237289,0.00200834,0.0046409,0.00287709,0.0187516,0.00591072,0.0116987,0.00538393,0.0229803,0.0480913,0.0104456,0.0125014,0.0039627,0.034403,0.00925211,0.0233329,0.00881424,0.00286447,0,0,0.0195562,0,0.00933511,0.01202,0.0356512,0.0235744,0.0400411,0.00423871,0.00512517,0.00611896,0.00880931,0.00692499,0.0130926,0.0135542,0.0188203,0.0230515,0.0197025,0.0203046,0.059579,0.0148921,0.00425412,0.00581889,0.012976,0.00747216
96,0.00849989,0.0146435,0.0362017,0.0174265,0.0153795,0.0167883,0,0,0.00400311,0,0.0176795,0.00399293,0.0255386,0.0148261,0.0304869,0.0114018,0.0067736,0.0243602,0.00214358,0.00495872,0.00279741,0.0186796,0.00574109,0.011491,0.00532146,0.0229963,0.0483556,0.0111499,0.0123869,0.00428172,0.0310498,0.00919229,0.0213087,0.00838504,0.00313438,0,0,0.0200657,0,0.00959498,0.0125147,0.0358781,0.0246048,0.039975,0.00516227,0.00535599,0.0061318,0.00900243,0.00800284,0.0128423,0.0135375,0.0184491,0.0239714,0.0186743,0.0211231,0.0561159,0.0151104,0.00430174,0.00577275,0.0125871,0.00764726
97,0.00869485,0.014538,0.0363685,0.0175739,0.0155271,0.0166846,0,0,0.00472364,0,0.0175028,0.00453407,0.0252451,0.0153546,0.0305753,0.0116351,0.00652327,0.0249529,0.00227211,0.00517611,0.00274117,0.0185724,0.0055994,0.0113028,0.00529029,0.0229818,0.048596,0.011857,0.0122551,0.00443742,0.0272421,0.00908138,0.0195359,0.00795497,0.00342072,0,0,0.0204671,0,0.00977096,0.0129718,0.0361541,0.0252375,0.0399558,0.00627327,0.00541969,0.00621078,0.00928317,0.00921996,0.0126118,0.0135189,0.0179778,0.0253619,0.0174832,0.0216166,0.0519393,0.0152185,0.00433796,0.00579147,0.0122543,0.00780679
98,0.00885768,0.0144486,0.0364944,0.0177305,0.0157428,0.0165882,0,0,0.00560931,0,0.0173959,0.00505753,0.0250091,0.015925,0.0306791,0.01186,0.0062712,0.0254654,0.00241446,0.00547497,0.00271566,0.0184713,0.00542297,0.0110886,0.0052452,0.022985,0.0486883,0.0125855,0.0121642,0.00440207,0.0235031,0.00890311,0.0178087,0.00754641,0.00370523,0,0,0.0206647,0,0.0098691,0.0133035,0.0364754,0.0251725,0.0400119,0.00734312,0.00550626,0.0063198,0.0096445,0.0105138,0.0124238,0.0135046,0.0172185,0.0271719,0.0162715,0.0214232,0.0476507,0.0151801,0.00456198,0.00567441,0.011987,0.00794645
99,0.00895709,0.0143675,0.0365925,0.0178886,0.0160251,0.0164728,0,0,0.00650762,0,0.0172947,0.00556986,0.0247688,0.0164232,0.0307834,0.0120797,0.00599481,0.0258789,0.00258974,0.00575485,0.00275447,0.0184412,0.00528446,0.0109684,0.0052507,0.0230093,0.0486462,0.0131993,0.0120864,0.00449326,0.0200087,0.00873444,0.0161425,0.00706558,0.00396169,0,0,0.0206584,0,0.00996831,0.0134637,0.0368378,0.0246448,0.0401378,0.00842255,0.00573444,0.00638082,0.0100741,0.011733,0.0122606,0.0134052,0.0161765,0.0292622,0.0148221,0.0203796,0.0432445,0.0150639,0.00489165,0.00558278,0.0117769,0.00807065
100,0.00909348,0.0143211,0.0365947,0.0180341,0.016359,0.0162772,0,0,0.00731228,0,0.0171214,0.00603672,0.0245628,0.0169122,0.0308954,0.0122601,0.00567881,0.0262741,0.00276568,0.00608767,0.00281786,0.0183647,0.00520926,0.0108912,0.00523829,0.0230251,0.0485329,0.0137362,0.0119614,0.00460618,0.0167858,0.00861257,0.0145457,0.00654629,0.00419938,0,0,0.0207184,0,0.0100568,0.0136379,0.0372336,0.0234953,0.0402221,0.00961014,0.0060848,0.00650556,0.0105344,0.0128637,0.01214,0.0132442,0.0145837,0.0314724,0.012913,0.0181786,0.0384878,0.0149771,0.00508035,0.00561665,0.0116302,0.0081396
101,0.00928314,0.014299,0.0364831,0.0181507,0.0165367,0.0159722,0,0,0.00805443,0,0.0169715,0.00646435,0.02439,0.0173807,0.0309815,0.0123438,0.00531947,0.0266179,0.0028567,0.00646555,0.00286339,0.0182484,0.00513463,0.0107692,0.00520055,0.0230136,0.0486263,0.0141848,0.0118378,0.00466864,0.0138815,0.0084685,0.0132616,0.00603411,0.00443052,0,0,0.0208,0,0.0101538,0.0138374,0.0376816,0.0216129,0.0402675,0.0109143,0.00657929,0.00668333,0.0109661,0.013978,0.0120798,0.013128,0.0124111,0.0339018,0.0108613,0.0151908,0.0334143,0.0149152,0.00518822,0.0056964,0.0115565,0.00817057
102,0.00945634,0.0142951,0.0364562,0.0182479,0.0166313,0.015591,0,0,0.00891807,0,0.0169823,0.00694738,0.0241841,0.0178487,0.0310296,0.01242,0.0049859,0.026915,0.00287681,0.00684574,0.00289511,0.0181613,0.00507691,0.0106464,0.00518758,0.0230168,0.0486973,0.0146529,0.0118388,0.00471422,0.0114796,0.00828711,0.0121659,0.00555792,0.0046807,0,0,0.0209481,0,0.0102873,0.0141162,0.0382079,0.0192785,0.0404594,0.0122499,0.00717713,0.00697587,0.0113893,0.0151134,0.0121608,0.0131318,0.00983915,0.0365623,0.00849398,0.0118812,0.0282023,0.0148787,0.00532293,0.00575408,0.0115323,0.00817207
103,0.0096162,0.0143509,0.0365119,0.0183077,0.0167309,0.0152496,0,0,0.00969682,0,0.0170133,0.00733571,0.0240011,0.0183241,0.0310229,0.0124659,0.00470784,0.0272003,0.00277291,0.00714234,0.00290932,0.0179932,0.00497403,0.0104858,0.00519129,0.0229816,0.0486972,0.0150405,0.0118586,0.00479023,0.0098867,0.00808043,0.0111992,0.00527011,0.00496635,0,0,0.0211217,0,0.0104476,0.0144326,0.0388325,0.0166547,0.0407497,0.0135264,0.00786462,0.00735046,0.011854,0.0162107,0.0124665,0.0133439,0.00716896,0.0393983,0.00602661,0.00846302,0.0231899,0.0149134,0.00558075,0.00573078,0.0115739,0.00822748
104,0.00975638,0.0144716,0.0365297,0.0183465,0.0168177,0.0149847,0,0,0.0102951,0,0.0169772,0.00761429,0.0238315,0.0186488,0.0309607,0.0124984,0.00449193,0.0275279,0.00264571,0.00737129,0.00292662,0.0178503,0.00481598,0.0102642,0.00514341,0.0229189,0.0487864,0.0153445,0.0118272,0.00486099,0.00924633,0.00784703,0.0105762,0.00518574,0.00532848,0,0,0.0213624,0,0.0106167,0.0147532,0.0395529,0.0142581,0.0412384,0.0146748,0.00864315,0.00771828,0.0124309,0.0172023,0.0129798,0.0137735,0.00455101,0.0423465,0.00351717,0.00539294,0.0187729,0.0149389,0.00585419,0.00580832,0.0116718,0.00833233
105,0.00999319,0.0146633,0.0366054,0.0183657,0.0169327,0.0147782,0,0,0.0107611,0,0.0169311,0.00774542,0.0237633,0.0189183,0.0308204,0.0125636,0.00434771,0.0278285,0.00276901,0.00749264,0.0029462,0.0178037,0.00472954,0.0100835,0.00509699,0.0228614,0.0491008,0.0155444,0.0117862,0.0049883,0.00957978,0.00759644,0.0107006,0.00530484,0.0057605,0,0,0.0217503,0,0.0108286,0.0151425,0.0403011,0.0126124,0.0417947,0.0157726,0.00957197,0.00797242,0.0131013,0.0179822,0.0135919,0.0143266,0.00256086,0.0453314,0.00167239,0.00320132,0.0152989,0.0149309,0.0060865,0.00584867,0.0118392,0.00847608
106,0.010282,0.0149026,0.0366973,0.0183707,0.0169718,0.0147011,0,0,0.0111415,0,0.0169304,0.00782005,0.0239132,0.019224,0.0306907,0.0127565,0.00433355,0.0280472,0.00277878,0.00749183,0.00289852,0.0177572,0.00467924,0.00996073,0.0050594,0.0227942,0.0494327,0.0156951,0.0117849,0.00520133,0.0106025,0.00736208,0.0116285,0.00559527,0.0062069,0,0,0.0222105,0,0.0110799,0.0156082,0.0408899,0.0120507,0.042336,0.0167733,0.0105039,0.0083413,0.0137757,0.0183794,0.0141569,0.0148463,0.00314854,0.0481576,0.00307236,0.00347182,0.013267,0.0149464,0.0065209,0.00590974,0.0120898,0.00866679
107,0.0105594,0.015162,0.036764,0.0183675,0.016866,0.0147494,0,0,0.0115432,0,0.0169347,0.00792475,0.0241551,0.0194514,0.0306248,0.0129068,0.00438789,0.0282576,0.0025717,0.00745447,0.00280044,0.0177026,0.00469814,0.00990804,0.00505866,0.0227297,0.0497378,0.015851,0.0117759,0.00526966,0.0116848,0.00715011,0.0128941,0.00595399,0.00664824,0,0,0.0226893,0,0.0113496,0.0160945,0.0412893,0.0127022,0.0429035,0.0175873,0.0112927,0.00889899,0.0143308,0.0184887,0.0145647,0.0152154,0.00503769,0.0506484,0.00532921,0.00521558,0.012792,0.015031,0.00692647,0.00597169,0.0123827,0.00885134
108,0.0108767,0.0154124,0.036959,0.0183684,0.0165569,0.0148576,0,0,0.0120557,0,0.0169248,0.00807277,0.0243941,0.0195726,0.0304821,0.0130806,0.00440259,0.0284668,0.00232112,0.00738841,0.00275628,0.0176338,0.00478677,0.00988413,0.00509237,0.0226388,0.0500615,0.016073,0.0118056,0.00517309,0.0122736,0.00691058,0.0139852,0.00633046,0.00704753,0,0,0.0228729,0,0.0115457,0.0165116,0.0414958,0.0140516,0.0433746,0.0182509,0.0119369,0.00935854,0.014636,0.0183441,0.0147925,0.015349,0.00669182,0.0526246,0.00727115,0.00689628,0.0129254,0.0150563,0.00707703,0.00613132,0.0126831,0.00897381
109,0.0111396,0.0156145,0.0369894,0.0183502,0.0160184,0.0150229,0,0,0.0124651,0,0.0169556,0.0081639,0.0246178,0.019567,0.030224,0.013211,0.00450309,0.0286686,0.00215621,0.00732094,0.00287869,0.0175408,0.0049406,0.00986721,0.00513597,0.022541,0.0502481,0.0162529,0.0118313,0.00509554,0.0123072,0.00670117,0.0148089,0.00661654,0.00737641,0,0,0.0231309,0,0.0117699,0.0168638,0.0415799,0.0155103,0.0436861,0.0187381,0.0123291,0.00965693,0.0146506,0.0180883,0.0148251,0.0153067,0.00770172,0.0538961,0.00854896,0.00797728,0.0132929,0.015101,0.00718053,0.00626132,0.0129551,0.00909222
110,0.0113304,0.0158066,0.0367131,0.0183395,0.015404,0.0151929,0,0,0.0128673,0,0.0169855,0.00825234,0.0248879,0.019451,0.0299355,0.0131778,0.00473948,0.0288446,0.00200864,0.00725351,0.00307672,0.0174501,0.00512658,0.00986348,0.00513793,0.0224851,0.0502147,0.0164592,0.0118428,0.00517825,0.0117971,0.0065369,0.0152197,0.00682679,0.00769764,0,0,0.023405,0,0.0120041,0.0171897,0.0416081,0.016429,0.0437985,0.0190386,0.0125438,0.00986378,0.0145306,0.0177457,0.014743,0.0152755,0.00824384,0.05451,0.00916711,0.00861613,0.0135992,0.0151867,0.00752708,0.00633566,0.0131968,0.0092367
111,0.0115361,0.0159482,0.0362312,0.0183381,0.0146984,0.0153656,0,0,0.0132968,0,0.0169955,0.00836983,0.0249776,0.0193265,0.0296268,0.013237,0.00493727,0.0289525,0.00190341,0.00714984,0.00329732,0.017372,0.00543242,0.00991404,0.00518803,0.0224426,0.0499614,0.0167051,0.0118406,0.00518644,0.0111155,0.00635955,0.015251,0.00690153,0.00800791,0,0,0.0235519,0,0.0121475,0.0174489,0.0415827,0.0167665,0.0437563,0.0189499,0.0126027,0.0100068,0.0143829,0.0174868,0.0145256,0.0151899,0.0083819,0.0545616,0.00915609,0.00890929,0.0138164,0.0151898,0.00766675,0.0064013,0.0133921,0.00937955
112,0.0117755,0.0160172,0.0355748,0.018334,0.0138517,0.0155528,0,0,0.0137595,0,0.0169428,0.00850033,0.0249637,0.0192277,0.0293146,0.0133873,0.00499592,0.0290119,0.00190896,0.00701977,0.00360923,0.0173392,0.00586613,0.0100286,0.00525959,0.0224039,0.0496402,0.0169723,0.0118357,0.00527828,0.0105203,0.00624857,0.0150125,0.00686932,0.0082607,0,0,0.0237105,0,0.0123379,0.0176872,0.0414963,0.0168906,0.0437098,0.0185101,0.0124984,0.010206,0.0141335,0.01721,0.0141743,0.0148634,0.00815274,0.0541182,0.00867768,0.00894538,0.0141284,0.0151936,0.00790448,0.00647419,0.0134951,0.00952029
113,0.0119466,0.0160861,0.0347032,0.0183462,0.0129585,0.0157487,0,0,0.0142767,0,0.0168859,0.00867462,0.024977,0.0191581,0.0289712,0.0135798,0.0052002,0.0290276,0.00196086,0.00691397,0.00383334,0.0173186,0.00630931,0.0101905,0.00528805,0.0223478,0.0492083,0.0172764,0.0118317,0.00533821,0.0101009,0.00615584,0.0146081,0.00677765,0.00844425,0,0,0.0237227,0,0.0124441,0.0178067,0.0413472,0.0170596,0.0436639,0.0178825,0.012253,0.010422,0.0136821,0.0168176,0.0136653,0.0142467,0.00757532,0.0532255,0.00776882,0.0087172,0.0146071,0.0152403,0.0081633,0.00658747,0.0135198,0.00964047
114,0.0120566,0.0160977,0.0336574,0.0183667,0.0120859,0.0158556,0,0,0.0148223,0,0.0168769,0.00889705,0.0250475,0.0190905,0.0285945,0.0137763,0.00561001,0.029038,0.00202059,0.00683841,0.00401765,0.0172558,0.00675401,0.0102924,0.00529792,0.0222514,0.048616,0.0176088,0.0118356,0.00526451,0.0098942,0.00606189,0.0139919,0.00667517,0.00859645,0,0,0.023671,0,0.0124678,0.0178312,0.0410408,0.0170969,0.0435296,0.0171803,0.0118894,0.0106038,0.0130472,0.0162078,0.0129968,0.0134244,0.00670285,0.0519097,0.00644549,0.00821422,0.0151659,0.0152154,0.00828493,0.00658871,0.0134972,0.00977689
115,0.0121271,0.0160818,0.0324908,0.0184381,0.0111384,0.0158318,0,0,0.0154565,0,0.0169033,0.00916515,0.0251839,0.0189816,0.0281876,0.0139901,0.00619774,0.0289773,0.00208795,0.00674257,0.00425841,0.0170957,0.00716042,0.0102691,0.00529563,0.0220765,0.0477808,0.0179655,0.0118651,0.00488134,0.00993817,0.00602111,0.0133029,0.00662068,0.00869497,0,0,0.0236496,0,0.0125617,0.0179121,0.0406012,0.0171056,0.0433754,0.0165179,0.011371,0.0106645,0.0123225,0.0152958,0.0122609,0.0125235,0.0058019,0.0503346,0.0048414,0.00765815,0.0157807,0.0151809,0.00845819,0.00652364,0.0134403,0.00996228
116,0.0121531,0.0161143,0.0311725,0.0184944,0.0101288,0.0157309,0,0,0.0159175,0,0.0169638,0.00939166,0.0254117,0.0188847,0.0278002,0.0142081,0.00669853,0.0288032,0.00218951,0.00650894,0.00453299,0.0169071,0.00752288,0.010079,0.00529875,0.0218297,0.0465251,0.0182315,0.0119161,0.00444502,0.0100217,0.00596291,0.013116,0.00664817,0.00877611,0,0,0.0236331,0,0.0126211,0.0179887,0.0401886,0.0178274,0.0433298,0.0160161,0.0107766,0.0105791,0.0116072,0.0143435,0.0115534,0.0116818,0.0055292,0.0490176,0.00342764,0.00775185,0.016913,0.0150809,0.00857648,0.0064925,0.0134475,0.0101751
117,0.0121425,0.0162663,0.0294842,0.0184432,0.00921517,0.0156329,0,0,0.0158648,0,0.0169996,0.00935932,0.0256631,0.0185755,0.0274543,0.0143084,0.00704435,0.0285083,0.00227304,0.00609822,0.00480271,0.0166915,0.00783157,0.00976237,0.00527747,0.0215242,0.0448049,0.018262,0.0119897,0.00440651,0.0100618,0.00582272,0.0145651,0.00685561,0.00880145,0,0,0.0235877,0,0.0126583,0.0180988,0.0399142,0.0193705,0.0435032,0.0153215,0.0104422,0.0104249,0.010881,0.0139278,0.0108013,0.0107039,0.00665867,0.0486679,0.00292331,0.00919427,0.0193948,0.0150441,0.00861312,0.00655312,0.0136134,0.0103289
118,0.0120162,0.0165101,0.0272677,0.0182942,0.00837967,0.0154501,0,0,0.0152876,0,0.0170971,0.00888532,0.0258769,0.0180184,0.0270483,0.0142254,0.007323,0.0281542,0.0022849,0.00560832,0.00505294,0.0165463,0.0081335,0.00949633,0.00531266,0.0212004,0.0425679,0.0179794,0.0121,0.00450571,0.0100619,0.00558035,0.0166395,0.00724215,0.00880574,0,0,0.0235725,0,0.0127822,0.0183206,0.039714,0.0202703,0.0438787,0.0140241,0.0104912,0.0102506,0.0100458,0.0142584,0.00993961,0.00927378,0.00842542,0.049353,0.00318389,0.0111726,0.0223235,0.0150242,0.0087137,0.00671825,0.0139656,0.0104406
119,0.0117934,0.0166569,0.0243027,0.0180858,0.00794558,0.0151998,0,0,0.0144415,0,0.0172989,0.0081005,0.0259738,0.0176678,0.0264656,0.0139207,0.00765625,0.0278988,0.00240693,0.00522252,0.00535587,0.0165396,0.00843566,0.009334,0.00533556,0.0209493,0.0394832,0.0174355,0.012273,0.00448775,0.00996934,0.00539379,0.0167884,0.00761092,0.00875697,0,0,0.0236225,0,0.0130847,0.0186681,0.0393918,0.0198257,0.0441515,0.0126166,0.0103937,0.010003,0.00920647,0.0148542,0.00912707,0.00785274,0.00874049,0.0500445,0.0035747,0.0111486,0.0237946,0.0150977,0.0087849,0.00691891,0.0142696,0.0105538
120,0.0116447,0.0166169,0.0208287,0.017859,0.00855451,0.0148889,0,0,0.013434,0,0.0175347,0.00720342,0.0262639,0.017557,0.0257376,0.0135761,0.00799057,0.0276994,0.00256141,0.0050049,0.00571699,0.016556,0.00871363,0.00921716,0.00533692,0.0207838,0.035532,0.016685,0.0124958,0.00418429,0.00947781,0.00513266,0.0150449,0.00773949,0.00872649,0,0,0.0234642,0,0.0133472,0.0189293,0.0389427,0.0185541,0.0441039,0.0115153,0.0097758,0.00966674,0.00838346,0.0152295,0.00849507,0.00693783,0.00745199,0.0500492,0.00371543,0.00863107,0.0229249,0.0151247,0.00877917,0.00714589,0.0143676,0.010684
121,0.0116061,0.0163421,0.0169473,0.0176265,0.0099522,0.0143687,0,0,0.0123775,0,0.0177028,0.00633656,0.0266332,0.0177027,0.024965,0.0132882,0.00832117,0.027415,0.00267739,0.00481109,0.00606873,0.016489,0.00885024,0.00910407,0.00537579,0.0206286,0.0308678,0.0158361,0.0126651,0.00405163,0.00863913,0.00487856,0.0126403,0.00763182,0.00857802,0,0,0.0230429,0,0.0136164,0.0190289,0.0383154,0.0169689,0.0438478,0.0110152,0.00886978,0.00924542,0.0076237,0.0150404,0.00812356,0.00619793,0.00539403,0.049247,0.00327386,0.00551264,0.0200084,0.0151357,0.00904027,0.00728593,0.0142073,0.0108282
122,0.0114488,0.0158655,0.012544,0.0174338,0.0117574,0.0135969,0,0,0.0114373,0,0.0178255,0.00568298,0.0268585,0.0179235,0.024244,0.0130025,0.0086424,0.0269911,0.00274149,0.00445213,0.0063099,0.0162898,0.00883743,0.00899261,0.00547814,0.0203538,0.02595,0.015028,0.0127901,0.00408106,0.00759024,0.00472964,0.0108293,0.00740479,0.00820538,0,0,0.0224182,0,0.0138562,0.0189225,0.0377692,0.0153834,0.0436985,0.0111588,0.00798149,0.00872078,0.00704624,0.0145503,0.00782871,0.0055225,0.00387136,0.0481827,0.002544,0.00322406,0.0186826,0.0151469,0.00935762,0.0072703,0.0139134,0.010921
123,0.0110492,0.0152693,0.0081337,0.0173257,0.013729,0.012585,0,0,0.0106716,0,0.0179168,0.00535898,0.026902,0.0179492,0.0236771,0.0127565,0.00875873,0.0264877,0.00280765,0.00400966,0.00649451,0.0160962,0.00897703,0.00921317,0.00571224,0.0199798,0.0212074,0.0143694,0.0128612,0.00403365,0.00756146,0.00474865,0.0095953,0.0070836,0.0076354,0,0,0.021823,0,0.0139732,0.0185415,0.0371774,0.0137829,0.0437297,0.0111716,0.00729842,0.00833448,0.00662726,0.0137774,0.00743582,0.00509594,0.00344495,0.0471139,0.00211109,0.00296838,0.0201707,0.0152653,0.0095012,0.00709123,0.0136803,0.0108776
124,0.0105803,0.0145875,0.00487157,0.0172972,0.0156675,0.0113584,0,0,0.0100079,0,0.0179597,0.00528782,0.0269074,0.0175908,0.0232107,0.0125127,0.00872326,0.0258852,0.00297626,0.00352734,0.00661352,0.0160619,0.00941085,0.00999019,0.00611962,0.0196583,0.0168501,0.0138648,0.0128813,0.00386496,0.00867941,0.00486893,0.00896829,0.00670127,0.0070368,0,0,0.0213894,0,0.0140745,0.0180742,0.0364834,0.0123788,0.0437881,0.0110614,0.00687962,0.00838615,0.00623506,0.0128448,0.00693888,0.00473935,0.00385094,0.0459885,0.0025004,0.00437452,0.0214108,0.0154726,0.00973114,0.00680718,0.0135808,0.0106677
125,0.0100765,0.0138905,0.00507184,0.0173271,0.0172348,0.010169,0,0,0.00950216,0,0.0179147,0.00544039,0.0269551,0.0171271,0.0227626,0.0122561,0.00877722,0.0252573,0.00327091,0.00319256,0.00664999,0.0161423,0.0100728,0.011148,0.00652003,0.0193766,0.0134191,0.0135889,0.0128276,0.00395025,0.00966624,0.00512532,0.00853673,0.0064292,0.0064442,0,0,0.0212917,0,0.0141587,0.0177124,0.0359799,0.0109641,0.043977,0.011182,0.00663542,0.00870751,0.00582879,0.0119338,0.0065876,0.00432817,0.00482927,0.0450416,0.0032209,0.0061748,0.0209549,0.0158591,0.0101356,0.00642507,0.0135377,0.0103808
126,0.00959237,0.0132862,0.00814442,0.0174011,0.0185282,0.00914087,0,0,0.0091304,0,0.0178131,0.00564813,0.0270768,0.0168597,0.022393,0.011985,0.00885817,0.0246974,0.00366661,0.00340727,0.00684799,0.0163445,0.0108686,0.0124856,0.0068806,0.0192296,0.0117063,0.0135381,0.0127344,0.00409336,0.0103433,0.00546774,0.00794292,0.00635655,0.00598717,0,0,0.021462,0,0.0140985,0.0175221,0.0356203,0.00950053,0.0442894,0.0114168,0.00641046,0.00900798,0.00545664,0.0112052,0.00645577,0.00387722,0.00571103,0.04445,0.00378197,0.0077823,0.0203562,0.0163336,0.0103968,0.00598105,0.0134146,0.0100594
127,0.00925787,0.012813,0.0122673,0.0175116,0.0192669,0.00830621,0,0,0.00887844,0,0.0177206,0.00575029,0.0274686,0.0165243,0.0221173,0.0116776,0.00884253,0.0243421,0.00426359,0.00438608,0.00712136,0.0166792,0.0116529,0.0137989,0.00716275,0.0192601,0.0123708,0.0136371,0.0126292,0.00402685,0.0111549,0.0058425,0.00733743,0.00650091,0.00567526,0,0,0.0219824,0,0.0139779,0.0175278,0.0352915,0.00808963,0.0444016,0.0114467,0.00606029,0.00921779,0.00517244,0.010778,0.00651,0.0034926,0.00648096,0.0442018,0.00416292,0.0091107,0.0197193,0.0168801,0.0106403,0.00554877,0.0131181,0.00968394
128,0.00926343,0.0125052,0.0168377,0.0176001,0.0195144,0.00770423,0,0,0.00857015,0,0.0176405,0.00568985,0.028056,0.0160306,0.0219616,0.0114552,0.00864239,0.0242343,0.00503935,0.00593031,0.007442,0.0171902,0.012313,0.0149007,0.00725509,0.0194046,0.0155205,0.013759,0.0125218,0.00406842,0.0119246,0.00621709,0.00686829,0.00678136,0.00540837,0,0,0.0228077,0,0.0137012,0.0176647,0.0350439,0.00712735,0.0445443,0.0113911,0.00569333,0.00935296,0.00492494,0.0106343,0.00675747,0.00326219,0.00705614,0.0441379,0.00441656,0.0100676,0.0186747,0.0174874,0.0106709,0.00521967,0.0126988,0.00926946
129,0.00911672,0.0123085,0.0210054,0.0176869,0.0196033,0.00726411,0,0,0.00828776,0,0.0175668,0.00551601,0.0285306,0.0157375,0.0218862,0.0109489,0.00831522,0.0242466,0.00578422,0.00772843,0.00778138,0.0177572,0.0128188,0.0157233,0.00718756,0.0196259,0.0201891,0.0138131,0.0124211,0.00428793,0.012313,0.00653719,0.00649036,0.00722744,0.00520245,0,0,0.0236472,0,0.013401,0.0178878,0.0348988,0.00666158,0.0448294,0.0111382,0.00541329,0.00943552,0.00463311,0.0105721,0.00687072,0.00306592,0.00720998,0.0441677,0.00446423,0.0103944,0.0175665,0.0180663,0.0104895,0.0050374,0.0122459,0.00891522
130,0.0088317,0.0121967,0.0242459,0.0177559,0.0196565,0.00690807,0,0,0.00789769,0,0.0174646,0.00515723,0.0288668,0.0164937,0.0218886,0.0103628,0.00782105,0.0241509,0.0064571,0.00950907,0.00806437,0.0183175,0.0131757,0.0164245,0.00709294,0.019903,0.0253688,0.013626,0.0123376,0.00431679,0.0122808,0.00668875,0.00624212,0.00782972,0.0051401,0,0,0.0243429,0,0.0130139,0.0180919,0.034685,0.00643596,0.0451097,0.0108459,0.00526063,0.0093171,0.00425678,0.0104151,0.00673808,0.00276755,0.00689169,0.0442181,0.00432351,0.00980973,0.016524,0.0185002,0.0100183,0.00505711,0.0118398,0.00867394
131,0.0086518,0.0122101,0.0268577,0.0177686,0.0197285,0.00660029,0,0,0.00734175,0,0.0173211,0.00461809,0.0290166,0.0182502,0.0218989,0.009822,0.00718394,0.0239338,0.0070075,0.0112786,0.00806009,0.018947,0.0134433,0.0170931,0.00696868,0.0201929,0.0306149,0.0132383,0.0122845,0.0043542,0.0120334,0.00668543,0.00601978,0.00849978,0.00500619,0,0,0.02495,0,0.0124364,0.0182186,0.0343455,0.00609452,0.0454098,0.0105376,0.00515925,0.0088669,0.00382164,0.0101529,0.00632501,0.00242653,0.00615643,0.0442836,0.00401329,0.00855508,0.0157472,0.0186804,0.00922804,0.00534996,0.0115906,0.00844409
132,0.00866953,0.0122198,0.0294615,0.0176831,0.0200439,0.00624996,0,0,0.0068117,0,0.0173478,0.00396447,0.0288404,0.0206676,0.0218065,0.00915013,0.00647008,0.0236828,0.00751333,0.013186,0.0079368,0.0195581,0.0137,0.0179291,0.00695199,0.0205069,0.0355795,0.012762,0.0123184,0.00421523,0.0116194,0.00672386,0.00592768,0.00917278,0.00470055,0,0,0.025803,0,0.0119451,0.0183828,0.0339424,0.00557371,0.0457436,0.0103384,0.00532697,0.0086366,0.00341084,0.00987381,0.00573371,0.00219319,0.00516175,0.0443727,0.00359549,0.00696533,0.0151811,0.0191333,0.00846892,0.00573827,0.0115644,0.0082832
133,0.00867266,0.0122399,0.0319103,0.0174672,0.0208321,0.00590389,0,0,0.00667253,0,0.0174376,0.00348899,0.0287824,0.0227576,0.0217989,0.0085695,0.00583812,0.0233118,0.00785089,0.0148012,0.00822268,0.0200048,0.0141404,0.0189322,0.00722909,0.0208572,0.0392436,0.0123853,0.0123468,0.00436854,0.0112457,0.0068083,0.00597912,0.00970948,0.00436291,0,0,0.0268413,0,0.0114719,0.0186811,0.0336116,0.00510977,0.0459441,0.0101568,0.00528736,0.00834109,0.00305935,0.00967216,0.00518884,0.0020653,0.00423459,0.0444797,0.0031589,0.00554085,0.0145906,0.0196783,0.00808497,0.0060889,0.0117067,0.00839071
134,0.00862758,0.0122899,0.0328957,0.0172421,0.0219031,0.00556963,0,0,0.00664345,0,0.0176043,0.00309318,0.0289585,0.0235565,0.0218869,0.00819105,0.00556655,0.0227601,0.00799757,0.016058,0.00887455,0.0203183,0.0147255,0.0198699,0.00749617,0.0211789,0.0407533,0.0120172,0.0124401,0.00413781,0.0110647,0.00688748,0.00617082,0.0101462,0.00406465,0,0,0.0278502,0,0.0108787,0.0189595,0.0333223,0.00486363,0.0460193,0.0100618,0.00445443,0.00784008,0.00277038,0.00957633,0.00479083,0.00205531,0.00374064,0.0446283,0.00289503,0.00482151,0.0141772,0.0201318,0.00799302,0.00643039,0.0119555,0.00885008
135,0.00860584,0.0125147,0.032209,0.017084,0.0226163,0.00522106,0,0,0.00659398,0,0.0177537,0.00261942,0.0292027,0.0229491,0.0218785,0.00784353,0.00575218,0.0222305,0.0081668,0.0170557,0.00954973,0.0207637,0.0153839,0.0206485,0.00776081,0.0212009,0.0400053,0.0115933,0.01254,0.0033622,0.0109413,0.00717654,0.00619456,0.0106818,0.00391912,0,0,0.028774,0,0.0100833,0.019165,0.0330646,0.00469106,0.0461771,0.0101475,0.00492228,0.00711853,0.0025299,0.00956357,0.00454616,0.00212151,0.00375276,0.0449324,0.00282512,0.00492485,0.0137899,0.0204721,0.00787877,0.00671154,0.0123296,0.00885052
136,0.00862762,0.0128292,0.030751,0.0169865,0.0231733,0.00476841,0,0,0.0065762,0,0.0179066,0.00224803,0.029363,0.0214419,0.02171,0.00741643,0.00591085,0.021792,0.00832389,0.0176371,0.00973475,0.0211719,0.0159119,0.0210916,0.00806673,0.0210036,0.0378317,0.0111112,0.0126198,0.00291449,0.0108112,0.0076116,0.00601738,0.0112774,0.00391373,0,0,0.0293605,0,0.00928879,0.0191467,0.0328133,0.00469072,0.0463704,0.010428,0.00512789,0.00637119,0.0022927,0.00951992,0.00431872,0.00218246,0.00428873,0.0452903,0.00300414,0.00581428,0.0134036,0.0206106,0.00759415,0.00701168,0.0127072,0.00891972
137,0.00912853,0.0131895,0.0293482,0.0168791,0.0240193,0.00428327,0,0,0.00662937,0,0.0180481,0.00211528,0.0293664,0.0201791,0.0215266,0.00706485,0.00587565,0.0214534,0.00846153,0.0176834,0.00991452,0.0214589,0.0162041,0.0211381,0.00826584,0.0207988,0.0352801,0.010833,0.0126834,0.00281349,0.0110484,0.00819331,0.00593886,0.0119073,0.00410427,0,0,0.0298042,0,0.0085391,0.0190429,0.0325742,0.00529557,0.0466435,0.0108024,0.0048962,0.005614,0.00205349,0.00955826,0.00410294,0.00214641,0.00530588,0.0455721,0.00345435,0.00730715,0.0130063,0.0207304,0.00732067,0.00722463,0.0130001,0.00911392
138,0.00952337,0.0135345,0.0285334,0.0167748,0.0252541,0.00358925,0,0,0.00653752,0,0.0181633,0.00190022,0.0293455,0.0200966,0.0210747,0.00692638,0.00562464,0.0211347,0.00856714,0.0170513,0.00974088,0.0215617,0.0164259,0.0209548,0.00843126,0.0205541,0.0331589,0.0104342,0.012704,0.0027525,0.0115016,0.00883912,0.00586172,0.0127301,0.00442054,0,0,0.0296516,0,0.00799045,0.0182516,0.0323276,0.00617505,0.0469866,0.0114015,0.00479115,0.00502462,0.00188389,0.00958689,0.00396887,0.00203413,0.00640327,0.0458988,0.00409459,0.00889033,0.0127853,0.0205718,0.00676845,0.00720398,0.013232,0.00929199
139,0.00851921,0.0136962,0.0287236,0.0165722,0.0270526,0.00281214,0,0,0.00574173,0,0.0183269,0.00143423,0.0292173,0.0214838,0.0203253,0.00788599,0.00538879,0.0202427,0.00861133,0.0156365,0.00924858,0.0215008,0.0166551,0.0206924,0.0086859,0.0202821,0.0319447,0.00921011,0.0127461,0.00252516,0.0120898,0.00962998,0.00592709,0.0137515,0.00257131,0,0,0.025477,0,0.00832613,0.0148636,0.0320042,0.00733343,0.0472333,0.012003,0.00470512,0.00643253,0.00180633,0.00968743,0.00383908,0.00191069,0.00735218,0.0463873,0.00462619,0.0103344,0.0126102,0.0187032,0.00522935,0.00637587,0.0137983,0.00852781
140,0.00922106,0.0141819,0.029773,0.0165584,0.0297241,0.00229817,0,0,0.0060585,0,0.0183118,0.00155577,0.0291952,0.0240584,0.0198269,0.0100239,0.0051738,0.0201432,0.00904536,0.0138569,0.00912018,0.0214043,0.0172122,0.020574,0.00929673,0.0198273,0.0321016,0.00931268,0.0126839,0.00241692,0.0128397,0.0101902,0.00629891,0.0147881,0.00365816,0,0,0.0250035,0,0.00769343,0.0145286,0.0316692,0.00858226,0.047458,0.0125677,0.00441811,0.0057458,0.0017958,0.00986831,0.00366345,0.00196567,0.0079801,0.0468846,0.00501074,0.0113651,0.0122499,0.0173488,0.00530477,0.00639134,0.0139373,0.00905103
141,0.00915226,0.0146535,0.0312832,0.0165308,0.0329384,0.00235531,0,0,0.00636873,0,0.0183971,0.00167321,0.0291019,0.0286102,0.0190308,0.0137301,0.00543133,0.0203014,0.00969556,0.0114429,0.00968543,0.0212647,0.0181364,0.0204817,0.0100659,0.019472,0.0332991,0.00943118,0.0126329,0.00239161,0.0130658,0.0106958,0.00644812,0.0163738,0.00325866,0,0,0.0229125,0,0.00785176,0.0128735,0.0313216,0.00926198,0.0479799,0.0132505,0.00358014,0.0064308,0.00168903,0.00985366,0.0032994,0.00203182,0.00829904,0.0475337,0.00533129,0.0116221,0.0118879,0.0158839,0.00515626,0.00619307,0.0145912,0.00911718
142,0.00971393,0.0159332,0.0329783,0.0165528,0.0356899,0.00306031,0,0,0.00682411,0,0.0184231,0.00180451,0.0290874,0.033299,0.0183795,0.0177661,0.00661185,0.0217259,0.0108538,0.0103006,0.0116907,0.0209565,0.0196271,0.0211058,0.010902,0.0191079,0.0346957,0.0100791,0.0126068,0.0024706,0.0129627,0.0112267,0.00651722,0.0181901,0.00281476,0,0,0.0196935,0,0.00825256,0.0109047,0.031014,0.00933679,0.0484548,0.0138612,0.00390167,0.0078219,0.00162337,0.00974176,0.00284236,0.00216103,0.0082432,0.0480474,0.00564289,0.0113309,0.0115742,0.0143912,0.00481575,0.0055596,0.0163733,0.0098691
