Timestep,C7,CLAV,IMU_L,IMU_M,IMU_R,L5FT,L5HD,LANK,LASI,LBHD,LBL,LBR,LEAR,LELB,LFHD,LFIN,LFRM,LGTR,LHEE,LILC,LKNE,LML,LMR,LPSI,LSHO,LTHI,LTHIA,LTHII,LTHIP,LTIB,LTIBA,LTIBI,LTIBP,LTL,LTOE,LTR,LUPA,LWRA,LWRB,R5FT,R5HD,RANK,RASI,RBAK,RBHD,REAR,RELB,RFHD,RFIN,RFRM,RGTR,RHEE,RILC,RKNE,RPSI,RSHO,RTHI,RTHIA,RTHII,RTHIP,RTIB,RTIBA,RTIBI,RTIBP,RTOE,RUPA,RWRA,RWRB,STRN,T10,x70,x71,x72
All Timesteps RMSE,0.0196168,0.0164305,0,0,0,0.0333959,0.0240003,0.0213962,0.0104404,0,0,0,0,0.022748,0,0.00706612,0.0166458,0.0311901,0.0212149,0.0129686,0.0135818,0,0,0.0161661,0.0197086,0.00718047,0.0114439,0.0101895,0.0366123,0.00961526,0.0131373,0.00926623,0.0150054,0,0.0377457,0,0.0155001,0.0211584,0.00808627,0.0204844,0.00596269,0.00987706,0.0104525,0.0101151,0,0,0.0243109,0,0.0113209,0.0183507,0.0688115,0.0146521,0.0135314,0.0127695,0.0132313,0.0111636,0.00428931,0.0333535,0.0113869,0.00908652,0.00938854,0.0081685,0.00828526,0.0141356,0.0234325,0.017198,0.0201112,0.00878002,0.0166033,0.0118035,0,0,0
0,0.0221046,0.0175922,0,0,0,0.0342781,0.0239482,0.0240579,0.0149157,0,0,0,0,0.0283126,0,0.0045309,0.019663,0.0264628,0.0250942,0.0122243,0.0106325,0,0,0.0158484,0.0125395,0.00883181,0.0110189,0.0110964,0.0340195,0.00944178,0.0092748,0.00737333,0.0169906,0,0.0406521,0,0.0190332,0.0200971,0.00717549,0.0135449,0.00533572,0.0101399,0.00902834,0.0137479,0,0,0.0212492,0,0.0116459,0.0173841,0.0690869,0.0208702,0.01614,0.00297207,0.00919726,0.0133597,0.00450032,0.0315433,0.00573033,0.0045744,0.0101792,0.00607057,0.0109173,0.0205455,0.0167568,0.0172438,0.0223015,0.00760822,0.0180947,0.0149222,0,0,0
1,0.0219819,0.0176266,0,0,0,0.0329449,0.0238456,0.0238895,0.0147191,0,0,0,0,0.0280804,0,0.00470745,0.0196297,0.0269256,0.0253886,0.0124071,0.0109768,0,0,0.0163342,0.0130638,0.00950029,0.0112629,0.0105816,0.0342835,0.00888977,0.00828344,0.00600899,0.0171805,0,0.0385935,0,0.0188591,0.0201362,0.00718578,0.0133593,0.00529375,0.00948301,0.00864995,0.0134504,0,0,0.0211468,0,0.0116364,0.0174291,0.069165,0.01964,0.0166764,0.00262407,0.0089443,0.0130602,0.00436702,0.0317131,0.00509896,0.00449611,0.010148,0.00613024,0.0106735,0.0199383,0.0166796,0.016754,0.0219176,0.00732237,0.0180872,0.0148749,0,0,0
2,0.0220437,0.0176291,0,0,0,0.030536,0.0238643,0.0236092,0.0148266,0,0,0,0,0.0278575,0,0.00514564,0.0195167,0.027486,0.0256107,0.0126371,0.0120133,0,0,0.0166693,0.0134848,0.0102078,0.0118908,0.0101982,0.0344789,0.00844352,0.00719462,0.00500363,0.0174375,0,0.0352278,0,0.0187425,0.0202617,0.00702764,0.013494,0.00542345,0.00904627,0.00853614,0.0132764,0,0,0.0210842,0,0.0118493,0.0175949,0.0694009,0.0189157,0.0168877,0.0025713,0.00884973,0.0128592,0.00431827,0.0320014,0.0047189,0.00454714,0.0104736,0.00615643,0.0106536,0.0197912,0.0168653,0.0168361,0.0216735,0.00686165,0.0180542,0.0146786,0,0,0
3,0.0220457,0.0174905,0,0,0,0.0273304,0.0238351,0.0227471,0.0148555,0,0,0,0,0.0275769,0,0.00540462,0.0194246,0.0280025,0.0253551,0.0128399,0.0133754,0,0,0.0168285,0.0137647,0.0108202,0.0125905,0.0096871,0.0346629,0.00807832,0.00597843,0.00399427,0.0176913,0,0.0308844,0,0.0186175,0.020324,0.00696749,0.0135416,0.00552797,0.00857155,0.00841572,0.013093,0,0,0.0210627,0,0.011965,0.017644,0.0696874,0.0183599,0.0169579,0.00255747,0.00876939,0.0126692,0.00422168,0.0323291,0.00430312,0.00461528,0.0107341,0.00621592,0.0106344,0.0198133,0.0171666,0.0169936,0.0214606,0.0066893,0.0179219,0.0143497,0,0,0
4,0.02204,0.0174434,0,0,0,0.0235808,0.0236952,0.0215455,0.0147063,0,0,0,0,0.0273115,0,0.00553431,0.0194447,0.0285349,0.0246245,0.012995,0.0147588,0,0,0.0169334,0.0140268,0.0114018,0.0132833,0.00912875,0.0346766,0.00779865,0.00488905,0.00298695,0.0176953,0,0.0256322,0,0.0185027,0.020297,0.00711055,0.0136265,0.00553945,0.00812594,0.00826956,0.0129129,0,0,0.0211932,0,0.0119391,0.0176954,0.0699463,0.0177765,0.0169697,0.00263511,0.00877011,0.0124743,0.00416915,0.0326599,0.0039975,0.00471823,0.0107828,0.00628604,0.0105773,0.01987,0.0174847,0.0171682,0.0212552,0.00668975,0.0178923,0.0139764,0,0,0
5,0.0220026,0.0175103,0,0,0,0.0197822,0.0234781,0.0200595,0.0143248,0,0,0,0,0.0272887,0,0.00562462,0.0196292,0.0291673,0.0234965,0.0131906,0.0155822,0,0,0.0170943,0.0144471,0.0115824,0.0136357,0.008436,0.0347033,0.00744663,0.0043458,0.00225241,0.0176077,0,0.0199905,0,0.0184635,0.0201908,0.0073099,0.0137943,0.00552413,0.00763548,0.00799594,0.0127563,0,0,0.0213931,0,0.0118257,0.0177276,0.0701876,0.0170998,0.0169109,0.00282821,0.00883225,0.0123236,0.00414644,0.0329958,0.00387182,0.00482029,0.0106971,0.00640539,0.0104205,0.0198772,0.0178461,0.0172947,0.0210168,0.00663563,0.0179551,0.013699,0,0,0
6,0.0221732,0.0177396,0,0,0,0.0168964,0.0234336,0.0181187,0.0136493,0,0,0,0,0.0272908,0,0.00561078,0.0196226,0.0299528,0.0218831,0.0134071,0.0155726,0,0,0.0171742,0.0147642,0.011262,0.0134004,0.00749035,0.0348182,0.00686837,0.00440953,0.00201778,0.0174741,0,0.0149548,0,0.0184673,0.020306,0.00707746,0.0141153,0.00552507,0.00712471,0.00757656,0.0127828,0,0,0.0215396,0,0.0117501,0.017767,0.0704248,0.0163822,0.0167458,0.00307234,0.00891034,0.0122723,0.00413625,0.0333754,0.00385809,0.0049785,0.0108004,0.00654801,0.0102343,0.019633,0.0182082,0.017391,0.0208546,0.00656427,0.0181576,0.0136315,0,0,0
7,0.0224529,0.0180869,0,0,0,0.0163377,0.0235257,0.0162518,0.0127911,0,0,0,0,0.027476,0,0.0057788,0.0196213,0.0304425,0.0196047,0.0135227,0.0149229,0,0,0.0173301,0.0150686,0.0105867,0.0127695,0.00646189,0.0350042,0.00598301,0.00476993,0.00241577,0.0172204,0,0.0124321,0,0.0186513,0.0205298,0.00685931,0.0144125,0.00549639,0.00656823,0.00708953,0.0128904,0,0,0.0217323,0,0.0116823,0.0179238,0.0705946,0.0155762,0.0165125,0.00329106,0.00907933,0.0121942,0.00411234,0.0337818,0.00383328,0.00517135,0.0107136,0.00673796,0.0100502,0.0192681,0.0186203,0.0175008,0.0207837,0.00650566,0.018485,0.0136421,0,0,0
8,0.0225841,0.0184683,0,0,0,0.0190987,0.0235374,0.0151475,0.0119791,0,0,0,0,0.0277822,0,0.00598053,0.0197779,0.0307255,0.0172938,0.0135268,0.0141503,0,0,0.017837,0.0153944,0.00966259,0.0119898,0.00591184,0.0352941,0.00501644,0.00538269,0.00331843,0.0167872,0,0.0147447,0,0.018915,0.0205993,0.00694659,0.0148194,0.00548256,0.00596386,0.00655577,0.0128483,0,0,0.0219228,0,0.0116983,0.018124,0.0706852,0.014678,0.0162673,0.00354417,0.00952133,0.0119729,0.00410516,0.0341282,0.00381544,0.00541351,0.0105548,0.00697477,0.00983968,0.0191591,0.0191745,0.0175651,0.0206168,0.00642305,0.0188742,0.0135226,0,0,0
9,0.0226913,0.0189855,0,0,0,0.0234956,0.0234859,0.0153014,0.0110218,0,0,0,0,0.0281966,0,0.00623724,0.0200911,0.0308632,0.0157637,0.0136369,0.0134225,0,0,0.0185571,0.0157915,0.00846732,0.0111815,0.00626396,0.0357545,0.00410641,0.00573769,0.00418409,0.0163917,0,0.0195501,0,0.0192909,0.0205827,0.00725329,0.0153189,0.00550772,0.00538665,0.00594229,0.0127772,0,0,0.0222129,0,0.0118135,0.0182679,0.0707059,0.0138059,0.0159387,0.00381224,0.0102357,0.0117437,0.00411786,0.03441,0.00382145,0.00567082,0.0103,0.00723847,0.00963213,0.0191104,0.0198131,0.0176252,0.0204365,0.00647742,0.0194377,0.0133831,0,0,0
10,0.0228508,0.0196239,0,0,0,0.028146,0.0234613,0.0166355,0.0100931,0,0,0,0,0.0286644,0,0.0065036,0.0204087,0.0309071,0.015652,0.0138124,0.0128089,0,0,0.0189873,0.0162248,0.00749433,0.0109703,0.00765231,0.0363746,0.00344054,0.00558346,0.00478739,0.0161584,0,0.0243811,0,0.0197702,0.020654,0.00732932,0.0160673,0.00549958,0.00507268,0.00545997,0.0126749,0,0,0.0225047,0,0.0118557,0.0183934,0.0706976,0.0132315,0.0154819,0.00411585,0.0111575,0.011452,0.00416878,0.0346717,0.00401344,0.005982,0.00985307,0.00750471,0.00950486,0.0188772,0.0206447,0.0176604,0.0203997,0.00661214,0.0201137,0.0132166,0,0,0
11,0.0229118,0.0201202,0,0,0,0.0322508,0.0233533,0.0182582,0.00936404,0,0,0,0,0.0290287,0,0.00673941,0.0206695,0.0308765,0.0164817,0.0140152,0.012667,0,0,0.0192286,0.0166114,0.00697809,0.0117321,0.00978723,0.0371514,0.00300198,0.00495973,0.00501506,0.0161801,0,0.0284535,0,0.0200977,0.0206329,0.00732721,0.0170331,0.00550888,0.0048793,0.00516796,0.012463,0,0,0.0225477,0,0.0118933,0.0184553,0.0706897,0.0128069,0.0150103,0.00441413,0.0120316,0.0110307,0.00422169,0.0348868,0.00423842,0.00631951,0.00956238,0.00780207,0.0093855,0.0184905,0.0217519,0.017525,0.0204145,0.00649763,0.0206334,0.01276,0,0,0
12,0.0227811,0.0204795,0,0,0,0.0352002,0.0231387,0.0195843,0.0088624,0,0,0,0,0.0294078,0,0.00702134,0.0210444,0.0308291,0.0175733,0.0142807,0.0131574,0,0,0.0195828,0.0170881,0.00700112,0.0132233,0.0122836,0.0380908,0.00275953,0.00409865,0.00498221,0.0164867,0,0.0312614,0,0.0204247,0.0204665,0.00769167,0.0179853,0.00552256,0.0045711,0.00500962,0.0121451,0,0,0.0223948,0,0.0119618,0.0184816,0.0706934,0.0123173,0.0145676,0.00462999,0.0128652,0.0104529,0.00422081,0.0350522,0.0043774,0.00669494,0.00952801,0.00818346,0.00916217,0.018218,0.0230663,0.0171716,0.0203848,0.00645421,0.0209999,0.0121569,0,0,0
13,0.0226126,0.0208663,0,0,0,0.036433,0.0228845,0.0203996,0.00855805,0,0,0,0,0.0298896,0,0.00729861,0.0214685,0.0308696,0.0187446,0.0146806,0.0137677,0,0,0.0204832,0.0176492,0.00731422,0.0147773,0.0146952,0.039134,0.0027458,0.00331653,0.00484909,0.0168574,0,0.0325049,0,0.0208192,0.0203357,0.00801649,0.0189963,0.00551679,0.00431036,0.00488286,0.011867,0,0,0.0223412,0,0.0119932,0.0185322,0.0706965,0.0118004,0.0142886,0.00486011,0.0136776,0.00980371,0.00417197,0.0351133,0.00447204,0.00694334,0.00956126,0.00860274,0.00887942,0.0179276,0.0243967,0.0166635,0.0203051,0.00651661,0.0214175,0.0116162,0,0,0
14,0.0224853,0.0212405,0,0,0,0.0361963,0.0227609,0.0210159,0.00836986,0,0,0,0,0.0303014,0,0.00746391,0.0217079,0.0309808,0.0203343,0.0152017,0.0143082,0,0,0.0213308,0.0181351,0.00767735,0.0162221,0.016804,0.0402267,0.00296776,0.0029348,0.00494121,0.0171795,0,0.0324873,0,0.0211132,0.0204404,0.00804356,0.0199985,0.00552261,0.00438749,0.00484311,0.0116712,0,0,0.0223942,0,0.0119837,0.0184842,0.0707338,0.0115286,0.0141263,0.0050723,0.0143546,0.00922296,0.00410302,0.0351035,0.00450216,0.00722826,0.00953322,0.00883678,0.0088185,0.01784,0.0255238,0.0163388,0.0201002,0.00640959,0.0218372,0.011234,0,0,0
15,0.0223839,0.0215795,0,0,0,0.035182,0.0228012,0.021546,0.00817632,0,0,0,0,0.0306576,0,0.00767185,0.0218238,0.0311689,0.0221952,0.015737,0.0153025,0,0,0.0219105,0.0185559,0.00807549,0.017409,0.0185405,0.0413136,0.00363852,0.00304053,0.00498756,0.017701,0,0.0316792,0,0.0213712,0.0207297,0.00776621,0.0208151,0.00554412,0.00443699,0.00484396,0.0115504,0,0,0.0224259,0,0.0120366,0.0184672,0.070896,0.0114891,0.0139869,0.00521791,0.0148238,0.00866218,0.00405214,0.0351284,0.00450334,0.00747421,0.00949826,0.00893881,0.00874761,0.0177577,0.0265301,0.0160137,0.0199006,0.0065812,0.0221909,0.0109347,0,0,0
16,0.0221556,0.0217982,0,0,0,0.0336657,0.0228055,0.021914,0.00791309,0,0,0,0,0.0309863,0,0.00788465,0.021984,0.03143,0.0238772,0.0162478,0.0164473,0,0,0.0223021,0.0189943,0.00826754,0.0180488,0.0197193,0.0422482,0.00459279,0.00363532,0.00483994,0.0184048,0,0.0305469,0,0.0216079,0.020858,0.00759505,0.0215216,0.00556713,0.00477341,0.00477489,0.0114424,0,0,0.0224057,0,0.012157,0.0184908,0.0711557,0.0118046,0.0139466,0.00520198,0.0150678,0.00814208,0.00416351,0.0352113,0.00447343,0.00764817,0.00948826,0.00878892,0.00882097,0.01773,0.0272783,0.0159271,0.0196506,0.00710714,0.0224219,0.0106511,0,0,0
17,0.0218518,0.0219255,0,0,0,0.0315634,0.0226871,0.0217359,0.00755395,0,0,0,0,0.0313137,0,0.00813239,0.0222127,0.0317287,0.0250542,0.0167071,0.017624,0,0,0.022949,0.0194784,0.00826978,0.0181956,0.0202568,0.0429794,0.00558698,0.00459376,0.00464968,0.0192142,0,0.0292132,0,0.0218736,0.0208017,0.00763985,0.0219648,0.00561208,0.00503105,0.00458379,0.0113438,0,0,0.022389,0,0.0122953,0.0184561,0.0715266,0.0121658,0.0140788,0.00509527,0.0152095,0.00763004,0.00420891,0.0352999,0.00445484,0.00771363,0.00965543,0.00859927,0.00880991,0.0176596,0.0278211,0.0157893,0.0194397,0.00748587,0.0225584,0.0104718,0,0,0
18,0.0215214,0.0219988,0,0,0,0.0291643,0.0224945,0.0212479,0.00717416,0,0,0,0,0.0316189,0,0.0084878,0.0224489,0.0319779,0.0256154,0.0170282,0.0187221,0,0,0.0235382,0.0199219,0.00807387,0.0178848,0.0202279,0.043395,0.0064346,0.00561321,0.0044679,0.0199353,0,0.0279115,0,0.0221501,0.020582,0.00800724,0.022129,0.00566763,0.00527693,0.00433499,0.0112677,0,0,0.0223926,0,0.0124243,0.0183133,0.0720208,0.0126139,0.0142785,0.00486285,0.0152892,0.00715426,0.00417032,0.0354428,0.00445803,0.00766991,0.00963565,0.00834256,0.00880343,0.0176574,0.0281639,0.0155289,0.0191501,0.00763017,0.0226317,0.0103894,0,0,0
19,0.0212592,0.0220348,0,0,0,0.0271337,0.022374,0.0206767,0.0068436,0,0,0,0,0.031738,0,0.00872841,0.022582,0.0321494,0.0257209,0.0172342,0.0193471,0,0,0.0238386,0.0202954,0.00759537,0.0172951,0.0197971,0.0435218,0.00696476,0.00633828,0.0043016,0.0204105,0,0.0269624,0,0.0223437,0.0204796,0.00815948,0.0220572,0.00572298,0.00554917,0.00406573,0.0112162,0,0,0.0222766,0,0.0125209,0.0180912,0.0725857,0.0132968,0.0144886,0.00447091,0.0152202,0.00671353,0.00415787,0.0356843,0.00449936,0.00758168,0.00929767,0.00799196,0.00883645,0.0176747,0.0283142,0.0151645,0.0188331,0.00772166,0.0226636,0.0101177,0,0,0
20,0.0210016,0.0219565,0,0,0,0.0254428,0.0223473,0.0199581,0.00663573,0,0,0,0,0.0318018,0,0.00883098,0.0226134,0.0322374,0.0253117,0.0173576,0.019337,0,0,0.0238126,0.0207048,0.00692641,0.0165354,0.0190438,0.0434064,0.00712584,0.00658056,0.00411451,0.0206107,0,0.0260591,0,0.022452,0.020495,0.00806851,0.0218126,0.00581243,0.0058714,0.00377294,0.0111102,0,0,0.0220334,0,0.0126152,0.0178896,0.0731052,0.0140644,0.0146648,0.00396864,0.0150315,0.00638344,0.00410067,0.0359594,0.00458101,0.00742395,0.00901061,0.00754859,0.00887898,0.0175605,0.0282382,0.015094,0.0185841,0.00772423,0.0226052,0.009833,0,0,0
21,0.0206993,0.0217113,0,0,0,0.0240409,0.0223651,0.0192179,0.0065604,0,0,0,0,0.0318428,0,0.00886954,0.0225982,0.0322994,0.0245406,0.017441,0.0187065,0,0,0.02364,0.0210527,0.00613855,0.0155381,0.0179846,0.0431042,0.00689954,0.00633449,0.00391228,0.0205358,0,0.0252037,0,0.0224544,0.02051,0.00810398,0.0214512,0.00592819,0.00627644,0.0034488,0.0109133,0,0,0.0219439,0,0.0126899,0.0177552,0.0735668,0.0147385,0.0148556,0.00334274,0.014752,0.00624196,0.0039145,0.0362529,0.00472781,0.00716684,0.00878214,0.0070407,0.00890827,0.0173541,0.0280383,0.0150626,0.0184061,0.00771455,0.0224018,0.00967101,0,0,0
22,0.02041,0.0214453,0,0,0,0.022858,0.0223499,0.0185488,0.00661931,0,0,0,0,0.0318975,0,0.00890038,0.0225926,0.0324202,0.0236173,0.0175009,0.0178137,0,0,0.0237263,0.0213256,0.00531403,0.0143485,0.0166702,0.042685,0.00644846,0.00573607,0.00377774,0.0203196,0,0.0244742,0,0.022403,0.0204914,0.00814004,0.0210491,0.00599579,0.00672401,0.00322051,0.0106728,0,0,0.0218298,0,0.0127488,0.0176998,0.0739136,0.0153027,0.0151429,0.00261123,0.0145436,0.00616362,0.00393202,0.0365581,0.00502659,0.00670321,0.00861627,0.00649258,0.00886493,0.0169668,0.0278209,0.0148863,0.0182653,0.00786984,0.0221813,0.00955203,0,0,0
23,0.0201639,0.0211968,0,0,0,0.0220509,0.0223134,0.0180047,0.00675864,0,0,0,0,0.031812,0,0.00895788,0.0226827,0.0324992,0.0226613,0.0175378,0.0166973,0,0,0.023839,0.0215527,0.00445654,0.0130708,0.015316,0.0422191,0.00594342,0.0049468,0.00369749,0.019998,0,0.0239002,0,0.0223264,0.0204383,0.00816847,0.0207112,0.00603383,0.00723527,0.00306235,0.0104071,0,0,0.0219506,0,0.0127577,0.0177486,0.0741742,0.0160648,0.0154688,0.00214169,0.0142996,0.00614622,0.00403444,0.0368402,0.00537348,0.00615451,0.00850309,0.00589087,0.00886948,0.0162784,0.0275056,0.0146773,0.0180841,0.00808232,0.0219369,0.00943579,0,0,0
24,0.0199847,0.0209792,0,0,0,0.0215474,0.0223221,0.0175396,0.00694726,0,0,0,0,0.0316926,0,0.00895237,0.0227453,0.0324809,0.0216855,0.0175331,0.0155726,0,0,0.0238977,0.0217504,0.00366458,0.0119099,0.0139666,0.0418468,0.00551897,0.00418336,0.00367333,0.0197078,0,0.0233408,0,0.0222493,0.0204282,0.00814291,0.0205075,0.00607916,0.00782564,0.00295498,0.010128,0,0,0.0220598,0,0.0127034,0.0177994,0.0744369,0.0168292,0.0157647,0.00229254,0.0140059,0.00615815,0.00383256,0.0371072,0.00573786,0.00576881,0.0083335,0.00524315,0.00894063,0.0156159,0.0272626,0.0145107,0.017962,0.0079564,0.0216911,0.00930314,0,0,0
25,0.0199163,0.0207959,0,0,0,0.0214069,0.0223955,0.0172167,0.0072378,0,0,0,0,0.031727,0,0.00883356,0.0227767,0.0323934,0.0208433,0.0174993,0.01452,0,0,0.0238394,0.0218896,0.00302574,0.0107925,0.0126473,0.0415385,0.00515686,0.00351555,0.00375609,0.0194625,0,0.0230082,0,0.0221283,0.0205434,0.00799181,0.0202606,0.00609451,0.00855181,0.00291359,0.00986367,0,0,0.0221912,0,0.0125909,0.0178206,0.0747772,0.0174732,0.0160579,0.0031774,0.0136736,0.00620029,0.00362159,0.0373334,0.00622461,0.00552323,0.00826329,0.00457513,0.00902156,0.0150534,0.0271755,0.014446,0.017958,0.00812473,0.0214873,0.00919509,0,0,0
26,0.0198709,0.0206177,0,0,0,0.0216132,0.022482,0.0171794,0.00756583,0,0,0,0,0.0317448,0,0.0087137,0.0227918,0.0323329,0.0203966,0.0174299,0.0135917,0,0,0.0236951,0.0219378,0.00262515,0.00975166,0.011398,0.0412213,0.00489042,0.00309085,0.00412727,0.0192785,0,0.022804,0,0.0218901,0.0206963,0.00774493,0.0197861,0.00609611,0.0093855,0.0029212,0.00961732,0,0,0.0224776,0,0.0124667,0.0177902,0.0752344,0.0181393,0.0163612,0.00447383,0.0132725,0.00631026,0.00346487,0.0375442,0.00677792,0.0053533,0.00821288,0.00393776,0.00885533,0.0145068,0.0271065,0.0144671,0.0181335,0.00876362,0.021318,0.00914211,0,0,0
27,0.0197674,0.0204777,0,0,0,0.0219297,0.0223563,0.0175554,0.00784653,0,0,0,0,0.0316217,0,0.00879778,0.022914,0.032339,0.0206495,0.0174454,0.0128376,0,0,0.0237288,0.0219626,0.00233799,0.00885102,0.0104085,0.0411294,0.00521858,0.00342294,0.00467481,0.0192374,0,0.0226727,0,0.021641,0.0205384,0.00786939,0.0192673,0.00609627,0.0102316,0.0029329,0.0093929,0,0,0.0226916,0,0.012412,0.0178611,0.0757784,0.0185277,0.0167943,0.00579525,0.0128828,0.00629603,0.00332493,0.0377431,0.00733423,0.00534236,0.00817922,0.00342453,0.00872926,0.0138604,0.0268827,0.0143587,0.0182671,0.00906181,0.021179,0.00905542,0,0,0
28,0.0197092,0.0205639,0,0,0,0.0223021,0.0222131,0.0187577,0.00792317,0,0,0,0,0.0316107,0,0.00886927,0.023068,0.0324692,0.021367,0.0177284,0.0125274,0,0,0.0237812,0.021876,0.00205472,0.00812847,0.0100693,0.0416232,0.00605867,0.00460332,0.0051875,0.0193099,0,0.0226852,0,0.0215082,0.0204382,0.00809927,0.0187384,0.00607028,0.011069,0.00297096,0.00932441,0,0,0.0228453,0,0.0124142,0.0180293,0.076356,0.0188715,0.0173218,0.00706114,0.0125692,0.00606699,0.00314148,0.0378148,0.00788285,0.0054111,0.00818894,0.00300115,0.00860652,0.0130707,0.0263704,0.0141845,0.0183818,0.00902599,0.0212318,0.00905013,0,0,0
29,0.0197804,0.0209045,0,0,0,0.0221005,0.0221017,0.0192774,0.00778711,0,0,0,0,0.031729,0,0.00894305,0.0232202,0.032663,0.0210667,0.0180972,0.0130927,0,0,0.023941,0.0217196,0.00180301,0.00784719,0.0104769,0.0423948,0.00693797,0.00580504,0.0053664,0.0193102,0,0.0227151,0,0.0214261,0.0204786,0.00815007,0.0180764,0.00598427,0.01184,0.00306425,0.0093742,0,0,0.0229064,0,0.0124697,0.0181496,0.0768959,0.0192194,0.0179255,0.00825224,0.0122042,0.00560603,0.00292485,0.0378031,0.00847554,0.00524273,0.0080272,0.00271913,0.00831085,0.0120945,0.0254087,0.0142612,0.0184744,0.00888294,0.0215235,0.00915309,0,0,0
30,0.0200185,0.0212969,0,0,0,0.0205351,0.0219915,0.0180845,0.00777239,0,0,0,0,0.031799,0,0.00909949,0.0233515,0.0328439,0.0197413,0.0180974,0.0142279,0,0,0.0237674,0.0216253,0.00179472,0.00841848,0.0111461,0.0426152,0.00676905,0.00570646,0.00528924,0.0189715,0,0.0218651,0,0.0214118,0.0205811,0.00821849,0.0170596,0.00589051,0.0123705,0.00330326,0.00946823,0,0,0.0229037,0,0.0125701,0.0182279,0.0774001,0.0191141,0.0184934,0.00950752,0.0116566,0.00500243,0.00271985,0.0378847,0.00918904,0.00514194,0.00777244,0.00264661,0.0078368,0.0108934,0.0240245,0.0142411,0.018514,0.00876681,0.0218409,0.00928681,0,0,0
31,0.0204598,0.0215671,0,0,0,0.0174705,0.0219378,0.0162184,0.00803913,0,0,0,0,0.0317922,0,0.00924441,0.0233754,0.0327646,0.0183883,0.0176897,0.0145958,0,0,0.0233378,0.0216896,0.0023638,0.00912757,0.0112585,0.0421887,0.00548619,0.00503948,0.00563339,0.0183903,0,0.0190986,0,0.0214021,0.0207494,0.00821264,0.0159515,0.00577721,0.0126377,0.00369403,0.00961245,0,0,0.022829,0,0.0126916,0.0182911,0.0778384,0.0183357,0.019058,0.0108504,0.0110942,0.004439,0.00262096,0.0380818,0.0100444,0.00518886,0.00754577,0.00279645,0.00723603,0.00943644,0.0222577,0.014152,0.0186778,0.00889869,0.0220488,0.00940398,0,0,0
32,0.0209375,0.0216647,0,0,0,0.0145104,0.0219532,0.0150107,0.00839499,0,0,0,0,0.0316293,0,0.00930483,0.0232498,0.0323166,0.0178617,0.0171925,0.0140621,0,0,0.0229165,0.0219609,0.00319797,0.00925035,0.0104007,0.0414867,0.00450369,0.00550329,0.00657325,0.0178706,0,0.0165209,0,0.0214276,0.0209838,0.00790558,0.0149061,0.0056619,0.0127797,0.00412557,0.00970379,0,0,0.0227349,0,0.01277,0.0183413,0.0781488,0.0171048,0.019567,0.0122115,0.0106868,0.00407633,0.00252145,0.0382571,0.0109197,0.00558691,0.0075219,0.00308522,0.00664272,0.00785,0.0204173,0.0139824,0.018944,0.00946211,0.0221341,0.00946984,0,0,0
33,0.0210784,0.0214637,0,0,0,0.0125224,0.0219552,0.0148669,0.0087871,0,0,0,0,0.0312294,0,0.00928188,0.0230144,0.0316466,0.0180035,0.016748,0.0143103,0,0,0.0220402,0.0224422,0.00446686,0.00969444,0.00905975,0.0410439,0.00491219,0.00697223,0.00744283,0.0177408,0,0.0162666,0,0.0213606,0.0209785,0.00798686,0.0141074,0.00563442,0.0129196,0.00457553,0.00953896,0,0,0.022596,0,0.0127773,0.0183826,0.0783213,0.0157802,0.0198867,0.0136768,0.0103104,0.00404241,0.00235596,0.0383259,0.0118256,0.00654745,0.00779447,0.00341849,0.00623046,0.00671738,0.0189211,0.0136679,0.0191028,0.00959413,0.0219274,0.00929666,0,0,0
34,0.0208931,0.0211015,0,0,0,0.0113241,0.0220769,0.0150069,0.00918888,0,0,0,0,0.0308862,0,0.00910348,0.0227707,0.0308556,0.0181757,0.0164225,0.0152587,0,0,0.0213811,0.0229913,0.00582054,0.0103906,0.00797989,0.041163,0.00588835,0.0083305,0.00800995,0.017875,0,0.017151,0,0.0213031,0.0209956,0.00777309,0.0131934,0.00568479,0.012959,0.00507973,0.00921759,0,0,0.0225713,0,0.0126567,0.0184971,0.0783295,0.014369,0.0200956,0.0152671,0.00990365,0.00433785,0.00214957,0.0382858,0.012721,0.00782185,0.00821043,0.00374219,0.00591167,0.00624211,0.0182272,0.013259,0.0192408,0.00890423,0.0215423,0.00904986,0,0,0
35,0.0206001,0.0206872,0,0,0,0.01134,0.0221516,0.015232,0.00954998,0,0,0,0,0.0305592,0,0.00894132,0.0226289,0.0300665,0.0180133,0.0162557,0.0158602,0,0,0.0208591,0.0233966,0.0064671,0.0103286,0.00753371,0.0416566,0.00616735,0.00909812,0.00825685,0.0178603,0,0.0170778,0,0.0211062,0.0208463,0.00766662,0.012061,0.00571812,0.0128843,0.00573803,0.00889336,0,0,0.0226968,0,0.0125333,0.0187269,0.0782039,0.0125706,0.0201926,0.0168557,0.00963584,0.00479282,0.00200788,0.0381198,0.0134823,0.00906108,0.00872441,0.00413945,0.00560589,0.00630472,0.018221,0.0129041,0.0194908,0.00858654,0.0211212,0.00881423,0,0,0
36,0.0204739,0.0203971,0,0,0,0.0125083,0.0222625,0.0153521,0.00978706,0,0,0,0,0.030352,0,0.0088208,0.0226278,0.0294628,0.0175401,0.0161614,0.0159771,0,0,0.0204896,0.0235503,0.00615451,0.00913706,0.00758974,0.042006,0.0057488,0.00972233,0.00857644,0.0174138,0,0.0166433,0,0.0209596,0.0207314,0.00775845,0.0115339,0.0056843,0.012605,0.00655906,0.00868948,0,0,0.0228273,0,0.0123669,0.0189558,0.0779674,0.0105993,0.0201693,0.018444,0.00958291,0.00514037,0.00206202,0.0378255,0.0142576,0.0102977,0.00930354,0.00456451,0.00536277,0.00676453,0.0186059,0.0128966,0.0197718,0.00853196,0.0208127,0.00873625,0,0,0
37,0.0205921,0.0202459,0,0,0,0.0139381,0.0223297,0.0154835,0.0100143,0,0,0,0,0.0302793,0,0.00870478,0.022673,0.0291481,0.0172587,0.0160625,0.0161034,0,0,0.020845,0.0234714,0.0053309,0.0075729,0.00804466,0.0420239,0.00520798,0.0106716,0.00916677,0.0167026,0,0.0165049,0,0.0207986,0.0206516,0.00781691,0.011691,0.00559955,0.0122832,0.00753652,0.00869109,0,0,0.0229662,0,0.0121761,0.0191376,0.0776895,0.00890361,0.0201947,0.0200694,0.00968617,0.00533108,0.00234255,0.0374308,0.0149575,0.0115439,0.00992425,0.00492114,0.00510838,0.00749966,0.0190386,0.0129381,0.0200647,0.00848961,0.0206158,0.00885993,0,0,0
38,0.0208715,0.0200983,0,0,0,0.0134934,0.0224243,0.0157966,0.010344,0,0,0,0,0.0301939,0,0.00850033,0.0227438,0.0291189,0.0171325,0.0159298,0.0162377,0,0,0.0213158,0.0232435,0.00461056,0.00667075,0.008642,0.0418653,0.00508679,0.0118823,0.00987061,0.0160195,0,0.0159912,0,0.0205322,0.0206294,0.0078369,0.0121299,0.00553459,0.0118651,0.00863233,0.00883477,0,0,0.0230742,0,0.0120367,0.0192658,0.0776021,0.00814519,0.0202638,0.0216627,0.00979237,0.00554006,0.00254136,0.0370085,0.0157451,0.0127165,0.0105052,0.00511538,0.00482929,0.00825932,0.0192289,0.013094,0.020451,0.00843702,0.020418,0.00911998,0,0,0
39,0.0211509,0.019876,0,0,0,0.0130572,0.0225629,0.0161284,0.0106167,0,0,0,0,0.0300944,0,0.00821642,0.022803,0.0293233,0.0169427,0.0157663,0.016274,0,0,0.0215912,0.0227635,0.00418445,0.00649462,0.00907325,0.0417862,0.0051838,0.0127368,0.0101478,0.0154925,0,0.0155896,0,0.020268,0.0206673,0.00784979,0.012343,0.00547949,0.0113957,0.00963237,0.00899994,0,0,0.0231709,0,0.0118817,0.019389,0.0776672,0.00854827,0.0202495,0.0229207,0.00986921,0.00579642,0.00275524,0.036529,0.016378,0.0137149,0.0111213,0.00514728,0.00460289,0.00928699,0.0189905,0.013359,0.0207403,0.00847259,0.0201573,0.00945012,0,0,0
40,0.021314,0.019549,0,0,0,0.0140547,0.0226989,0.0159962,0.0108143,0,0,0,0,0.0299558,0,0.00787332,0.0227714,0.0295131,0.0163028,0.0156071,0.0160539,0,0,0.0210953,0.0221804,0.00407858,0.00662602,0.00919387,0.0419134,0.00514388,0.0128602,0.00998452,0.0151921,0,0.0159622,0,0.0199821,0.0206845,0.00795815,0.0129609,0.00544869,0.0109128,0.0104011,0.00911378,0,0,0.0233731,0,0.0116809,0.0194615,0.0778776,0.00995859,0.0200223,0.0238147,0.00989965,0.00615846,0.00306713,0.0360239,0.016821,0.014482,0.0117792,0.00508255,0.00450857,0.0104196,0.0185686,0.0137598,0.0208613,0.0085688,0.0197979,0.00976803,0,0,0
41,0.0213133,0.0191181,0,0,0,0.0149702,0.0227386,0.0154226,0.0109012,0,0,0,0,0.0297435,0,0.00753501,0.0227157,0.0296351,0.015184,0.0155241,0.0157374,0,0,0.020726,0.0215713,0.00450892,0.00684498,0.00912307,0.0421037,0.00510158,0.0125879,0.00972997,0.0150945,0,0.0164921,0,0.0197185,0.02049,0.00824952,0.0145287,0.00554315,0.010242,0.010884,0.00917478,0,0,0.0238738,0,0.0116977,0.0195806,0.0782932,0.0119955,0.019781,0.0243958,0.00988413,0.00656373,0.00332318,0.0355424,0.0170991,0.0149913,0.0122928,0.0050149,0.00443477,0.0114965,0.0184784,0.0142002,0.0209691,0.00862888,0.0192846,0.0100499,0,0,0
42,0.0212528,0.0186275,0,0,0,0.0154365,0.0228358,0.0147401,0.0108536,0,0,0,0,0.029462,0,0.00716091,0.0225531,0.0297202,0.013962,0.0155481,0.0153846,0,0,0.0202525,0.020912,0.00525896,0.00719758,0.00886146,0.0421338,0.00514559,0.0122613,0.00955462,0.0150432,0,0.0168041,0,0.0194639,0.0203401,0.00843193,0.016908,0.00560375,0.00949479,0.011141,0.00930334,0,0,0.0242492,0,0.0116398,0.0196221,0.0788886,0.0141621,0.0195163,0.0247483,0.00978737,0.00714779,0.00350465,0.035116,0.0171944,0.0153937,0.01267,0.00504647,0.00466637,0.0123698,0.0189367,0.0145871,0.0209912,0.00884326,0.0186566,0.0104491,0,0,0
43,0.0211678,0.0180225,0,0,0,0.0161985,0.0229557,0.0143004,0.0106973,0,0,0,0,0.0290418,0,0.00676004,0.0222608,0.0295825,0.0128505,0.0156378,0.0150966,0,0,0.0193059,0.0201586,0.00592945,0.00776433,0.00874426,0.0422731,0.00519971,0.0117827,0.00940884,0.0150574,0,0.0173479,0,0.0191557,0.0202329,0.00854685,0.0201209,0.00563574,0.00943913,0.0112704,0.0094725,0,0,0.0245037,0,0.0114619,0.0196006,0.079525,0.0159372,0.0191703,0.0251225,0.00960375,0.0078545,0.00350742,0.034906,0.0173872,0.0156745,0.0129712,0.00508648,0.00503793,0.0130536,0.0201084,0.015022,0.0208918,0.00917317,0.0179475,0.0109415,0,0,0
44,0.0211232,0.0174444,0,0,0,0.0172035,0.0230685,0.0140768,0.0106535,0,0,0,0,0.0286039,0,0.00638888,0.0218494,0.0291063,0.0119114,0.0156376,0.014819,0,0,0.0184911,0.0192657,0.00643581,0.0084594,0.00873255,0.042452,0.00511764,0.011335,0.00916054,0.0150408,0,0.01809,0,0.0187861,0.0201597,0.00865652,0.0238853,0.00579357,0.0100199,0.011361,0.0096822,0,0,0.0247983,0,0.0114512,0.0195965,0.0800868,0.0166821,0.0187374,0.025472,0.00947773,0.00868383,0.00333681,0.0349499,0.0177208,0.0158184,0.0132032,0.00503806,0.00539349,0.0136657,0.0227858,0.015471,0.0207834,0.00907695,0.0172849,0.0113493,0,0,0
45,0.0210461,0.0168545,0,0,0,0.0182927,0.0232497,0.0140899,0.0107333,0,0,0,0,0.0282638,0,0.00598964,0.0215144,0.0285151,0.0111676,0.0155352,0.0145814,0,0,0.0178843,0.0183254,0.00670096,0.00905359,0.0087613,0.0425034,0.00493803,0.0111514,0.00899462,0.0148601,0,0.0189976,0,0.0184005,0.0201156,0.0083989,0.0274417,0.00592864,0.0108471,0.0114091,0.00988452,0,0,0.0250866,0,0.0114332,0.0194974,0.0804714,0.0171498,0.0182365,0.0256349,0.00945002,0.00950223,0.0030657,0.0352358,0.0181382,0.0158793,0.0132433,0.00484145,0.00582366,0.0140423,0.0265205,0.0158733,0.0206618,0.00916062,0.0166203,0.0117874,0,0,0
46,0.020953,0.0162946,0,0,0,0.0196519,0.023517,0.0144894,0.0107895,0,0,0,0,0.0280196,0,0.00559289,0.0212114,0.0278359,0.0107665,0.0152891,0.0146707,0,0,0.0173565,0.0173877,0.00671088,0.00940949,0.0088252,0.042444,0.00487581,0.0115362,0.00917253,0.0144594,0,0.0203305,0,0.0180514,0.0201192,0.00838827,0.0301848,0.00598512,0.011397,0.0114345,0.0100461,0,0,0.0252899,0,0.011288,0.0193246,0.0805818,0.0178699,0.0176501,0.0254387,0.00952875,0.0102755,0.0027359,0.0355593,0.0185007,0.0158538,0.0129218,0.00457158,0.00638721,0.0144105,0.029849,0.0161917,0.0205499,0.00940294,0.0159868,0.0122226,0,0,0
47,0.0209106,0.0158152,0,0,0,0.0211724,0.0237675,0.0150748,0.0108133,0,0,0,0,0.0280056,0,0.00515535,0.0210497,0.027256,0.0105695,0.0149584,0.0149219,0,0,0.0165544,0.0164206,0.00656807,0.00956484,0.00889822,0.0422566,0.00493426,0.0123975,0.00951219,0.0139041,0,0.0219413,0,0.0178227,0.0201133,0.00820215,0.0320339,0.00606674,0.011621,0.0114635,0.0101976,0,0,0.0254839,0,0.0112027,0.0194005,0.0803323,0.0188053,0.0169708,0.0250899,0.00967024,0.010937,0.00246888,0.0358188,0.0187565,0.0157968,0.0124073,0.00435702,0.00712387,0.0151003,0.0323948,0.0163948,0.0204936,0.00961698,0.0154029,0.0126196,0,0,0
48,0.0209306,0.0154549,0,0,0,0.0227642,0.0238643,0.0158352,0.0107507,0,0,0,0,0.0281594,0,0.00488637,0.0210001,0.0269942,0.0106353,0.014579,0.015037,0,0,0.0159195,0.0154071,0.00640441,0.00952648,0.00884794,0.0418897,0.00524374,0.0135315,0.00992007,0.0132526,0,0.0236987,0,0.0176786,0.0200369,0.00805891,0.0331523,0.0061698,0.0118466,0.0114629,0.0103833,0,0,0.0256961,0,0.0112066,0.0194822,0.0796748,0.0196763,0.016266,0.0246185,0.00983631,0.0114508,0.00239175,0.0359359,0.0189697,0.0158233,0.0121095,0.00429843,0.00800117,0.0164116,0.0341142,0.0165175,0.020408,0.00969808,0.014911,0.0129785,0,0,0
49,0.0210091,0.0151284,0,0,0,0.0243077,0.0239803,0.0165974,0.0105554,0,0,0,0,0.0282427,0,0.00472384,0.0208742,0.02711,0.0108954,0.0142031,0.014934,0,0,0.0152194,0.0143382,0.00622273,0.00947055,0.00865735,0.0414148,0.00576586,0.0146257,0.01036,0.0125674,0,0.0254448,0,0.0175,0.0200282,0.0080901,0.0338033,0.00618917,0.0122862,0.0114578,0.010614,0,0,0.0257717,0,0.0111113,0.019435,0.078698,0.0205713,0.0155758,0.0242065,0.0100287,0.0118543,0.00247726,0.0359734,0.019196,0.0159794,0.0121285,0.00432274,0.00887954,0.0181295,0.0352925,0.0165355,0.0203147,0.00972253,0.014504,0.0132981,0,0,0
50,0.0211561,0.0149107,0,0,0,0.0257072,0.0241577,0.0171952,0.0103533,0,0,0,0,0.028213,0,0.00466157,0.0206836,0.0273536,0.0110304,0.0138782,0.0148758,0,0,0.0149547,0.0133632,0.005978,0.00964688,0.00855096,0.0410156,0.00626752,0.0154267,0.0107735,0.0121046,0,0.0270497,0,0.0172965,0.0201318,0.00824923,0.0338966,0.00617825,0.0127102,0.0116001,0.0108146,0,0,0.0257913,0,0.0110326,0.0193993,0.0775868,0.0212919,0.0149219,0.0238643,0.0103642,0.0121121,0.00265143,0.0359572,0.0193911,0.016171,0.0122882,0.00431233,0.00959566,0.0197846,0.0358998,0.0166822,0.0202791,0.00969049,0.014272,0.0135583,0,0,0
51,0.0212749,0.0146828,0,0,0,0.0269237,0.0243725,0.0174309,0.0101767,0,0,0,0,0.0281811,0,0.00454654,0.0205138,0.0275952,0.0106933,0.0136203,0.014819,0,0,0.0145661,0.0124522,0.00578281,0.0099875,0.00854399,0.0406819,0.00669495,0.0159096,0.0109786,0.0118672,0,0.0284707,0,0.0171749,0.0202449,0.0081599,0.0333546,0.00616312,0.0128818,0.0118139,0.0109595,0,0,0.0258724,0,0.0109596,0.0194437,0.0764701,0.0215655,0.0142771,0.0235639,0.0106512,0.0123519,0.00287851,0.0359024,0.0194978,0.016269,0.012391,0.00425588,0.0101345,0.0212002,0.0356665,0.0168539,0.0204076,0.00967938,0.0140542,0.0137683,0,0,0
52,0.0212986,0.0143929,0,0,0,0.0278824,0.0244743,0.0174812,0.0100256,0,0,0,0,0.0281545,0,0.00434313,0.0203582,0.0280054,0.0101091,0.0134171,0.0146817,0,0,0.0140543,0.0116369,0.00571337,0.0100981,0.0087155,0.0404482,0.00689108,0.016009,0.0110059,0.0117853,0,0.029593,0,0.0171072,0.0202178,0.00812404,0.0321845,0.00618751,0.0127862,0.0120442,0.0110093,0,0,0.0260256,0,0.0109351,0.0195399,0.075426,0.0213375,0.0136766,0.0232742,0.0107891,0.0127008,0.00305905,0.0358234,0.0194886,0.0161774,0.0123985,0.00419339,0.0107743,0.0224179,0.0347815,0.0169878,0.0205467,0.00977577,0.0137644,0.0139061,0,0,0
53,0.02135,0.0141698,0,0,0,0.0285078,0.0245404,0.0173512,0.00985878,0,0,0,0,0.0280157,0,0.00428031,0.0201318,0.0284305,0.00938565,0.013267,0.0144682,0,0,0.0136682,0.0108941,0.00580782,0.010227,0.00871072,0.0402727,0.00686552,0.0157907,0.0109006,0.0118553,0,0.0303129,0,0.0170065,0.0202091,0.00838072,0.030793,0.00619618,0.0124049,0.0122947,0.0110678,0,0,0.0261955,0,0.0108722,0.0196309,0.0744262,0.0207526,0.0131625,0.0229792,0.0108944,0.0130245,0.00322151,0.0357766,0.0194129,0.0159685,0.0123151,0.00407645,0.0112121,0.0232672,0.0338358,0.0171091,0.0206662,0.00997259,0.0135286,0.0139897,0,0,0
54,0.0215121,0.0140913,0,0,0,0.0289448,0.0246028,0.01716,0.00965424,0,0,0,0,0.027849,0,0.00434549,0.0199283,0.0287171,0.00875825,0.0131549,0.014048,0,0,0.0135235,0.0102503,0.00577259,0.01032,0.00852832,0.0400207,0.0069082,0.0154836,0.0108334,0.0118664,0,0.0308415,0,0.0167954,0.0202329,0.00850311,0.0293673,0.00621782,0.011966,0.0125017,0.0112064,0,0,0.0263385,0,0.010836,0.0197206,0.0733864,0.0200554,0.0127664,0.0225461,0.0113571,0.0132419,0.00339173,0.0357793,0.0193096,0.0157072,0.0123592,0.00395383,0.0114673,0.0237134,0.0328886,0.0172348,0.020795,0.00975325,0.0134403,0.0140618,0,0,0
55,0.0217452,0.01413,0,0,0,0.0292901,0.0246683,0.0170811,0.00952986,0,0,0,0,0.027681,0,0.00451831,0.01978,0.0288348,0.00840708,0.013018,0.013597,0,0,0.0134658,0.00985177,0.00568291,0.0102804,0.00822972,0.0397362,0.0070244,0.0153105,0.01074,0.0118466,0,0.0312873,0,0.0164615,0.0202799,0.00855756,0.0284466,0.00620158,0.0114364,0.012675,0.0114024,0,0,0.0263668,0,0.0107754,0.019809,0.0722419,0.0191268,0.0124716,0.0221082,0.0123613,0.0133968,0.00360913,0.035874,0.0193323,0.0154097,0.0123482,0.00369467,0.0113862,0.0235331,0.0320947,0.0173071,0.0209433,0.00950621,0.013461,0.0142211,0,0,0
56,0.0220259,0.0141974,0,0,0,0.0296053,0.0247595,0.017223,0.00953683,0,0,0,0,0.0273761,0,0.00475876,0.0195704,0.0288745,0.00842455,0.0128534,0.0131431,0,0,0.0132026,0.00970238,0.00570549,0.0102424,0.00803869,0.0394203,0.00726056,0.0153847,0.0106281,0.0117907,0,0.0317319,0,0.0161132,0.0203654,0.00860044,0.0278524,0.00612839,0.0109017,0.0128733,0.0116605,0,0,0.0262488,0,0.0106417,0.0198984,0.0710785,0.0182084,0.01217,0.0215928,0.0129206,0.0135831,0.00390613,0.0359625,0.0193311,0.0150956,0.0122182,0.00341854,0.0112172,0.0229822,0.0314282,0.0173301,0.0211091,0.00938784,0.013526,0.0145158,0,0,0
57,0.0223086,0.01428,0,0,0,0.030057,0.0248229,0.0176264,0.00947989,0,0,0,0,0.0270214,0,0.00503639,0.0192954,0.0288328,0.00872772,0.0127177,0.0128713,0,0,0.0132853,0.00980125,0.00593665,0.0104012,0.00809069,0.0390464,0.00757884,0.0157222,0.0107026,0.0116248,0,0.0323232,0,0.015761,0.0204006,0.0086607,0.0271988,0.00608981,0.0105212,0.01309,0.0119497,0,0,0.0263103,0,0.0105524,0.0199476,0.0698834,0.0176022,0.0118298,0.0209449,0.0130387,0.013737,0.00427661,0.0360672,0.019216,0.0148095,0.0119603,0.00320092,0.0111621,0.0225561,0.0307928,0.0175484,0.0212157,0.00932843,0.0135829,0.014858,0,0,0
58,0.0225755,0.0143543,0,0,0,0.0306819,0.0249366,0.0182201,0.00941742,0,0,0,0,0.0267463,0,0.00517607,0.0190742,0.0287567,0.00928936,0.0126694,0.0127358,0,0,0.0134975,0.0102421,0.00626996,0.0106426,0.00807635,0.0387334,0.00799833,0.0162297,0.0110673,0.011399,0,0.0330832,0,0.0154054,0.0204394,0.00877827,0.0261212,0.00609293,0.0103558,0.0133355,0.0122205,0,0,0.0264932,0,0.0105353,0.0199418,0.0686202,0.0175409,0.0114728,0.0201618,0.0131425,0.0137945,0.00463303,0.0361024,0.018955,0.014497,0.0121007,0.00310488,0.0113784,0.0221306,0.0301276,0.0179574,0.0212535,0.00926745,0.0136262,0.0151727,0,0,0
59,0.0226592,0.0142701,0,0,0,0.0313398,0.0251174,0.0187243,0.00940673,0,0,0,0,0.0260739,0,0.00535484,0.0185233,0.0286866,0.00983056,0.012664,0.0125255,0,0,0.0132747,0.0109051,0.0066396,0.0108457,0.00798557,0.0384455,0.00837411,0.0166305,0.0112865,0.0112807,0,0.0338694,0,0.0148011,0.0205378,0.00878208,0.0252077,0.0061178,0.0102288,0.0136297,0.012392,0,0,0.0265578,0,0.0105723,0.0198908,0.0672818,0.017524,0.011058,0.0194063,0.0134042,0.0138812,0.00495499,0.0361008,0.0186379,0.0141844,0.0121335,0.00299343,0.0115453,0.0215566,0.0298116,0.0181066,0.021385,0.00924175,0.0135372,0.0153581,0,0,0
60,0.0228399,0.0142911,0,0,0,0.031835,0.0252359,0.0189381,0.00946195,0,0,0,0,0.0255438,0,0.00567587,0.0181002,0.0286407,0.0102456,0.0126063,0.0122091,0,0,0.0128432,0.0117857,0.00698765,0.0111375,0.0078295,0.0381842,0.00856132,0.0166756,0.01123,0.0112864,0,0.034546,0,0.0142317,0.0206058,0.00880319,0.0255818,0.00616363,0.00973167,0.0139852,0.0126568,0,0,0.026675,0,0.0106146,0.0198787,0.0659186,0.0169496,0.0105897,0.0188057,0.0136985,0.0140815,0.00533201,0.0361938,0.0183656,0.0138549,0.0115256,0.00267768,0.0111393,0.0204869,0.0307362,0.0182717,0.0215259,0.00923237,0.0135531,0.015539,0,0,0
61,0.0228952,0.0142452,0,0,0,0.0322402,0.0254148,0.0190933,0.00944324,0,0,0,0,0.0249762,0,0.00579053,0.017737,0.0285633,0.0107199,0.0125485,0.011776,0,0,0.012517,0.0127699,0.0071767,0.0113806,0.00761699,0.0380645,0.00872062,0.0165203,0.0111296,0.0113733,0,0.0351683,0,0.0137121,0.0207281,0.00882596,0.0260929,0.00620954,0.0094879,0.0142805,0.0128395,0,0,0.0267688,0,0.0106334,0.0198367,0.0647813,0.0167526,0.0101733,0.0180571,0.0139127,0.0143783,0.00555752,0.0361527,0.0179004,0.0134972,0.0111995,0.00252601,0.0108863,0.0196462,0.0316063,0.0184407,0.0214799,0.00922524,0.013486,0.0157146,0,0,0
62,0.0228624,0.0141159,0,0,0,0.0326891,0.0255269,0.0192762,0.00942504,0,0,0,0,0.0242321,0,0.00587629,0.0172764,0.0284964,0.0108767,0.0124305,0.0113317,0,0,0.0121447,0.0138424,0.00716604,0.0114765,0.00739324,0.0379297,0.00885433,0.0163469,0.0110455,0.0114656,0,0.0358231,0,0.013149,0.0208395,0.00882274,0.0267404,0.00626005,0.00920312,0.0145144,0.0129796,0,0,0.0268721,0,0.0106692,0.0197279,0.0638811,0.0167663,0.00979419,0.0172808,0.014131,0.0146539,0.00560764,0.0359814,0.017287,0.0131187,0.011049,0.00242636,0.0108318,0.0189326,0.0324704,0.0185667,0.0213839,0.00925881,0.0133271,0.015907,0,0,0
63,0.022797,0.0139341,0,0,0,0.0330788,0.0256049,0.0193935,0.00948747,0,0,0,0,0.0234775,0,0.00587994,0.0168067,0.0284542,0.0107534,0.0122943,0.0108485,0,0,0.0116388,0.0149365,0.00717557,0.0114536,0.00719243,0.0377635,0.00897225,0.0161594,0.0109432,0.0115818,0,0.036415,0,0.0125477,0.0209119,0.00883122,0.0273604,0.00633595,0.00891734,0.0146867,0.0131054,0,0,0.0269667,0,0.0107715,0.0195772,0.0631654,0.0166321,0.00945661,0.0164798,0.0142448,0.0148919,0.00552159,0.0357173,0.0165054,0.0127006,0.0109431,0.00233707,0.0108723,0.0184018,0.0332524,0.0186366,0.0213866,0.00932446,0.0130866,0.0160326,0,0,0
64,0.0227451,0.0138014,0,0,0,0.0335483,0.0256845,0.0195887,0.00952812,0,0,0,0,0.0226833,0,0.00596857,0.0162414,0.0284161,0.0109338,0.0122425,0.01037,0,0,0.0115726,0.0160519,0.00731307,0.0113867,0.00698455,0.0376075,0.00920429,0.016165,0.0109591,0.0115977,0,0.0371275,0,0.0119319,0.0209875,0.00872022,0.0276381,0.00639217,0.00837416,0.0148011,0.0131902,0,0,0.0270038,0,0.0108199,0.0195736,0.0625664,0.016406,0.00918194,0.0156252,0.0142756,0.0150819,0.00541341,0.0354351,0.0156814,0.0122628,0.0108228,0.00231687,0.0108528,0.0180523,0.0339109,0.0188476,0.0213744,0.00936427,0.012919,0.0161065,0,0,0
65,0.0226242,0.013626,0,0,0,0.0341301,0.0257531,0.0197988,0.00958133,0,0,0,0,0.0218887,0,0.00598613,0.0156506,0.0284653,0.0112035,0.0122595,0.0100868,0,0,0.011395,0.0171306,0.0076492,0.0114361,0.00686325,0.0374204,0.00950389,0.0163644,0.0110203,0.0115079,0,0.0379718,0,0.0113643,0.0210763,0.00864604,0.0274688,0.00641045,0.00748803,0.0148861,0.0131871,0,0,0.0269912,0,0.0107979,0.0194771,0.0620391,0.0163354,0.00895934,0.014799,0.014664,0.0152516,0.0053474,0.0350894,0.0148853,0.0117748,0.0108142,0.00240683,0.0107843,0.0179892,0.0343201,0.0189873,0.0212799,0.00934011,0.0127482,0.0160962,0,0,0
66,0.0225793,0.0135593,0,0,0,0.0345911,0.0257745,0.0199533,0.00969202,0,0,0,0,0.0213545,0,0.0059921,0.0152769,0.028524,0.0112996,0.0123102,0.00986984,0,0,0.0113031,0.0182275,0.00790245,0.0114606,0.00681272,0.037277,0.00978326,0.0165797,0.0110374,0.0114161,0,0.0386327,0,0.0109489,0.0211148,0.00864832,0.0268822,0.00642494,0.0068308,0.0149471,0.0132556,0,0,0.0269639,0,0.0107691,0.0193933,0.0616312,0.0164779,0.00880763,0.0140949,0.0149272,0.0153798,0.00524108,0.0346747,0.0140344,0.0112265,0.0107776,0.00251539,0.0107953,0.0183913,0.0342382,0.0190369,0.0211336,0.00935636,0.0126051,0.0161221,0,0,0
67,0.0224235,0.0134077,0,0,0,0.0348906,0.0257739,0.0200469,0.00967314,0,0,0,0,0.0204777,0,0.00603891,0.0146865,0.0285941,0.0114395,0.0123595,0.00959763,0,0,0.0112663,0.0192775,0.00805985,0.0114133,0.0067807,0.0370649,0.0100114,0.0167718,0.0110617,0.0113502,0,0.0391384,0,0.0103879,0.0211615,0.00851867,0.026118,0.00647302,0.00642836,0.014986,0.0132227,0,0,0.0268245,0,0.0108218,0.0192628,0.0613464,0.0165477,0.0086846,0.0135103,0.0150198,0.0156104,0.00511638,0.0342597,0.0132191,0.0106337,0.0107885,0.00265176,0.0107156,0.0187231,0.0338334,0.0190154,0.0209441,0.00942939,0.0123467,0.0161009,0,0,0
68,0.0222535,0.0132476,0,0,0,0.0351097,0.0257816,0.0200414,0.00962106,0,0,0,0,0.0196543,0,0.00610819,0.0141597,0.0286946,0.0115847,0.0123671,0.00929063,0,0,0.0112382,0.0202463,0.00807303,0.0113389,0.00669692,0.0367701,0.0101865,0.0168995,0.0110348,0.0113041,0,0.0395392,0,0.00983925,0.0212164,0.00839843,0.0252195,0.0065287,0.00659505,0.0150432,0.0131626,0,0,0.0267342,0,0.0108801,0.0191336,0.061114,0.0165017,0.00854747,0.0130475,0.0150914,0.0158176,0.00507401,0.0337842,0.0126077,0.0101142,0.0107612,0.00282924,0.0104465,0.018696,0.0331011,0.0189752,0.0208247,0.00948951,0.0121549,0.0160699,0,0,0
69,0.0220589,0.0130927,0,0,0,0.0352447,0.0258191,0.0199626,0.009624,0,0,0,0,0.0188787,0,0.00609509,0.0137524,0.0287887,0.0116986,0.0123668,0.0089539,0,0,0.0112363,0.0211023,0.00794871,0.0112587,0.00657623,0.036459,0.0103904,0.0169511,0.0109985,0.0112829,0,0.0398628,0,0.0092975,0.0212771,0.00834339,0.0241243,0.00654764,0.00668524,0.0150888,0.0130697,0,0,0.0267439,0,0.0108916,0.0189892,0.0609067,0.0162517,0.00842976,0.0125921,0.0150994,0.0159023,0.00508568,0.0332394,0.0122026,0.00963579,0.010599,0.00306638,0.0099477,0.0183313,0.0319652,0.0189548,0.020838,0.0095205,0.0120298,0.0159771,0,0,0
70,0.0218719,0.0130142,0,0,0,0.0353357,0.0258448,0.0199166,0.00970432,0,0,0,0,0.0180245,0,0.00609365,0.0132855,0.0288639,0.0118936,0.0123917,0.00854748,0,0,0.0112591,0.0218954,0.00796152,0.0111717,0.00643032,0.0363193,0.0106825,0.0170199,0.0109861,0.0112629,0,0.0402426,0,0.00887727,0.0213318,0.00835946,0.0227841,0.00651736,0.00677342,0.0151024,0.0129546,0,0,0.0266773,0,0.0108359,0.0188822,0.0607281,0.0157926,0.0083843,0.0119435,0.0151012,0.0158848,0.00517745,0.0326275,0.0119429,0.00923859,0.0102214,0.0034052,0.00916258,0.0172731,0.0303627,0.0189746,0.0208085,0.00956442,0.0119811,0.015871,0,0,0
71,0.0216912,0.0130309,0,0,0,0.0354434,0.0258507,0.0199611,0.00979326,0,0,0,0,0.0171422,0,0.00614167,0.0127552,0.028917,0.0121901,0.0124221,0.00822727,0,0,0.0112921,0.0226604,0.00812931,0.0111507,0.00627884,0.0361659,0.011012,0.0171649,0.0110119,0.0112337,0,0.0405745,0,0.00855243,0.0213837,0.00832547,0.0211672,0.00649406,0.00712596,0.0150772,0.0128389,0,0,0.026704,0,0.0107902,0.0188015,0.0606104,0.015193,0.00837344,0.0111163,0.0151377,0.0159035,0.00538967,0.0319654,0.0117753,0.00882456,0.00950925,0.0039042,0.00802907,0.0153283,0.0281944,0.0190196,0.0207171,0.00962626,0.0119984,0.0157302,0,0,0
72,0.0214314,0.0130569,0,0,0,0.0354532,0.025836,0.0198866,0.00989574,0,0,0,0,0.0160254,0,0.00614547,0.0121319,0.0289751,0.0124005,0.0124681,0.00791746,0,0,0.011374,0.0233986,0.00837547,0.0112069,0.006084,0.0360262,0.0112903,0.0172191,0.010928,0.0112905,0,0.0407693,0,0.00822036,0.0214479,0.00824276,0.0191241,0.00652048,0.00767018,0.0149931,0.012642,0,0,0.0266997,0,0.01085,0.0187479,0.0605976,0.0143669,0.00837693,0.0102232,0.015189,0.0158666,0.00570545,0.0312646,0.0116407,0.00824494,0.00829317,0.00462121,0.00649981,0.0124652,0.0253966,0.0190325,0.0206238,0.00967692,0.0120554,0.0155622,0,0,0
73,0.0212119,0.0131547,0,0,0,0.035462,0.0257813,0.0198309,0.00995531,0,0,0,0,0.015189,0,0.00623533,0.0117121,0.0290048,0.0126658,0.0124428,0.00762739,0,0,0.01151,0.0241146,0.00867985,0.0113221,0.00588572,0.0359324,0.0114027,0.017264,0.0108825,0.0113685,0,0.0409633,0,0.00802795,0.0215091,0.00828188,0.0169682,0.00656405,0.00843067,0.0148119,0.0124876,0,0,0.026767,0,0.0109095,0.0187406,0.0606663,0.0133603,0.00837758,0.00932581,0.0152093,0.0158058,0.006026,0.0305316,0.0114935,0.00737188,0.00657109,0.00562416,0.0044943,0.00883284,0.0219004,0.019025,0.020553,0.00965876,0.0121946,0.0154888,0,0,0
74,0.021015,0.0132394,0,0,0,0.0353935,0.0256912,0.0198445,0.009994,0,0,0,0,0.014346,0,0.00634079,0.0112369,0.0289543,0.0131543,0.0123605,0.00733556,0,0,0.0118107,0.0248206,0.00884981,0.0115096,0.00568447,0.0358952,0.0114309,0.0172823,0.0108992,0.0114589,0,0.041095,0,0.00786998,0.021557,0.00829424,0.0149055,0.00658367,0.0093203,0.0145686,0.0123987,0,0,0.0268429,0,0.0109344,0.0187266,0.0607856,0.012279,0.00839297,0.00847957,0.0151789,0.0157742,0.00623514,0.0297554,0.0113563,0.0061602,0.00479575,0.00694615,0.00250789,0.004951,0.0177108,0.0191801,0.0204692,0.00966449,0.0123299,0.015456,0,0,0
75,0.0207358,0.0132826,0,0,0,0.0352463,0.0255852,0.0201054,0.0100287,0,0,0,0,0.0132928,0,0.00637338,0.0106372,0.0288011,0.0136045,0.0122536,0.00697849,0,0,0.0118924,0.0255016,0.00891423,0.0116575,0.00546741,0.035914,0.0115155,0.0172703,0.0109838,0.0115624,0,0.0410664,0,0.007681,0.0216045,0.00824968,0.0136157,0.00657912,0.0103079,0.0142791,0.0122634,0,0,0.0268837,0,0.010935,0.018701,0.0609686,0.0114348,0.00841432,0.00776323,0.0151615,0.0157433,0.00624506,0.0290244,0.0113587,0.0047895,0.00363251,0.00853929,0.00213896,0.00152027,0.0138479,0.0193202,0.0203467,0.00972462,0.0124213,0.0152775,0,0,0
76,0.0205661,0.013417,0,0,0,0.0351905,0.0254657,0.0203768,0.0100429,0,0,0,0,0.0125231,0,0.00647292,0.0102166,0.0286887,0.0139657,0.0120885,0.00670792,0,0,0.0119502,0.0261308,0.00906582,0.0118179,0.00524436,0.0359602,0.0116143,0.0172417,0.0109923,0.0116795,0,0.0410467,0,0.00756962,0.0216429,0.00825264,0.0147335,0.00656439,0.0112925,0.013958,0.0122001,0,0,0.0269203,0,0.0109077,0.0186653,0.0612304,0.0110432,0.00842279,0.00715221,0.0152316,0.0156269,0.00601642,0.0283403,0.0115051,0.00379501,0.00399259,0.0103098,0.00382491,0.00299678,0.0126352,0.0194783,0.0202273,0.0098208,0.0126301,0.0150804,0,0,0
77,0.0203399,0.0135605,0,0,0,0.0352411,0.0253299,0.0207012,0.00995374,0,0,0,0,0.011736,0,0.00663214,0.00978249,0.0286932,0.0144179,0.0118305,0.00644207,0,0,0.0119978,0.0267195,0.00917617,0.0119182,0.00502449,0.036019,0.011717,0.0172414,0.0108882,0.0117802,0,0.0412185,0,0.00751195,0.0216823,0.00829368,0.0186652,0.00652828,0.0121357,0.0135537,0.0120465,0,0,0.0268892,0,0.0108767,0.0186226,0.0616884,0.0109028,0.00842951,0.00662962,0.0154281,0.0154083,0.00560673,0.0277379,0.0117089,0.00385451,0.00571924,0.0121497,0.00582128,0.00563216,0.0158431,0.0196152,0.0201806,0.00987461,0.0128901,0.0149548,0,0,0
78,0.020074,0.0137608,0,0,0,0.0354154,0.0251336,0.0207332,0.00980804,0,0,0,0,0.0110089,0,0.00675811,0.00940813,0.0288202,0.0148317,0.0115727,0.00622358,0,0,0.0123082,0.0271995,0.00914287,0.0119877,0.00478736,0.0361057,0.0117902,0.0172501,0.0106965,0.0119098,0,0.0415994,0,0.00755023,0.0216771,0.00842502,0.0243422,0.00647744,0.0131298,0.0131074,0.0118494,0,0,0.0266988,0,0.0108398,0.0185997,0.0623222,0.0109825,0.0084836,0.00633521,0.015733,0.0150753,0.00517131,0.0271775,0.0119033,0.00488119,0.0076611,0.0139271,0.0075992,0.00753215,0.0216846,0.0196137,0.0201829,0.00987001,0.0132092,0.0145868,0,0,0
79,0.0197756,0.0140279,0,0,0,0.0356514,0.0248932,0.0207662,0.00961667,0,0,0,0,0.0102663,0,0.00689161,0.00899114,0.0291093,0.0151718,0.0113256,0.00601831,0,0,0.0128063,0.027535,0.00900762,0.0119821,0.00453142,0.0361897,0.0118237,0.0172261,0.0106873,0.0120402,0,0.0420975,0,0.00766165,0.0216418,0.00852476,0.030065,0.00640085,0.0139832,0.0126272,0.0115489,0,0,0.0265129,0,0.0108063,0.0185925,0.0630388,0.0114327,0.00855151,0.00629055,0.0160901,0.0146768,0.00479356,0.0266883,0.0119627,0.00607284,0.00919172,0.0155573,0.00911868,0.00890827,0.0274598,0.019455,0.0202726,0.00982504,0.0135534,0.0141531,0,0,0
80,0.0194247,0.0142813,0,0,0,0.0358904,0.0246837,0.0207928,0.00931769,0,0,0,0,0.00951435,0,0.0071061,0.00854094,0.0294981,0.0154418,0.0110255,0.00572031,0,0,0.0128643,0.0278522,0.00885885,0.0118958,0.00423086,0.0362278,0.0118004,0.0171024,0.0107619,0.0121772,0,0.0425846,0,0.0078143,0.0216339,0.00857901,0.0344487,0.00633338,0.0145545,0.0121556,0.0111411,0,0,0.0263954,0,0.0108023,0.0186106,0.0636974,0.0120318,0.00854774,0.00659743,0.0164804,0.0142759,0.00445758,0.026308,0.0119135,0.00704009,0.010492,0.016943,0.0103617,0.00999037,0.0316937,0.0194167,0.0204616,0.00988279,0.0138714,0.0137319,0,0,0
81,0.0190743,0.01453,0,0,0,0.0362649,0.0245467,0.0208646,0.00899994,0,0,0,0,0.00886769,0,0.00730401,0.00815311,0.0300197,0.0156118,0.010791,0.00533818,0,0,0.0126898,0.0281646,0.00870233,0.0117603,0.00391724,0.0361951,0.011871,0.0170185,0.0107664,0.0122663,0,0.0431489,0,0.00802396,0.0216677,0.00862582,0.0366307,0.00628384,0.0150143,0.0117763,0.0105484,0,0,0.0262779,0,0.0108204,0.0185787,0.0641303,0.0124878,0.00847963,0.00718233,0.0167934,0.0138389,0.00416157,0.0260343,0.0118445,0.00765029,0.0114991,0.0179559,0.0112954,0.0107437,0.0339597,0.0194156,0.0206065,0.0100315,0.0142082,0.0133361,0,0,0
82,0.0189032,0.0148201,0,0,0,0.0368027,0.0244851,0.0210564,0.00870124,0,0,0,0,0.00845404,0,0.00761277,0.00789223,0.0306065,0.0158147,0.0106829,0.00496081,0,0,0.0126621,0.0285456,0.00858088,0.0116023,0.00367775,0.0360673,0.0120471,0.0171307,0.0108269,0.0122618,0,0.0438101,0,0.00831934,0.0217835,0.00866423,0.0367804,0.00625952,0.015383,0.0115258,0.00999153,0,0,0.0261419,0,0.0108563,0.0185285,0.0643024,0.0130008,0.00838381,0.00786894,0.0171589,0.0135399,0.00388256,0.0258899,0.0118139,0.0079026,0.0119647,0.0185026,0.0117427,0.0110088,0.0343144,0.0193505,0.0206674,0.00990953,0.0145906,0.0131385,0,0,0
83,0.0188669,0.0151237,0,0,0,0.0371671,0.0244683,0.0211421,0.00842359,0,0,0,0,0.00816463,0,0.00802325,0.00766119,0.0311341,0.016007,0.0106368,0.00464994,0,0,0.0126072,0.0290188,0.0084918,0.0114523,0.00345921,0.0359096,0.0122915,0.0173471,0.010995,0.0122292,0,0.0443427,0,0.00868853,0.021931,0.00875585,0.035638,0.00625898,0.0154106,0.0113884,0.00989209,0,0,0.0259943,0,0.0109217,0.0184745,0.0642911,0.0132016,0.0082552,0.00826017,0.0176474,0.0133131,0.00362234,0.0258958,0.011699,0.00778247,0.0119304,0.0185736,0.0117464,0.0108126,0.0332178,0.0194264,0.0206615,0.00976704,0.0149197,0.0131002,0,0,0
84,0.0183727,0.0150952,0,0,0,0.0372779,0.0245408,0.0210141,0.00817661,0,0,0,0,0.00743058,0,0.00806982,0.00681311,0.0315645,0.0159596,0.0106067,0.00458907,0,0,0.0123639,0.0291522,0.00844885,0.011414,0.00329294,0.0356965,0.0125785,0.0176287,0.0110109,0.0121528,0,0.0447638,0,0.00912289,0.0220714,0.00866284,0.0336336,0.00628233,0.0152229,0.0113713,0.00961606,0,0,0.0257895,0,0.0110452,0.0182862,0.0641695,0.0128387,0.00806572,0.00833049,0.0178979,0.0129997,0.00341705,0.0260505,0.0114747,0.00734176,0.0115042,0.0182137,0.0113197,0.0102269,0.0314098,0.0195427,0.0205422,0.00974135,0.0150134,0.0125666,0,0,0
85,0.018248,0.015069,0,0,0,0.0371863,0.0246087,0.0206042,0.00806455,0,0,0,0,0.00730941,0,0.0083238,0.00630903,0.0318338,0.0156522,0.0105581,0.00470751,0,0,0.0120991,0.0294764,0.00844551,0.0114627,0.00322856,0.0354068,0.012857,0.0178506,0.0109891,0.0120298,0,0.0449021,0,0.00932178,0.0221783,0.00865004,0.0307294,0.00628418,0.0146667,0.0115076,0.0095528,0,0,0.0257693,0,0.0110164,0.0181043,0.0639433,0.0126861,0.0078103,0.00815426,0.0178935,0.0129397,0.0032715,0.0263343,0.0111665,0.00655165,0.0107811,0.0175244,0.0105558,0.0093014,0.0288471,0.019614,0.0204406,0.00994525,0.0150108,0.0124101,0,0,0
86,0.0178915,0.0147996,0,0,0,0.0370196,0.0247192,0.0200219,0.00804222,0,0,0,0,0.0073605,0,0.00831649,0.00570313,0.0319685,0.0153002,0.0104822,0.00505234,0,0,0.01179,0.029508,0.00849805,0.0116259,0.00319538,0.0350664,0.0130997,0.01803,0.0109834,0.0118604,0,0.0448945,0,0.00967298,0.0222739,0.00854586,0.027101,0.00630412,0.0135862,0.0116306,0.00914133,0,0,0.0258159,0,0.0110323,0.0179113,0.0636263,0.0119565,0.00753302,0.00748603,0.0176971,0.0129833,0.00321103,0.0266986,0.0106067,0.00535918,0.00982022,0.0165282,0.00956401,0.00818754,0.02534,0.0195954,0.0202928,0.0100909,0.0148235,0.0120739,0,0,0
87,0.0177394,0.0145365,0,0,0,0.0366897,0.0247931,0.0193687,0.00812643,0,0,0,0,0.00752288,0,0.00854208,0.00541609,0.0321352,0.0149471,0.0104132,0.00561333,0,0,0.0114648,0.0294875,0.00857346,0.0118558,0.00332335,0.0347325,0.013314,0.0182386,0.0109321,0.0116728,0,0.0447942,0,0.00994228,0.0223709,0.0085194,0.0230403,0.00632344,0.0122745,0.0117861,0.00900659,0,0,0.025893,0,0.0109883,0.0179651,0.0631708,0.0110166,0.00723929,0.00646392,0.0174854,0.0131533,0.00316404,0.027092,0.00981232,0.00397175,0.0086871,0.0153504,0.00848441,0.00701449,0.0210871,0.0196311,0.0202872,0.0098603,0.0146093,0.0120335,0,0,0
88,0.0173953,0.0142204,0,0,0,0.0362833,0.0248179,0.0186845,0.00852349,0,0,0,0,0.00770985,0,0.00867434,0.00513935,0.0324756,0.0144737,0.0104026,0.00638734,0,0,0.0110664,0.0292468,0.00861908,0.0121392,0.00365392,0.0344163,0.0135198,0.0184648,0.0109243,0.0115078,0,0.0447077,0,0.0101438,0.0224944,0.00843311,0.0187573,0.0063079,0.0117891,0.0119456,0.00877628,0,0,0.0259966,0,0.0109241,0.0179298,0.062675,0.012591,0.00694475,0.00574515,0.0173611,0.0132572,0.00317532,0.0276605,0.00909436,0.00300994,0.00789186,0.0144057,0.0075828,0.00592143,0.0170757,0.019754,0.0202849,0.00966854,0.0143736,0.0117521,0,0,0
89,0.0167505,0.0140354,0,0,0,0.0357261,0.0248084,0.0178442,0.0085881,0,0,0,0,0.00807116,0,0.00870533,0.00485591,0.0330163,0.0139448,0.010425,0.00728229,0,0,0.0107186,0.0288253,0.00860111,0.0123838,0.00413338,0.0338836,0.0136719,0.0185671,0.0108507,0.0112743,0,0.0443293,0,0.0105121,0.0226018,0.00826577,0.0145544,0.00625623,0.0136033,0.0120377,0.00830871,0,0,0.0260164,0,0.0108603,0.0178686,0.0624026,0.0158695,0.00665629,0.00624864,0.017364,0.0130452,0.00339624,0.0284098,0.00907112,0.00315923,0.00827244,0.0142767,0.00735297,0.00603539,0.0150525,0.0197116,0.0204735,0.00956056,0.0142752,0.0110696,0,0,0
90,0.0162724,0.0141827,0,0,0,0.0346276,0.024725,0.0167077,0.00838991,0,0,0,0,0.00823277,0,0.00898457,0.00492893,0.0334651,0.0133175,0.0103872,0.00818707,0,0,0.0103692,0.028537,0.00850624,0.0124558,0.00464095,0.0332962,0.0137112,0.0184772,0.0106762,0.0110187,0,0.0433376,0,0.0106954,0.022629,0.0082635,0.0118346,0.00616204,0.0154877,0.0119726,0.00784631,0,0,0.0258889,0,0.0107723,0.0180668,0.0623952,0.0177561,0.00655463,0.00787035,0.0173748,0.0126062,0.00384747,0.0292156,0.00993423,0.00452915,0.00976554,0.0147254,0.00797198,0.00860132,0.0163311,0.019516,0.020768,0.00955444,0.0144084,0.01055,0,0,0
91,0.0156837,0.0143565,0,0,0,0.0335173,0.0245887,0.0152783,0.00823458,0,0,0,0,0.00844655,0,0.00915686,0.00510473,0.0339511,0.0122835,0.0102974,0.00924386,0,0,0.010072,0.0280821,0.00841801,0.0126851,0.00525228,0.0327821,0.0136897,0.0183604,0.0105282,0.0107549,0,0.0423858,0,0.0108471,0.022637,0.00826405,0.0119904,0.00604066,0.0150432,0.0118216,0.00710465,0,0,0.0255182,0,0.0107632,0.0181095,0.0622956,0.0174394,0.00661331,0.00934218,0.0174039,0.0119503,0.00427206,0.0297522,0.0106131,0.00593771,0.0101031,0.0146961,0.00820839,0.0098598,0.0181827,0.0191594,0.0210716,0.00952903,0.0146046,0.00993896,0,0,0
92,0.0149586,0.0143092,0,0,0,0.0321308,0.0244904,0.013924,0.0081621,0,0,0,0,0.00897108,0,0.00900253,0.00517987,0.0344461,0.0110772,0.0101392,0.0103635,0,0,0.00985495,0.0273137,0.00830185,0.0130263,0.00594925,0.0324136,0.0136255,0.0181842,0.0104028,0.0105589,0,0.0413321,0,0.0110776,0.0226417,0.0082244,0.0127434,0.00597408,0.013336,0.0116391,0.00612536,0,0,0.0249961,0,0.0108465,0.0179113,0.0617954,0.0161308,0.00674934,0.00956107,0.0172281,0.0111434,0.00454826,0.0298402,0.0103281,0.00663585,0.00894789,0.013936,0.00760438,0.00874621,0.0171748,0.0186924,0.021208,0.00924305,0.0146995,0.00912103,0,0,0
93,0.0146415,0.0141887,0,0,0,0.0300882,0.0244078,0.0124308,0.00810491,0,0,0,0,0.00914673,0,0.00908468,0.00534498,0.0348099,0.00984682,0.00993402,0.0113192,0,0,0.00965818,0.0266522,0.00799701,0.0130923,0.00671714,0.0321085,0.0134435,0.0176738,0.0100847,0.0104181,0,0.0393137,0,0.0110069,0.0226447,0.00830213,0.0118685,0.00594571,0.0118246,0.0115062,0.00559476,0,0,0.0245474,0,0.0109283,0.0176633,0.0609935,0.0147374,0.00691105,0.00832149,0.0167811,0.0105227,0.0045838,0.0297952,0.00925815,0.00652255,0.00757695,0.0127354,0.00673727,0.00712341,0.0150443,0.0183653,0.0211336,0.0091558,0.0147032,0.00864378,0,0,0
94,0.0142436,0.0140201,0,0,0,0.0277341,0.0243846,0.010733,0.00827972,0,0,0,0,0.00947878,0,0.00901027,0.00537644,0.0349769,0.00840513,0.00961144,0.0122866,0,0,0.00965472,0.0258308,0.00775061,0.0132217,0.00755955,0.0317934,0.0129953,0.0168956,0.00972957,0.0103353,0,0.0368412,0,0.0111037,0.0226424,0.00827473,0.0105537,0.00595768,0.0107238,0.0114377,0.00514214,0,0,0.02416,0,0.0110606,0.0174333,0.0604008,0.0135686,0.0071504,0.00702416,0.0163,0.0100021,0.00430145,0.0300226,0.00812253,0.00591777,0.00665446,0.0115589,0.00595037,0.00599315,0.0129807,0.0181953,0.0207974,0.00929054,0.0146583,0.0081529,0,0,0
95,0.0138612,0.0138214,0,0,0,0.0247569,0.0244068,0.00876558,0.008619,0,0,0,0,0.00948882,0,0.00894564,0.00535069,0.0351082,0.00733974,0.00931939,0.0131906,0,0,0.00960476,0.024963,0.00748542,0.013148,0.00825548,0.031359,0.012229,0.0157413,0.00905331,0.0102097,0,0.0336432,0,0.0110639,0.0226266,0.00829581,0.00944818,0.00598285,0.00996234,0.0113822,0.00488121,0,0,0.0237793,0,0.0111323,0.017068,0.0603592,0.0127013,0.00742233,0.00672803,0.0158045,0.00976489,0.00392261,0.0304998,0.00727433,0.00518936,0.0060158,0.0107145,0.00521356,0.0047962,0.0115399,0.0179833,0.0204141,0.00941028,0.0145289,0.00781469,0,0,0
96,0.0134845,0.0136434,0,0,0,0.0215141,0.0244753,0.00696324,0.00920456,0,0,0,0,0.00947068,0,0.00875681,0.00529641,0.0353661,0.00738598,0.0089503,0.0142936,0,0,0.00960993,0.0240699,0.00744368,0.0132914,0.00891245,0.030721,0.0115966,0.0147282,0.0085668,0.00996339,0,0.0304714,0,0.0110222,0.0226231,0.00827028,0.00847421,0.00601231,0.00927072,0.0113243,0.00460682,0,0,0.0235066,0,0.0111609,0.0167569,0.0607664,0.0117359,0.00765293,0.00702661,0.0155103,0.00968043,0.00389699,0.0309822,0.00684791,0.00487621,0.00518166,0.0100898,0.00451672,0.00299897,0.0115376,0.0177464,0.0201821,0.00914485,0.0144209,0.00749647,0,0,0
97,0.013234,0.0133974,0,0,0,0.017546,0.0245603,0.00582191,0.00977132,0,0,0,0,0.00929194,0,0.0085985,0.00524334,0.035772,0.00867445,0.00855201,0.0154031,0,0,0.00954299,0.0232455,0.00744727,0.013381,0.00960388,0.0298465,0.0111569,0.013743,0.00817952,0.00960542,0,0.0270938,0,0.0109169,0.0226502,0.00830588,0.00850894,0.00601213,0.0088965,0.0111911,0.0044421,0,0,0.0233012,0,0.011166,0.0166842,0.0611546,0.0106677,0.00782286,0.00736037,0.0152781,0.00958027,0.00406665,0.0312498,0.00666873,0.00505652,0.00407031,0.00962655,0.00411508,0.000862993,0.0114979,0.0176451,0.020181,0.00924094,0.0141967,0.00738394,0,0,0
98,0.0130954,0.0130562,0,0,0,0.0130702,0.0245885,0.00594593,0.0102845,0,0,0,0,0.00901577,0,0.0084286,0.00525428,0.036268,0.0108512,0.00821448,0.0164589,0,0,0.00949726,0.0224038,0.00739737,0.0132175,0.0103578,0.0287936,0.0109035,0.0129312,0.00805588,0.00924062,0,0.0236452,0,0.01076,0.0226151,0.0083046,0.00886672,0.00597403,0.00840262,0.0109865,0.00438723,0,0,0.0231497,0,0.0111142,0.0166179,0.0611237,0.00946186,0.00796035,0.00741222,0.0150811,0.00945415,0.00419314,0.0311671,0.00646172,0.0054369,0.00311627,0.00929958,0.00406898,0.00160391,0.0108352,0.017513,0.0202112,0.00936157,0.0138645,0.00736762,0,0,0
99,0.0129464,0.0126204,0,0,0,0.00841073,0.0245907,0.00746159,0.0107974,0,0,0,0,0.00861713,0,0.00818334,0.00530471,0.0367564,0.0134177,0.00794604,0.0174133,0,0,0.00954941,0.0214115,0.00732448,0.0128293,0.0111365,0.0277496,0.010782,0.0122394,0.00809299,0.00894055,0,0.0207421,0,0.0105038,0.0225554,0.00832799,0.00899656,0.00595123,0.00762064,0.0108415,0.00429132,0,0,0.0231522,0,0.0110083,0.0166078,0.0607212,0.00825139,0.00809022,0.00712682,0.0148697,0.00937278,0.0042182,0.0307629,0.00629182,0.00585866,0.00272173,0.00905201,0.00422967,0.00234612,0.0102563,0.0173986,0.0201251,0.00939124,0.013468,0.00729236,0,0,0
100,0.0127639,0.0121383,0,0,0,0.00458223,0.0246137,0.0106748,0.0113068,0,0,0,0,0.00809448,0,0.00793742,0.00526423,0.0372165,0.0172525,0.00769512,0.0178875,0,0,0.00970663,0.0202536,0.00722212,0.0123443,0.0117132,0.0268596,0.0103306,0.0111558,0.00799308,0.00897472,0,0.0191412,0,0.0100887,0.0225216,0.00829145,0.00897865,0.00594637,0.00692957,0.0107724,0.00421241,0,0,0.0233553,0,0.010866,0.0165944,0.0603835,0.00734408,0.00825328,0.00674844,0.0145759,0.00936061,0.00414588,0.0302448,0.00618421,0.0061463,0.00284738,0.00881551,0.00441802,0.00221596,0.0096309,0.0172981,0.0199829,0.0094244,0.0130154,0.00714599,0,0,0
101,0.0125474,0.0117088,0,0,0,0.00709591,0.0246258,0.0141499,0.0118477,0,0,0,0,0.00750397,0,0.0076653,0.00521117,0.0377116,0.0214925,0.00755228,0.0182032,0,0,0.0100347,0.0190375,0.00696648,0.0117963,0.012278,0.0261166,0.0100128,0.0102266,0.00813777,0.00918415,0,0.0190622,0,0.00954158,0.0224744,0.0081871,0.00922844,0.00593727,0.00668733,0.0107111,0.00411418,0,0,0.0236059,0,0.0107044,0.0167463,0.0604129,0.00684158,0.00853001,0.00652737,0.014181,0.00939721,0.00404119,0.0299097,0.00602623,0.00622673,0.00314176,0.00858064,0.00429167,0.00176944,0.00929219,0.0172554,0.019829,0.00947181,0.0126041,0.00693509,0,0,0
102,0.0122554,0.011394,0,0,0,0.0129107,0.0246347,0.0174197,0.0123695,0,0,0,0,0.00686298,0,0.00728999,0.0051382,0.0381472,0.0258072,0.00752716,0.0182726,0,0,0.010455,0.0177797,0.00653775,0.011152,0.0127306,0.0255442,0.00990261,0.00929878,0.00844264,0.00959466,0,0.0207806,0,0.00891713,0.0223978,0.0081878,0.00955089,0.00593452,0.00654678,0.0106128,0.00402748,0,0,0.0239725,0,0.0105566,0.0169574,0.0607684,0.0064513,0.00890174,0.00656866,0.0137884,0.00940667,0.00401817,0.0299211,0.0058129,0.00626308,0.00340503,0.00828522,0.00401761,0.00132657,0.00920376,0.0173663,0.0197119,0.00950722,0.0123004,0.0066515,0,0,0
103,0.0120085,0.0112309,0,0,0,0.0194828,0.0246364,0.0205919,0.0126753,0,0,0,0,0.0062093,0,0.00676461,0.00511442,0.0381513,0.0299857,0.00725788,0.0178599,0,0,0.0106274,0.0165965,0.0058761,0.0101786,0.0127672,0.0251788,0.00973963,0.00842756,0.0088756,0.0103199,0,0.0245376,0,0.00827405,0.0222942,0.00825891,0.00978388,0.00592377,0.00650621,0.010557,0.00400909,0,0,0.0242652,0,0.0104262,0.0171376,0.0613983,0.00618412,0.00930915,0.00674706,0.0135066,0.00938985,0.00419488,0.0302622,0.00565749,0.00634373,0.00361287,0.00789583,0.00384294,0.00146563,0.00917401,0.0176327,0.0196503,0.00945548,0.0121007,0.00639716,0,0,0
104,0.0118895,0.01127,0,0,0,0.0263487,0.0246359,0.0232175,0.012769,0,0,0,0,0.00569447,0,0.00636634,0.00518272,0.0380049,0.0330541,0.00699355,0.0173187,0,0,0.0107102,0.015541,0.00518535,0.00926841,0.0126601,0.0250695,0.00975387,0.00847105,0.00944814,0.0111448,0,0.0300899,0,0.0077511,0.0222145,0.00818076,0.00983746,0.00589694,0.00645582,0.0105226,0.00404138,0,0,0.0244755,0,0.0103108,0.0172441,0.0620336,0.00591979,0.00968673,0.00692367,0.0133954,0.00935919,0.00449302,0.0307123,0.00567832,0.00652804,0.00382127,0.00748694,0.00380279,0.00186839,0.00909126,0.0176738,0.0196294,0.00938233,0.0120701,0.00625886,0,0,0
105,0.0119058,0.011551,0,0,0,0.0334348,0.0246068,0.0247735,0.0127031,0,0,0,0,0.0054118,0,0.00604421,0.00537363,0.0377804,0.034567,0.00688836,0.0169156,0,0,0.0108907,0.0146117,0.00458609,0.0085081,0.012475,0.0252222,0.0101286,0.00915408,0.00993608,0.0119455,0,0.0371586,0,0.00737522,0.0221148,0.00801151,0.00981954,0.00586039,0.00609665,0.0104757,0.00412682,0,0,0.024523,0,0.0102321,0.0173328,0.0624327,0.00567452,0.0100156,0.00700806,0.0133551,0.00921292,0.00475884,0.0310682,0.00574032,0.0066127,0.00387099,0.00717677,0.00379947,0.00206694,0.00904335,0.0177065,0.019613,0.00924056,0.0123024,0.00625101,0,0,0
106,0.0122003,0.0119998,0,0,0,0.0405162,0.0245383,0.0262253,0.0126845,0,0,0,0,0.00540025,0,0.00590191,0.00570729,0.0374133,0.0342935,0.00687725,0.0165173,0,0,0.0112267,0.0138093,0.00386508,0.00792767,0.0121772,0.0254988,0.0106201,0.0100649,0.0104551,0.0128208,0,0.0454885,0,0.00709598,0.0220078,0.0080682,0.00986899,0.00583593,0.00555595,0.010452,0.00435546,0,0,0.0244881,0,0.0102199,0.0173492,0.0625777,0.00559875,0.0102966,0.00699502,0.013354,0.00907361,0.00495493,0.0312944,0.00572731,0.00657312,0.00382108,0.00689505,0.00394488,0.00245425,0.00927825,0.0178051,0.0195222,0.00912515,0.0127047,0.00651349,0,0,0
107,0.01252,0.0123356,0,0,0,0.0468338,0.0244724,0.0281199,0.0126639,0,0,0,0,0.00564322,0,0.00580145,0.00607501,0.0368632,0.033606,0.00696139,0.0160542,0,0,0.0115665,0.0130193,0.00322273,0.00747126,0.0118417,0.0258155,0.0111211,0.0111546,0.0111624,0.013782,0,0.0529842,0,0.00697819,0.0218996,0.00800356,0.0102204,0.00583536,0.00517343,0.0103282,0.00458075,0,0,0.0243815,0,0.0102735,0.0173494,0.0626965,0.00595064,0.0106265,0.00693975,0.0131285,0.00903518,0.00510417,0.0314334,0.00569985,0.00648212,0.00386945,0.00660394,0.00427954,0.00361304,0.00967801,0.0177833,0.0193604,0.00903819,0.0130047,0.00688044,0,0,0
108,0.0128868,0.0125854,0,0,0,0.0521488,0.024441,0.0305507,0.0126585,0,0,0,0,0.00599703,0,0.00578971,0.00647329,0.0361179,0.0343894,0.0071106,0.0155026,0,0,0.0118616,0.0122738,0.0027328,0.00714965,0.0114487,0.0261386,0.0117268,0.0125254,0.0119411,0.0148541,0,0.0592886,0,0.00702117,0.0218706,0.0078187,0.0108947,0.00585022,0.00513372,0.0101858,0.0048133,0,0,0.0240879,0,0.0103944,0.0173208,0.0629598,0.00682942,0.0110488,0.00687252,0.0128327,0.00910963,0.00522718,0.0315143,0.00564103,0.00634161,0.00425773,0.00634599,0.00479539,0.00512034,0.0103665,0.0178118,0.0192635,0.00895034,0.013275,0.00728449,0,0,0
109,0.0132536,0.0127935,0,0,0,0.0567057,0.0243472,0.0332173,0.012715,0,0,0,0,0.00644647,0,0.00569392,0.006946,0.0351775,0.0362971,0.00724562,0.0149337,0,0,0.0121106,0.0115135,0.00248384,0.00711119,0.0111271,0.0264573,0.0124574,0.0139976,0.0126465,0.0159528,0,0.0647765,0,0.007065,0.0217921,0.00774711,0.0117294,0.00587945,0.00542327,0.0100525,0.00504814,0,0,0.0236672,0,0.0104962,0.0172272,0.0633651,0.00791887,0.0115095,0.00684847,0.012542,0.00926144,0.00533495,0.0315586,0.00553214,0.00618114,0.00501797,0.00614198,0.00535807,0.0065201,0.0112355,0.0177526,0.0191223,0.0085549,0.0135301,0.00764303,0,0,0
110,0.013611,0.0130026,0,0,0,0.0605222,0.0242401,0.0353376,0.0128106,0,0,0,0,0.00709573,0,0.00554057,0.007457,0.0341989,0.0379782,0.00733269,0.014333,0,0,0.0123814,0.0106822,0.00249623,0.00726752,0.010868,0.0267529,0.0132986,0.0152839,0.0130748,0.0168767,0,0.0689834,0,0.0071821,0.0217006,0.00778189,0.0124503,0.00592296,0.00589968,0.00995896,0.00531692,0,0,0.0233836,0,0.0105473,0.0170337,0.0637731,0.00855351,0.0118903,0.00683301,0.012296,0.00938696,0.0054324,0.0315942,0.00540147,0.00596261,0.00542957,0.00599722,0.00582701,0.00751434,0.0120263,0.0176634,0.0188522,0.00767725,0.0137673,0.00793494,0,0,0
111,0.0138955,0.0131605,0,0,0,0.063525,0.0241652,0.037364,0.0129448,0,0,0,0,0.00786379,0,0.00542973,0.00792627,0.0334375,0.0395188,0.00750686,0.0136064,0,0,0.0126616,0.00978241,0.00265466,0.00733059,0.0105978,0.0270453,0.0141433,0.0163776,0.0134687,0.0177473,0,0.0719834,0,0.00725644,0.0216493,0.00785714,0.0127424,0.00593339,0.00638488,0.00986553,0.00551585,0,0,0.0231728,0,0.010598,0.0166353,0.0641699,0.00879792,0.012212,0.00684641,0.0120959,0.0094447,0.00550099,0.0316263,0.00530172,0.00569627,0.0058671,0.00591458,0.00600111,0.00803186,0.01235,0.0174635,0.0185166,0.00737998,0.0139159,0.0080113,0,0,0
112,0.0141571,0.0132067,0,0,0,0.065271,0.0240388,0.0391669,0.0130341,0,0,0,0,0.0085979,0,0.00557337,0.00827502,0.032877,0.0408912,0.00777812,0.0128564,0,0,0.0128417,0.00892316,0.00291878,0.00738309,0.0103359,0.027369,0.0147948,0.0172347,0.0136885,0.0184831,0,0.0736738,0,0.00742438,0.0216014,0.00788958,0.012636,0.00589861,0.00664496,0.00976746,0.00565933,0,0,0.022951,0,0.0106091,0.0164205,0.0645519,0.00897713,0.012526,0.00688105,0.0118041,0.00940943,0.00553182,0.0316487,0.00521991,0.00537654,0.00602542,0.00585977,0.00601155,0.00808277,0.0122179,0.0172961,0.0182327,0.00739676,0.0139431,0.00791453,0,0,0
113,0.0144092,0.0131934,0,0,0,0.0657645,0.0239187,0.0406105,0.0130007,0,0,0,0,0.00936083,0,0.00557232,0.00873542,0.0324591,0.0421222,0.00810697,0.012121,0,0,0.0129728,0.00808664,0.00330713,0.0074893,0.0101841,0.0277585,0.0151917,0.0176901,0.0137033,0.0190655,0,0.0742656,0,0.00770957,0.021534,0.00787427,0.0122811,0.0058217,0.00677894,0.00966884,0.0058094,0,0,0.0227296,0,0.0105295,0.0163431,0.06493,0.00950487,0.0128272,0.00692525,0.0114529,0.0093647,0.00548241,0.0316311,0.00509736,0.00505422,0.00599081,0.00581082,0.0060289,0.00818844,0.0117268,0.0170278,0.0180459,0.00740215,0.0138847,0.00796523,0,0,0
114,0.01478,0.0132518,0,0,0,0.0650599,0.0238489,0.0411113,0.0131231,0,0,0,0,0.0101419,0,0.0054953,0.00925778,0.0319558,0.042409,0.00836319,0.0115695,0,0,0.0132714,0.00736828,0.00374664,0.00753589,0.0101721,0.0281812,0.0152998,0.0176015,0.0134146,0.0193899,0,0.073739,0,0.00814088,0.0214934,0.00769132,0.0118498,0.00577452,0.00703586,0.00964015,0.00603423,0,0,0.0226088,0,0.010461,0.0165746,0.0652976,0.0103181,0.0131644,0.00694847,0.0110803,0.00935805,0.00539826,0.0315667,0.00495355,0.00472876,0.00644702,0.00577852,0.00621337,0.00866021,0.0110056,0.0169098,0.0180142,0.00724229,0.0138794,0.00812244,0,0,0
115,0.0154162,0.0134188,0,0,0,0.0637424,0.0237923,0.0409419,0.0133342,0,0,0,0,0.0109041,0,0.00554892,0.00965595,0.0311933,0.0422414,0.00854673,0.0113868,0,0,0.0134962,0.00691626,0.00440775,0.00776137,0.010446,0.028604,0.0152575,0.0170393,0.0128332,0.0195419,0,0.072526,0,0.00867538,0.0214738,0.00744935,0.0114063,0.00578844,0.00751061,0.00965101,0.00644508,0,0,0.0228184,0,0.0105702,0.0171906,0.065619,0.0114752,0.0135757,0.00688274,0.0104869,0.00948901,0.0053324,0.0314798,0.00482827,0.00437704,0.00700004,0.0057626,0.00657088,0.00953116,0.0101573,0.0170712,0.0183106,0.00733686,0.0139537,0.00848815,0,0,0
116,0.0159875,0.0135987,0,0,0,0.0627009,0.0237713,0.0406658,0.0136148,0,0,0,0,0.0116299,0,0.0055526,0.010003,0.0302402,0.0420674,0.00869142,0.0118706,0,0,0.0136375,0.00660412,0.00542121,0.00838073,0.0110807,0.0290227,0.015068,0.0162379,0.0121472,0.0197043,0,0.0713325,0,0.00922045,0.0214751,0.00721495,0.010966,0.00572629,0.00815997,0.00974305,0.00685487,0,0,0.0230502,0,0.0106461,0.017621,0.0659139,0.0126828,0.0139981,0.00689982,0.00954341,0.00960312,0.00532779,0.0314114,0.00477377,0.00396179,0.00761165,0.00573728,0.00706642,0.0107292,0.00923707,0.0172465,0.0185419,0.00777492,0.0140736,0.0087741,0,0,0
117,0.0165317,0.0138063,0,0,0,0.0619828,0.0237588,0.0402443,0.0140054,0,0,0,0,0.0123051,0,0.00549676,0.0102834,0.0294701,0.0411259,0.00882292,0.0130573,0,0,0.0137922,0.00646136,0.00675244,0.00950874,0.0119601,0.029419,0.0149048,0.015095,0.0112835,0.0198002,0,0.0703669,0,0.00973749,0.0214791,0.00703847,0.0105062,0.00555392,0.00885186,0.00983844,0.00725558,0,0,0.0231703,0,0.0105561,0.0179091,0.0662374,0.0140377,0.0144987,0.00690171,0.00875866,0.00967667,0.00535147,0.0314316,0.00469463,0.00359696,0.00830563,0.00570914,0.00766271,0.0120516,0.00825506,0.017322,0.0186645,0.00795258,0.0142502,0.00906048,0,0,0
118,0.0171277,0.014005,0,0,0,0.0610733,0.0237281,0.0395585,0.0145134,0,0,0,0,0.0128844,0,0.00540731,0.0105272,0.0290474,0.0398834,0.00905673,0.0152244,0,0,0.013969,0.00653896,0.00843247,0.0113548,0.0131673,0.0297837,0.0149448,0.0137052,0.0100464,0.0199445,0,0.069328,0,0.0101215,0.0214507,0.00697243,0.00990503,0.00537293,0.00948723,0.0099543,0.00765929,0,0,0.0231953,0,0.010467,0.0179605,0.0666956,0.0154784,0.0150714,0.00691886,0.00820351,0.00982872,0.00540014,0.0316159,0.00463462,0.00320967,0.00898363,0.00571761,0.00827159,0.0133124,0.00710392,0.0173772,0.0187668,0.00792552,0.0144213,0.00942931,0,0,0
119,0.0176908,0.0140992,0,0,0,0.0592071,0.0236427,0.0386131,0.0151553,0,0,0,0,0.0132919,0,0.0052704,0.0108262,0.0290124,0.0390366,0.00935597,0.0189508,0,0,0.0142548,0.00671419,0.0108347,0.01448,0.0150971,0.0300596,0.0154574,0.0118742,0.00835111,0.020128,0,0.0672336,0,0.0104525,0.0213533,0.00699986,0.00913348,0.00530525,0.00973116,0.0100844,0.00800576,0,0,0.0232944,0,0.0104023,0.0179353,0.0671612,0.016371,0.0157248,0.0069947,0.00771555,0.00999823,0.00549819,0.0319278,0.00467373,0.0027633,0.00953127,0.00572107,0.00867335,0.0142339,0.00592169,0.0175014,0.0188072,0.00786209,0.0144762,0.0097945,0,0,0
120,0.0183127,0.0140905,0,0,0,0.0559971,0.0234987,0.0378794,0.0162918,0,0,0,0,0.0138492,0,0.00528845,0.011208,0.0295235,0.0392181,0.00983591,0.0250256,0,0,0.0147196,0.00687423,0.0144965,0.0195618,0.0182401,0.0304254,0.0166802,0.0106119,0.00620094,0.0205617,0,0.0632956,0,0.0106131,0.0212789,0.00697875,0.00838735,0.00527573,0.00937511,0.0101865,0.00835795,0,0,0.0234909,0,0.0103413,0.0178237,0.0674331,0.0165997,0.0167939,0.00701255,0.00701458,0.0101657,0.00565159,0.0322628,0.0047904,0.00249137,0.00975938,0.00575046,0.00866301,0.0145491,0.00508803,0.0176894,0.0185455,0.0079874,0.0144018,0.0102393,0,0,0
