Timestep,BCBB,BCBF,BCBTT,BCFT,C7,CLAV,IMU_B,IMU_M,IMU_T,L5FT,L5HD,LANK,LASI,LBHD,LEAR,LELB,LFHD,LFIN,LFRM,LGTR,LHEE,LILC,LKNE,LPSI,LSHO,LTHI,LTHIA,LTHII,LTHIP,LTIB,LTIBA,LTIBI,LTIBP,LTOE,LUPA,LWRA,LWRB,R5FT,R5HD,RANK,RASI,RBAK,RBHD,REAR,RELB,RFHD,RFIN,RFRM,RGTR,RHEE,RILC,RKNE,RPSI,RSHO,RTHI,RTHIA,RTHII,RTHIP,RTIB,RTIBA,RTIBI,RTIBP,RTOE,RUPA,RWRA,RWRB,STRN,T10,x68,x69,x70
All Timesteps RMSE,0,0,0,0,0.00816086,0.00644548,0,0,0,0.0361161,0.0120106,0.0181607,0.0062034,0,0,0.0137103,0,0.030626,0.00628379,0.0249861,0.0209657,0.0279844,0.0100939,0.00476915,0.013764,0.00691031,0.0133797,0.0101715,0.0165151,0.0107398,0.0160144,0.00757655,0.02791,0.0467547,0.00864577,0.0188843,0.00455514,0.0278582,0.00989332,0.0234278,0.0142348,0.00706594,0,0,0.00585272,0,0.0105376,0.00394968,0.0356923,0.0313617,0.0416955,0.0260456,0.00904094,0.0073824,0.00755632,0.0178871,0.0129866,0.00970181,0.0243429,0.0641063,0.0196577,0.0254003,0.0292893,0.0035584,0.00395823,0.00266881,0.00716807,0.00873872,0,0,0
0,0,0,0,0,0.00980229,0.0078181,0,0,0,0.0314219,0.0173768,0.012513,0.00815031,0,0,0.0200619,0,0.0217419,0.00939265,0.0266156,0.0231778,0.0256733,0.00858733,0.00573257,0.0227774,0.00550112,0.0102397,0.00670376,0.0182753,0.00715687,0.0161009,0.00292424,0.0273631,0.0523739,0.0156723,0.0149702,0.00409471,0.0122083,0.00901518,0.0170096,0.00963828,0.00755953,0,0,0.00511772,0,0.0108659,0.00316369,0.0377945,0.020704,0.0439824,0.00227905,0.0141252,0.00747236,0.00776777,0.0212653,0.00468928,0.00595337,0.017202,0.0733691,0.016084,0.0198899,0.0212168,0.00176415,0.00585367,0.00335248,0.00899102,0.00804523,0,0,0
1,0,0,0,0,0.00941501,0.00706521,0,0,0,0.026847,0.0172721,0.012146,0.00824896,0,0,0.0197295,0,0.0218094,0.00930683,0.0264936,0.022423,0.0258816,0.00830112,0.00592634,0.0221508,0.0051268,0.00835597,0.00543773,0.0175843,0.00652046,0.0141168,0.00249163,0.0269964,0.0467702,0.0155736,0.0148684,0.00376255,0.00933415,0.00917832,0.014852,0.0110788,0.00648791,0,0,0.00381988,0,0.0110435,0.00275376,0.0377912,0.0205565,0.0429533,0.00332956,0.0137814,0.00692268,0.00768327,0.0206554,0.00333548,0.00610692,0.0154796,0.0716517,0.0142841,0.0175244,0.0185717,0.00147229,0.0057088,0.00369249,0.00838618,0.0075497,0,0,0
2,0,0,0,0,0.00827055,0.0063462,0,0,0,0.0225893,0.0170894,0.0123131,0.00814518,0,0,0.0194284,0,0.0220688,0.00949508,0.0265822,0.0218379,0.025671,0.00839558,0.00575765,0.0212379,0.0048943,0.00704624,0.00461297,0.0174861,0.0062188,0.0124476,0.00219403,0.0268229,0.0419422,0.0156936,0.015008,0.00372402,0.00617903,0.00929773,0.0132616,0.0116719,0.00533574,0,0,0.00273971,0,0.0111163,0.00272294,0.0376449,0.0200448,0.0424422,0.0062265,0.0133687,0.00633627,0.0079948,0.0203445,0.00292125,0.00685527,0.0147454,0.0701266,0.0134666,0.016142,0.0154636,0.00140504,0.00569645,0.00391449,0.00797025,0.00717359,0,0,0
3,0,0,0,0,0.00742601,0.00585691,0,0,0,0.0181859,0.0167323,0.0129385,0.00770911,0,0,0.021207,0,0.0224898,0.0104119,0.0266366,0.0209851,0.0253204,0.00848533,0.0055274,0.0201133,0.00478211,0.00620655,0.00432428,0.0174543,0.00607313,0.0109384,0.00197585,0.0265913,0.037246,0.0164951,0.0153115,0.00334962,0.00260652,0.00933577,0.0116585,0.012152,0.00495453,0,0,0.0020304,0,0.011103,0.00244509,0.0374658,0.0183186,0.0419774,0.0105986,0.0128729,0.00664921,0.008281,0.0202112,0.00232615,0.00750578,0.015227,0.0686996,0.0131009,0.015556,0.0151344,0.00215943,0.00527656,0.00375373,0.00792382,0.00749562,0,0,0
4,0,0,0,0,0.0061629,0.00519193,0,0,0,0.0134311,0.0164509,0.0137014,0.0070531,0,0,0.0216222,0,0.0228801,0.0106448,0.0267039,0.0203292,0.0249257,0.00867568,0.0053674,0.0186697,0.00486087,0.00543091,0.00410124,0.0175896,0.00603694,0.00929741,0.0019709,0.0263754,0.032156,0.0169055,0.0155497,0.00319096,0.00322848,0.00945692,0.0110542,0.0123596,0.00438797,0,0,0.00204832,0,0.0110793,0.00239461,0.0371422,0.0166721,0.0418421,0.0140446,0.012447,0.00638463,0.00845327,0.020036,0.002223,0.00786077,0.0158837,0.0674097,0.0128539,0.0151904,0.0165393,0.00248689,0.00534812,0.00384746,0.00757073,0.00757011,0,0,0
5,0,0,0,0,0.00537875,0.00454925,0,0,0,0.00934543,0.0161471,0.0146614,0.00631857,0,0,0.0217319,0,0.0231679,0.0105147,0.0267395,0.0199893,0.0244943,0.00872388,0.00528525,0.0170866,0.00503727,0.00479357,0.00392585,0.0176706,0.0059961,0.00768053,0.00213975,0.0261559,0.026932,0.0170429,0.0156851,0.00295452,0.00539689,0.0095963,0.0105697,0.012539,0.00393538,0,0,0.00263439,0,0.011119,0.00270319,0.0369863,0.0152368,0.0418349,0.0163778,0.0120946,0.00615831,0.00801904,0.0194605,0.00246253,0.00787718,0.0160255,0.0662725,0.0123669,0.0144277,0.0179502,0.00286413,0.00534211,0.00397487,0.00712595,0.00763103,0,0,0
6,0,0,0,0,0.00503471,0.0041089,0,0,0,0.00739755,0.0158114,0.0155649,0.00563821,0,0,0.0215602,0,0.0234905,0.0101884,0.0268033,0.0197992,0.0240527,0.00872597,0.00525675,0.0154048,0.0051423,0.00414805,0.00369429,0.0177475,0.00597236,0.00634068,0.00250391,0.0259264,0.0218259,0.0168425,0.0158851,0.00285016,0.00611174,0.0097871,0.00928921,0.0125768,0.00383329,0,0,0.00335231,0,0.0111829,0.00315897,0.0370026,0.0132612,0.0419763,0.016945,0.0118356,0.00581162,0.0073988,0.0185463,0.00370696,0.00766582,0.0151216,0.065441,0.0115688,0.0130758,0.0179306,0.00305973,0.00528373,0.00407929,0.00678134,0.00784857,0,0,0
7,0,0,0,0,0.00508909,0.0041436,0,0,0,0.00977489,0.0154902,0.0162565,0.0047974,0,0,0.0210864,0,0.0239019,0.00974706,0.0268978,0.0200907,0.0236919,0.00861534,0.00506198,0.0136586,0.00516751,0.00389783,0.00357575,0.0177797,0.00619437,0.00604618,0.00302192,0.0257343,0.0185901,0.0163125,0.0161259,0.00279945,0.00636922,0.00995624,0.00770879,0.0125171,0.00402996,0,0,0.00401166,0,0.0112092,0.00345531,0.0370238,0.0108442,0.042127,0.0164525,0.0116198,0.00541631,0.00622928,0.0176324,0.00548969,0.00727853,0.0136392,0.064903,0.0105721,0.011668,0.0171131,0.00310568,0.00530657,0.00418153,0.0067447,0.00823001,0,0,0
8,0,0,0,0,0.00562663,0.00468284,0,0,0,0.0147699,0.0151982,0.016615,0.00385882,0,0,0.0202805,0,0.0243317,0.00921734,0.0269835,0.0209337,0.0234239,0.00841482,0.00487733,0.0118205,0.00520712,0.00446133,0.00379974,0.0177422,0.00672582,0.00710557,0.00365686,0.0254867,0.0191834,0.0154459,0.016355,0.00279644,0.00679199,0.0100956,0.00635935,0.0123721,0.00447638,0,0,0.00461424,0,0.0112035,0.00383019,0.0368756,0.00867746,0.0423268,0.0154073,0.0112425,0.00519095,0.00471045,0.0169833,0.00697872,0.00665755,0.0123785,0.0646729,0.00973746,0.0104956,0.0157258,0.00314218,0.0054047,0.00436292,0.00700941,0.00870062,0,0,0
9,0,0,0,0,0.00612382,0.00462058,0,0,0,0.0203216,0.0147438,0.0169693,0.00294658,0,0,0.021637,0,0.0247395,0.00904332,0.0269955,0.0220234,0.023265,0.00814951,0.00484074,0.0110281,0.00539227,0.00576844,0.00445095,0.017754,0.00738431,0.00900596,0.00429231,0.0252594,0.0220124,0.0149439,0.0164218,0.00216026,0.00705009,0.0101209,0.00567364,0.0122159,0.00472654,0,0,0.00552947,0,0.0111118,0.00374818,0.0364476,0.00675693,0.042559,0.0143385,0.0105487,0.00608206,0.0034644,0.0165687,0.00770502,0.00618524,0.0118597,0.064801,0.00946879,0.00942315,0.0149682,0.00338168,0.00490393,0.00417309,0.00774091,0.00905698,0,0,0
10,0,0,0,0,0.00648061,0.00517168,0,0,0,0.0253189,0.0144422,0.01734,0.00218139,0,0,0.0208831,0,0.0251119,0.00848825,0.0269832,0.0230664,0.023255,0.00794956,0.00467126,0.00942628,0.00575063,0.00760718,0.00544616,0.0178909,0.00806503,0.0113,0.00489506,0.0250638,0.0255309,0.0139456,0.0166115,0.00206749,0.00736123,0.0102102,0.00552422,0.0119494,0.00495908,0,0,0.00617304,0,0.0110885,0.00406303,0.0357372,0.00607195,0.042923,0.0135226,0.00979854,0.00630287,0.0025828,0.0164364,0.00769407,0.00591979,0.0118341,0.0650846,0.00963831,0.0096009,0.0137924,0.00345334,0.00492619,0.00435262,0.00805169,0.00928768,0,0,0
11,0,0,0,0,0.00679654,0.0057521,0,0,0,0.0297357,0.014181,0.0174981,0.00178558,0,0,0.0198325,0,0.0254527,0.00794079,0.0269609,0.0242284,0.023313,0.00785514,0.00436291,0.00793708,0.00618834,0.00972515,0.00668478,0.0180535,0.008603,0.0135969,0.00535998,0.0249104,0.0305141,0.0129569,0.0167968,0.00210569,0.00732352,0.0102762,0.00532796,0.011632,0.00517499,0,0,0.00671499,0,0.0110544,0.0042852,0.0350353,0.00549357,0.0433205,0.012826,0.00919895,0.00641736,0.00217744,0.0163318,0.00700792,0.00584313,0.0119682,0.0653695,0.00981531,0.0100734,0.0127698,0.00353458,0.00490271,0.004574,0.00818192,0.00942488,0,0,0
12,0,0,0,0,0.00751102,0.00698301,0,0,0,0.0333561,0.0140614,0.0171937,0.00182926,0,0,0.0181951,0,0.0256712,0.00755464,0.0269637,0.0251886,0.023418,0.00792184,0.00391263,0.006057,0.00658191,0.0119088,0.00803976,0.0181537,0.00952292,0.0157736,0.0056629,0.024816,0.0372601,0.0120665,0.0170302,0.00256698,0.00815164,0.0103591,0.00500598,0.0111442,0.00580415,0,0,0.00675444,0,0.0110296,0.00460177,0.0344397,0.00550468,0.0436167,0.0124335,0.00847979,0.0061586,0.00213023,0.0162551,0.00619175,0.00562342,0.0119073,0.0655298,0.0100767,0.0105478,0.0110441,0.00339591,0.00521178,0.00482999,0.00825652,0.00986588,0,0,0
13,0,0,0,0,0.00759577,0.00706869,0,0,0,0.0369032,0.0137886,0.0163683,0.00236969,0,0,0.0170345,0,0.0261789,0.00693217,0.0269522,0.0258493,0.0235104,0.00814568,0.00364626,0.00504913,0.00666955,0.0138734,0.00937125,0.0180324,0.010648,0.0176697,0.00596402,0.0246257,0.044756,0.0111472,0.0171279,0.00237396,0.0074605,0.0104153,0.00497335,0.0106896,0.00578137,0,0,0.00733337,0,0.0110335,0.0047931,0.0339851,0.00489726,0.0438783,0.0124048,0.00819375,0.00602484,0.0022174,0.0161945,0.00606958,0.00533418,0.0119954,0.0655154,0.0100689,0.0104638,0.0117271,0.00362469,0.00492457,0.00475356,0.00794377,0.00990111,0,0,0
14,0,0,0,0,0.00727016,0.00619562,0,0,0,0.0405714,0.0134352,0.0152312,0.00281738,0,0,0.0187538,0,0.0265713,0.00711566,0.0268681,0.0258917,0.0236185,0.00855248,0.00368969,0.00508132,0.00673974,0.0157208,0.0107286,0.0177856,0.0117306,0.0193255,0.00628212,0.0245525,0.052065,0.011039,0.0171538,0.00185359,0.00764414,0.0104139,0.00510234,0.0098556,0.0056448,0,0,0.00772149,0,0.0109683,0.00454254,0.0336436,0.005126,0.0439404,0.0123735,0.00759328,0.00688696,0.00219235,0.0160439,0.00614231,0.00527737,0.0118924,0.0654664,0.00985899,0.0100497,0.012035,0.00369651,0.00401806,0.0042463,0.00763088,0.00983057,0,0,0
15,0,0,0,0,0.00732233,0.00631398,0,0,0,0.0440247,0.0132551,0.0142047,0.00319873,0,0,0.0179586,0,0.0269707,0.00679293,0.0267019,0.0251394,0.0238095,0.00920943,0.00394639,0.00425868,0.00684969,0.0175512,0.0120865,0.0175247,0.0126696,0.0207806,0.00660565,0.0245129,0.0573842,0.010292,0.017311,0.00178516,0.00787836,0.0104787,0.00490931,0.00878258,0.00570547,0,0,0.00790081,0,0.0109436,0.00464265,0.0334309,0.0052717,0.0440396,0.0119889,0.00709429,0.00681113,0.00213662,0.0158194,0.00597509,0.00524429,0.0112373,0.0654398,0.00940665,0.00933157,0.0115806,0.00371391,0.00377547,0.00406791,0.00724946,0.00986701,0,0,0
16,0,0,0,0,0.00729989,0.00643851,0,0,0,0.046976,0.0130781,0.0134721,0.00351936,0,0,0.0169731,0,0.0273695,0.0064032,0.0265361,0.023431,0.0240246,0.0099837,0.00423255,0.0037027,0.00701974,0.0193009,0.0133557,0.0173733,0.0133999,0.0221016,0.00674488,0.0245366,0.0608167,0.00940171,0.0175186,0.00166836,0.00807348,0.0105242,0.00443674,0.00757226,0.00573153,0,0,0.00791181,0,0.0109407,0.00468068,0.0332931,0.00540965,0.0441643,0.0111364,0.00653465,0.00670246,0.00212499,0.0155166,0.00564983,0.00524734,0.0102676,0.0654949,0.00884237,0.00845194,0.0106381,0.00369411,0.00358723,0.00407058,0.00699219,0.00984543,0,0,0
17,0,0,0,0,0.00726802,0.00660648,0,0,0,0.0495407,0.0128443,0.0130611,0.00382533,0,0,0.0157223,0,0.0277603,0.0058682,0.0264341,0.0211793,0.024195,0.0105786,0.00442504,0.00361064,0.00721133,0.0210304,0.0145143,0.0173743,0.0140756,0.0233991,0.00676743,0.0246359,0.0633653,0.00836874,0.0177388,0.00141116,0.00834568,0.0105628,0.00390756,0.00633957,0.00572767,0,0,0.00780199,0,0.010942,0.00468198,0.0332011,0.0057259,0.0443339,0.00966038,0.00596867,0.00646968,0.0021795,0.0152214,0.00513082,0.0051262,0.00932366,0.0656851,0.00836781,0.00758462,0.00948635,0.00362278,0.00331068,0.00400292,0.00685889,0.0097758,0,0,0
18,0,0,0,0,0.00765114,0.00738796,0,0,0,0.0521516,0.0125885,0.0134416,0.0041341,0,0,0.0132127,0,0.0279984,0.00501255,0.0263591,0.0194256,0.0244123,0.0108831,0.0045503,0.0038583,0.00745091,0.022599,0.0154733,0.0174165,0.0145452,0.0246602,0.00680369,0.0248118,0.0659194,0.00713968,0.0178894,0.00130537,0.00898161,0.0105822,0.00416962,0.00540054,0.00588839,0,0,0.00735624,0,0.0109191,0.00469482,0.0331348,0.00645809,0.0444125,0.00882563,0.00553349,0.00561027,0.00213663,0.0150195,0.00481554,0.00502231,0.00904022,0.0658933,0.00835238,0.00729016,0.00917512,0.00340674,0.00330065,0.00403515,0.00702522,0.00976885,0,0,0
19,0,0,0,0,0.00743739,0.00725207,0,0,0,0.0535551,0.0122555,0.0135323,0.00413199,0,0,0.0120115,0,0.0283406,0.00442902,0.0264026,0.0169501,0.0244245,0.0113712,0.00414189,0.00439117,0.00774671,0.0240805,0.0163061,0.017436,0.0150203,0.0260244,0.00701191,0.0249449,0.0678429,0.00590222,0.0180101,0.00126572,0.00906437,0.010553,0.00394371,0.00413693,0.00577687,0,0,0.00742781,0,0.010864,0.00464119,0.0329654,0.0070195,0.0448035,0.0068884,0.00509856,0.00564819,0.00218294,0.0150367,0.00367127,0.00426653,0.00863649,0.0663613,0.00851363,0.00770838,0.00803517,0.00339849,0.00280635,0.00391519,0.00691966,0.00956026,0,0,0
20,0,0,0,0,0.0067551,0.00598219,0,0,0,0.0544301,0.0118303,0.0141317,0.00399548,0,0,0.0152917,0,0.0286564,0.0055965,0.0263873,0.0151621,0.0244534,0.0116424,0.00355053,0.00490507,0.00789687,0.0253151,0.0168117,0.017497,0.0152239,0.0270282,0.00713417,0.025106,0.0690873,0.00602561,0.0180675,0.000691355,0.0100437,0.0104382,0.00449564,0.00307581,0.00548342,0,0,0.00729121,0,0.0108105,0.00441346,0.032722,0.00757958,0.0450762,0.00551829,0.00450238,0.00634682,0.0022456,0.0151185,0.0026228,0.00364539,0.00854319,0.0668449,0.00913032,0.0082673,0.00727681,0.0032147,0.00229203,0.0037759,0.00659301,0.00936245,0,0,0
21,0,0,0,0,0.00656762,0.00613088,0,0,0,0.0545474,0.0115455,0.0146209,0.00389639,0,0,0.0142905,0,0.0290817,0.00507341,0.0263513,0.0134571,0.024479,0.0116559,0.00313045,0.00574005,0.00794983,0.0262504,0.0170991,0.0175629,0.0153729,0.0275264,0.00720949,0.0251699,0.0694094,0.00517192,0.0182243,0.000259087,0.0109983,0.0103768,0.0056269,0.00223195,0.00532691,0,0,0.00713469,0,0.0107748,0.00435165,0.032511,0.00880037,0.0453925,0.00348137,0.00406342,0.00614627,0.00243453,0.015275,0.00158321,0.00304388,0.00848752,0.0673002,0.00953891,0.00870935,0.00703746,0.00310492,0.0020141,0.00361825,0.00653881,0.00911625,0,0,0
22,0,0,0,0,0.00639967,0.00641513,0,0,0,0.0540332,0.0112617,0.0148614,0.00391455,0,0,0.0131808,0,0.0295424,0.00447485,0.0262729,0.01184,0.024469,0.0114773,0.00278836,0.00670021,0.0078411,0.0268266,0.017124,0.0175544,0.0151628,0.027401,0.00737053,0.0250802,0.0682327,0.00445546,0.0183909,0.000279671,0.0119824,0.0103239,0.00701932,0.00175687,0.00520348,0,0,0.0070654,0,0.0107372,0.00420162,0.0323153,0.0101248,0.045664,0.00153625,0.0035771,0.0059896,0.00258759,0.0154099,0.00137654,0.00276633,0.00889052,0.0676576,0.00983097,0.00932517,0.00724696,0.00298974,0.00189022,0.00341508,0.00652604,0.00884845,0,0,0
23,0,0,0,0,0.00627407,0.00675612,0,0,0,0.0530172,0.0110339,0.0148318,0.00401613,0,0,0.0119023,0,0.0299451,0.00379183,0.0261529,0.0101277,0.0244333,0.0109947,0.00261268,0.00766774,0.00760912,0.0269589,0.0168546,0.0174458,0.0147156,0.0265993,0.00744582,0.0248576,0.0664725,0.00379555,0.0185563,0.000283879,0.0127825,0.0102589,0.00832594,0.00198758,0.00514457,0,0,0.00713685,0,0.0106635,0.00400099,0.0321513,0.0113656,0.0458875,0.00176174,0.0031356,0.00587789,0.00268497,0.0155,0.00166069,0.00275325,0.00942274,0.0679017,0.0100946,0.0101091,0.00786878,0.00290991,0.00188947,0.00326078,0.00653464,0.00857903,0,0,0
24,0,0,0,0,0.00632409,0.00716552,0,0,0,0.0519861,0.0110345,0.0149057,0.0042344,0,0,0.0105056,0,0.0303439,0.0030529,0.0259585,0.00836134,0.0243633,0.0104412,0.00258222,0.00881859,0.00733342,0.0267375,0.0162897,0.0171717,0.0142566,0.025365,0.00749078,0.0245617,0.0648139,0.00342714,0.0185707,0.000586337,0.0132921,0.0101034,0.00937312,0.0027065,0.00514246,0,0,0.00724629,0,0.0106881,0.00380881,0.032001,0.0125708,0.0460927,0.00352281,0.00282363,0.0056827,0.00277372,0.0155865,0.00238197,0.00291059,0.00982438,0.0680498,0.0102644,0.0109296,0.00874328,0.00274621,0.00171058,0.00297591,0.00670058,0.00831794,0,0,0
25,0,0,0,0,0.00596182,0.00657175,0,0,0,0.0508151,0.010573,0.0148023,0.00422391,0,0,0.0137299,0,0.0307161,0.00450108,0.0257651,0.00671053,0.0243885,0.00966633,0.00254048,0.00932692,0.00692906,0.0259993,0.0152176,0.0169551,0.0134474,0.023584,0.00728833,0.0241537,0.0629715,0.00466919,0.0187619,0.00133595,0.0148412,0.0102208,0.0110349,0.00389721,0.00514363,0,0,0.00725675,0,0.0105629,0.00391157,0.0318498,0.0134068,0.0463054,0.00582558,0.00267994,0.00719271,0.00295339,0.015786,0.0035292,0.00327162,0.0106249,0.0681023,0.0105039,0.0120651,0.0100899,0.00247632,0.00172018,0.00303056,0.00727843,0.00838173,0,0,0
26,0,0,0,0,0.00587013,0.00697852,0,0,0,0.0503532,0.0104197,0.0151243,0.00445116,0,0,0.0131646,0,0.0311033,0.00419551,0.0254679,0.00576544,0.0243225,0.00902163,0.00269908,0.010273,0.00644461,0.0249388,0.0139961,0.0167005,0.0126235,0.0217612,0.00709932,0.0236823,0.0619245,0.00473188,0.0188897,0.00186993,0.0159746,0.0102164,0.012665,0.00514284,0.00513633,0,0,0.00758847,0,0.0104637,0.00411322,0.0317037,0.0146336,0.0463529,0.00819799,0.00295878,0.00764961,0.00321556,0.0159781,0.00533274,0.00384931,0.0116658,0.0680555,0.0106848,0.0131983,0.0112808,0.00243062,0.0016633,0.0030104,0.00776815,0.00816737,0,0,0
27,0,0,0,0,0.0058376,0.00737424,0,0,0,0.050152,0.0104248,0.0159223,0.00470904,0,0,0.0126952,0,0.0314478,0.00401889,0.025054,0.00612081,0.0242278,0.00859481,0.00281518,0.0111479,0.00584361,0.0230787,0.0123973,0.0164955,0.0118548,0.0198858,0.00712343,0.0232049,0.0613167,0.00485879,0.0190536,0.00205674,0.0170062,0.0102334,0.0141914,0.00649257,0.00519658,0,0,0.00805405,0,0.010363,0.00441137,0.0316117,0.0155051,0.0464181,0.0106013,0.0034453,0.00816106,0.00340709,0.0162747,0.00812862,0.00458557,0.012739,0.0678851,0.0108151,0.0143355,0.0124301,0.00242732,0.00179374,0.00291869,0.00831867,0.00799294,0,0,0
28,0,0,0,0,0.0059095,0.00778142,0,0,0,0.0501963,0.0103961,0.0171879,0.00492881,0,0,0.0119651,0,0.0318181,0.00362606,0.0248163,0.00782608,0.0241474,0.00867496,0.00291493,0.0120177,0.00508809,0.0205605,0.0104055,0.0162788,0.0109851,0.0180484,0.00745352,0.0227073,0.0610431,0.00487282,0.0191513,0.0023624,0.0181216,0.0102812,0.0157417,0.00794143,0.00530161,0,0,0.00855733,0,0.0102697,0.00471331,0.0315683,0.0164768,0.0464117,0.0131946,0.00410836,0.00864348,0.00355317,0.0166658,0.0096797,0.00554404,0.0138932,0.0676295,0.0110013,0.0155024,0.0135297,0.00241867,0.00204081,0.00265954,0.00882948,0.00785101,0,0,0
29,0,0,0,0,0.00607414,0.008248,0,0,0,0.0503132,0.0103965,0.0187088,0.00513222,0,0,0.0110276,0,0.0321041,0.00311936,0.024841,0.0106058,0.0241442,0.0095573,0.00293293,0.0128805,0.00426883,0.0174893,0.00821861,0.0160778,0.0104225,0.0163116,0.0079884,0.0222094,0.0609217,0.00482787,0.0192165,0.00272199,0.0192838,0.0103726,0.0173793,0.00948527,0.00550195,0,0,0.00924256,0,0.01019,0.00512011,0.0316213,0.0176369,0.0464634,0.0157582,0.00489191,0.00910622,0.00363912,0.017079,0.0115204,0.00642803,0.015,0.0673345,0.011135,0.016602,0.0145703,0.00247857,0.002494,0.00247535,0.00924076,0.00778799,0,0,0
30,0,0,0,0,0.00642969,0.00853503,0,0,0,0.0494114,0.00933401,0.0195744,0.00540809,0,0,0.00935222,0,0.0319582,0.00340809,0.0248273,0.0137367,0.0243868,0.0113876,0.00328599,0.0136262,0.00388184,0.0138994,0.00640931,0.016192,0.0107126,0.0148148,0.00881022,0.0217591,0.0596815,0.00412256,0.0203768,0.00349551,0.0200555,0.0113981,0.018879,0.0108239,0.00630543,0,0,0.0101297,0,0.00923979,0.00588124,0.0316622,0.0191326,0.04634,0.0180003,0.00558403,0.00952158,0.0037038,0.0174035,0.01303,0.00678348,0.0158982,0.0671229,0.0112517,0.0174981,0.0148773,0.00338321,0.00246124,0.00320603,0.00882707,0.00815178,0,0,0
31,0,0,0,0,0.00621818,0.00816996,0,0,0,0.0502109,0.0104048,0.021747,0.00550463,0,0,0.0144872,0,0.0323363,0.00407836,0.0247073,0.0183201,0.0242271,0.0133929,0.00315596,0.0139362,0.00416423,0.0105213,0.00625999,0.0157085,0.0109395,0.0138572,0.00928524,0.0213569,0.059989,0.00617025,0.0190921,0.00360938,0.0221545,0.0104782,0.0210741,0.0127259,0.00565572,0,0,0.00988654,0,0.0101437,0.00598796,0.0318706,0.0192723,0.0463075,0.0217158,0.00669281,0.0117564,0.00376911,0.0181631,0.014853,0.00802265,0.0172281,0.0664524,0.0112406,0.0187416,0.0172522,0.00253327,0.00325519,0.00245315,0.0102101,0.00805547,0,0,0
32,0,0,0,0,0.00626043,0.00831262,0,0,0,0.0496365,0.0104909,0.023021,0.00585286,0,0,0.0141231,0,0.032486,0.00366368,0.0246178,0.0217503,0.0243582,0.0154633,0.00355174,0.0145187,0.00533757,0.00822784,0.0077733,0.0154785,0.0117589,0.0133222,0.00987418,0.0211262,0.0591614,0.00616509,0.0190848,0.00394823,0.0228698,0.0104758,0.0221792,0.0142511,0.00564648,0,0,0.0104751,0,0.0100463,0.00629495,0.032064,0.0200235,0.0460705,0.0244003,0.00759409,0.0122314,0.00395918,0.0188666,0.0161853,0.0091767,0.0184687,0.0656537,0.0111015,0.0197521,0.0179738,0.00261665,0.00362266,0.00242513,0.0100356,0.00795928,0,0,0
33,0,0,0,0,0.00616918,0.00841864,0,0,0,0.0485223,0.0105942,0.0240016,0.00632524,0,0,0.0135656,0,0.0326235,0.00329797,0.0245629,0.0244769,0.0245284,0.0171532,0.00400553,0.0150239,0.00667727,0.00795577,0.00993255,0.0152515,0.0125375,0.0130988,0.0103236,0.0210212,0.057893,0.00613298,0.0191018,0.00424068,0.0229793,0.0104981,0.0226378,0.0155714,0.00557189,0,0,0.0109964,0,0.00998003,0.00647537,0.0322345,0.0205711,0.0457333,0.0269321,0.00839867,0.0125163,0.00424269,0.0195584,0.0173886,0.0103341,0.0198162,0.0647438,0.0111258,0.0206787,0.0182163,0.0027072,0.00396115,0.00239639,0.00984091,0.00777108,0,0,0
34,0,0,0,0,0.00599492,0.00845947,0,0,0,0.0468091,0.0107232,0.0245934,0.00673079,0,0,0.0128648,0,0.0326777,0.0030007,0.0246386,0.0266103,0.0248045,0.0182009,0.00444643,0.0154829,0.00808611,0.00927949,0.0121919,0.0150402,0.0130884,0.0128529,0.0105607,0.020962,0.0559306,0.00612551,0.0192158,0.00448159,0.0220907,0.0105553,0.0218799,0.0166897,0.00536404,0,0,0.0114363,0,0.00992171,0.00660655,0.0324059,0.0198544,0.045465,0.028649,0.00907509,0.0125866,0.00443669,0.0198747,0.0179862,0.0110461,0.0205928,0.064058,0.0111857,0.0211673,0.01772,0.0028192,0.00417974,0.00239194,0.00963211,0.00751089,0,0,0
35,0,0,0,0,0.00600797,0.00788307,0,0,0,0.0441634,0.011259,0.0247465,0.00666487,0,0,0.0103857,0,0.0323779,0.00257882,0.0250224,0.0283,0.0251388,0.0188571,0.00479959,0.0148624,0.00999309,0.0118894,0.0148127,0.0148468,0.0135086,0.0124061,0.010433,0.0209383,0.0528837,0.00579378,0.0194385,0.00520329,0.0198475,0.0107157,0.0189218,0.0177843,0.00438876,0,0,0.0124914,0,0.00984941,0.00733503,0.0327075,0.0162121,0.0450778,0.027414,0.00990595,0.011794,0.00399469,0.0186157,0.0163418,0.0101083,0.0196341,0.0640617,0.0109815,0.0201572,0.0164413,0.00307093,0.00406205,0.00258576,0.00919302,0.00719967,0,0,0
36,0,0,0,0,0.00553436,0.00856473,0,0,0,0.0410122,0.0109147,0.0239503,0.0070308,0,0,0.0110689,0,0.0325649,0.00256225,0.0252096,0.0284434,0.0253687,0.0185024,0.00548228,0.0161153,0.0105953,0.013137,0.0157436,0.0144866,0.0137491,0.0121232,0.0108204,0.0207858,0.0496584,0.00615617,0.0196395,0.00487304,0.0169862,0.0105613,0.0138555,0.0183456,0.00488406,0,0,0.011852,0,0.00971534,0.00680149,0.0325274,0.010524,0.0450113,0.0287867,0.00966877,0.0125731,0.00453626,0.0193382,0.0166906,0.010353,0.0209092,0.0636288,0.0121995,0.0207342,0.0168509,0.00276677,0.00455598,0.00225425,0.00952012,0.00681421,0,0,0
37,0,0,0,0,0.00528903,0.00848056,0,0,0,0.036905,0.010859,0.0229689,0.00707295,0,0,0.0109738,0,0.0326956,0.0026512,0.0257339,0.0284812,0.025627,0.0182283,0.00623362,0.0163016,0.0116039,0.0151791,0.0171635,0.0142369,0.0137721,0.0113585,0.0105749,0.0209107,0.0451837,0.00627404,0.019715,0.00493367,0.0166985,0.0105161,0.0113772,0.0191105,0.00458556,0,0,0.0119441,0,0.00964495,0.00683014,0.0326748,0.00867156,0.0447786,0.0288459,0.0099096,0.0126143,0.0045951,0.0190575,0.0157104,0.00988226,0.0213113,0.0634515,0.0130804,0.0209146,0.0190714,0.00270106,0.00471106,0.00215172,0.00956684,0.00645953,0,0,0
38,0,0,0,0,0.00496788,0.00842295,0,0,0,0.0321096,0.0107773,0.0216606,0.00709982,0,0,0.0107722,0,0.0328763,0.00284134,0.0263822,0.0277874,0.0258622,0.0176919,0.00635762,0.0164059,0.0123227,0.0170297,0.0182158,0.0139096,0.0135017,0.0104908,0.0100289,0.0211567,0.039866,0.00635754,0.0197713,0.00500744,0.0176868,0.0104261,0.0101576,0.019859,0.00435977,0,0,0.012019,0,0.00958034,0.00681537,0.0328832,0.00811521,0.0444553,0.0289758,0.0102649,0.0127539,0.00451693,0.0188126,0.014921,0.00930628,0.0216766,0.0632469,0.0141812,0.021331,0.0220999,0.00257201,0.00478324,0.00196616,0.00968489,0.00612192,0,0,0
39,0,0,0,0,0.00467026,0.00836987,0,0,0,0.0266662,0.0106836,0.0199015,0.00703235,0,0,0.0105559,0,0.0330636,0.00307936,0.0270653,0.0261106,0.0261248,0.0167977,0.0064497,0.0165073,0.0127189,0.0184934,0.018721,0.0134466,0.0130817,0.00980558,0.00914958,0.021487,0.0337008,0.00643549,0.019861,0.00510978,0.0195562,0.0103507,0.0102793,0.0204647,0.00417088,0,0,0.0120088,0,0.0095591,0.00673437,0.0331155,0.00916487,0.0441499,0.0291354,0.0105883,0.0128713,0.00410186,0.0185334,0.0142888,0.00867933,0.0222294,0.0631349,0.0154399,0.0220384,0.0253712,0.00243144,0.00490158,0.00176965,0.00979724,0.00573863,0,0,0
40,0,0,0,0,0.00431612,0.00836757,0,0,0,0.0207024,0.0105393,0.0175753,0.00676579,0,0,0.0103159,0,0.033276,0.00332644,0.0277458,0.0234687,0.0264165,0.0156757,0.00649688,0.0165357,0.0126626,0.0194768,0.0185456,0.0129315,0.0126859,0.00921227,0.00806438,0.0219287,0.0267659,0.00649944,0.0199748,0.0052231,0.0216349,0.010279,0.0111898,0.0209427,0.0040366,0,0,0.0119651,0,0.00956027,0.00660466,0.0333333,0.0111027,0.0439256,0.0291388,0.0107496,0.0131087,0.00382319,0.0180682,0.0139071,0.00806006,0.0228406,0.0633449,0.0170567,0.0228742,0.0285334,0.00227944,0.00505228,0.00160218,0.0099366,0.00530602,0,0,0
41,0,0,0,0,0.0183013,0.0142474,0,0,0,0.0152163,0.0102501,0.0144096,0.00646925,0,0,0.0331908,0,0.0376744,0.0162447,0.0284647,0.01933,0.0270182,0.0139731,0.00699683,0.0146152,0.0124467,0.0197082,0.0174411,0.0124309,0.0120235,0.00899967,0.00677217,0.0228189,0.0199857,0.0204504,0.0205665,0.00494512,0.0119716,0.0100151,0.0102663,0.020246,0.0174249,0,0,0.00967941,0,0.00992446,0.00528995,0.0334426,0.0181585,0.0441108,0.0274435,0.00883646,0.0111183,0.00351084,0.0172676,0.0121031,0.00686201,0.0217142,0.0642325,0.017143,0.0220355,0.0246392,0.00381349,0.00583661,0.00201392,0.0106583,0.0170894,0,0,0
42,0,0,0,0,0.00363722,0.00790377,0,0,0,0.0129216,0.0100161,0.0124589,0.0058236,0,0,0.012155,0,0.0339542,0.00511677,0.0285312,0.0152498,0.027534,0.0120706,0.00586145,0.016231,0.0108466,0.0184461,0.0151347,0.0122503,0.0111391,0.00929379,0.00516363,0.0242231,0.0152118,0.00728115,0.0202291,0.00588971,0.0242631,0.0101698,0.013594,0.0216379,0.00290076,0,0,0.0100804,0,0.009604,0.00589839,0.0340921,0.0137688,0.0434597,0.028813,0.010565,0.0139267,0.0031043,0.0172468,0.0121469,0.0070024,0.0233282,0.0642972,0.0204224,0.0236532,0.0327693,0.00218857,0.00475301,0.00142278,0.0105352,0.00422275,0,0,0
43,0,0,0,0,0.00325034,0.00789257,0,0,0,0.0128459,0.0095698,0.0141843,0.00488208,0,0,0.0111033,0,0.0345717,0.00576585,0.0275475,0.016283,0.0291625,0.00499363,0.00545396,0.0158389,0.00804376,0.0103809,0.00676722,0.0127031,0.00741931,0.00682452,0.00412735,0.0291711,0.0182865,0.00701782,0.0207124,0.00605439,0.0258543,0.00976286,0.0147491,0.0214876,0.00312757,0,0,0.00816161,0,0.00965734,0.00502617,0.0346754,0.014694,0.0432632,0.0285955,0.00953902,0.0131491,0.00269815,0.0170133,0.0120303,0.00680076,0.0237039,0.0645938,0.0212966,0.0238413,0.0350742,0.00213675,0.00482585,0.00128719,0.0105087,0.00299612,0,0,0
44,0,0,0,0,0.0033142,0.00839547,0,0,0,0.0185061,0.00930766,0.018721,0.00483357,0,0,0.0100715,0,0.0349857,0.00588669,0.0279271,0.0202081,0.0294286,0.00639241,0.00508167,0.0157753,0.00731062,0.00976682,0.00567345,0.01407,0.00864028,0.00890514,0.00544249,0.0302955,0.0201895,0.00670271,0.020988,0.00612139,0.0283734,0.00952856,0.0166999,0.0217578,0.00372612,0,0,0.00746388,0,0.00970431,0.00477736,0.0350941,0.0167802,0.0432328,0.0286456,0.00936786,0.0134852,0.00254255,0.0169079,0.0120002,0.00683836,0.0240712,0.0649198,0.022248,0.0243477,0.0382577,0.00247332,0.00514307,0.00131646,0.0109722,0.00253759,0,0,0
45,0,0,0,0,0.00348544,0.00881241,0,0,0,0.0248466,0.00901129,0.0226092,0.00512892,0,0,0.00966683,0,0.0354346,0.0062411,0.0284695,0.0226847,0.0297409,0.00790925,0.00466992,0.0156514,0.00699837,0.0103635,0.00647887,0.0157422,0.0102293,0.0109749,0.00701649,0.031552,0.0240392,0.00656925,0.0211115,0.00626951,0.0306359,0.00934264,0.0186442,0.0221599,0.00396337,0,0,0.00678947,0,0.00971713,0.00449857,0.0356072,0.0185026,0.0431261,0.0286395,0.00940898,0.0135358,0.00240278,0.0169188,0.0121507,0.00660346,0.0242335,0.0650763,0.0229423,0.0251019,0.0410251,0.00280537,0.00535863,0.00154403,0.0114661,0.00216559,0,0,0
46,0,0,0,0,0.0193107,0.0138882,0,0,0,0.030248,0.00881371,0.0251575,0.00506977,0,0,0.0387206,0,0.0399931,0.019009,0.0293659,0.0233101,0.0302542,0.00898042,0.00500698,0.0133745,0.00744734,0.012161,0.00790208,0.0170796,0.011976,0.0130766,0.00874268,0.0330809,0.0283259,0.0227042,0.0214121,0.00625577,0.0231226,0.00865015,0.0169376,0.0218067,0.0194379,0,0,0.00548675,0,0.01018,0.00374649,0.0360386,0.0182711,0.0430479,0.0274402,0.00830807,0.0115139,0.00266086,0.0162323,0.0120525,0.00536066,0.023064,0.065153,0.021375,0.0240631,0.0357964,0.00296434,0.00741199,0.00357057,0.0093018,0.0174242,0,0,0
47,0,0,0,0,0.00473133,0.00960815,0,0,0,0.0344291,0.00855665,0.0292173,0.00626242,0,0,0.0128639,0,0.0360723,0.00767487,0.029534,0.0262834,0.0310148,0.0100656,0.00357207,0.0157108,0.00754781,0.0117934,0.00891402,0.0187427,0.0140294,0.0156562,0.01087,0.0350091,0.0323131,0.00755845,0.0211724,0.00696328,0.033038,0.00910649,0.0209889,0.0231147,0.00296281,0,0,0.00554318,0,0.00958959,0.00397828,0.0368854,0.0201266,0.0424483,0.0293208,0.0102399,0.0131136,0.00265452,0.0167147,0.013382,0.00666064,0.0253256,0.0644883,0.024095,0.0264562,0.0441868,0.00327557,0.00525957,0.00174101,0.013023,0.00177631,0,0,0
48,0,0,0,0,0.00507289,0.00994508,0,0,0,0.0379705,0.00838855,0.0325573,0.0066164,0,0,0.0123039,0,0.0364407,0.00787488,0.0300847,0.0290828,0.0314932,0.0113997,0.00332361,0.0158345,0.00789474,0.0125118,0.00981241,0.0195965,0.0159348,0.0178631,0.0123776,0.0361237,0.0356827,0.00742271,0.0213517,0.00710907,0.0328402,0.0089302,0.0203659,0.0233795,0.0032687,0,0,0.00487942,0,0.0095814,0.00365128,0.0375579,0.0196477,0.0420719,0.0297847,0.0105495,0.0128989,0.00302216,0.0165994,0.0137921,0.00765574,0.0259315,0.0641208,0.0244365,0.0269291,0.0451038,0.00353614,0.00521811,0.00195369,0.0132713,0.00133288,0,0,0
49,0,0,0,0,0.00530934,0.0101193,0,0,0,0.0397633,0.00824015,0.0351163,0.00704474,0,0,0.0117019,0,0.0367166,0.00803291,0.0304874,0.0321872,0.0319212,0.0124527,0.00326864,0.0160019,0.00795557,0.0126614,0.0101061,0.0199787,0.0173948,0.0195758,0.0135503,0.0369497,0.0377387,0.00728112,0.0215087,0.00722487,0.0317562,0.00878777,0.018772,0.0237632,0.00365147,0,0,0.00434553,0,0.00957844,0.00341805,0.0381649,0.0184188,0.0416872,0.0303042,0.0110021,0.0126315,0.00328443,0.0163927,0.0141505,0.00864932,0.0262802,0.0635959,0.0245516,0.0272573,0.0451745,0.00370038,0.0051923,0.00218376,0.0132824,0.000858126,0,0,0
50,0,0,0,0,0.00537682,0.0102171,0,0,0,0.040151,0.00813273,0.0366395,0.00749012,0,0,0.0110973,0,0.036926,0.00816797,0.030734,0.0348855,0.0322239,0.0129948,0.00333168,0.0161662,0.00780883,0.012465,0.0100036,0.0199871,0.0181921,0.0205888,0.0141712,0.0373727,0.0386321,0.00719595,0.0216321,0.00726388,0.0293232,0.00866216,0.0158665,0.024187,0.00404067,0,0,0.00393418,0,0.00955934,0.00330846,0.0386608,0.0161623,0.0413074,0.0306836,0.0116221,0.0124144,0.00336264,0.016487,0.0143013,0.00855934,0.0261537,0.0629851,0.0241043,0.0270679,0.0441704,0.00388464,0.00523507,0.0023425,0.0131733,0.000463993,0,0,0
51,0,0,0,0,0.00620991,0.0102534,0,0,0,0.0396108,0.00801257,0.0369939,0.00802182,0,0,0.008365,0,0.0361029,0.00858566,0.0308138,0.0363324,0.0324518,0.0130149,0.00335974,0.0165332,0.0075826,0.0121916,0.00957272,0.0196929,0.0182807,0.0207712,0.0142657,0.0374405,0.0385156,0.00700081,0.0224061,0.00722864,0.0254031,0.00837033,0.0117553,0.0246703,0.00587448,0,0,0.00381847,0,0.00969583,0.00348763,0.0391301,0.0138631,0.0409949,0.0308878,0.0123243,0.0120201,0.00335685,0.0166582,0.0146622,0.00864682,0.0254701,0.0622734,0.0229422,0.0264338,0.0422226,0.00385332,0.00561698,0.00283288,0.0123761,0.00170635,0,0,0
52,0,0,0,0,0.0190972,0.0127169,0,0,0,0.0385943,0.00933023,0.0363795,0.00777021,0,0,0.0361703,0,0.0403916,0.0177548,0.0309342,0.0361029,0.0323054,0.0132118,0.00362363,0.0148962,0.00732295,0.0121683,0.00933433,0.0193104,0.0179975,0.0203797,0.0137365,0.0369579,0.0378805,0.02035,0.0224549,0.00507599,0.0168566,0.00799844,0.00741788,0.024524,0.0193347,0,0,0.0039309,0,0.00952236,0.00373564,0.0392784,0.0218862,0.0410467,0.030444,0.0119345,0.0101781,0.00331055,0.0169179,0.0156016,0.0085676,0.0239348,0.0617689,0.0204379,0.0247004,0.0371837,0.0035029,0.00627883,0.00367392,0.00859637,0.0162548,0,0,0
53,0,0,0,0,0.00550634,0.0103957,0,0,0,0.0370617,0.00799142,0.0349029,0.00843861,0,0,0.0104664,0,0.0368761,0.008439,0.0306719,0.0344071,0.0323828,0.0126663,0.00288937,0.0164814,0.00716965,0.0113801,0.0084145,0.0187763,0.0174272,0.0197772,0.0134249,0.0368479,0.0365033,0.00721471,0.0217878,0.0070376,0.018502,0.00843437,0.00827295,0.0252407,0.00424251,0,0,0.0030645,0,0.00957793,0.00350817,0.0395495,0.0169934,0.0404485,0.0316555,0.0136486,0.0125951,0.00322714,0.017522,0.016051,0.00843193,0.0238814,0.0610573,0.0201237,0.0242953,0.0403634,0.00467668,0.0059014,0.0026117,0.013142,0.000654895,0,0,0
54,0,0,0,0,0.00550609,0.0102726,0,0,0,0.0356804,0.00800657,0.0328724,0.00864054,0,0,0.00990134,0,0.0367029,0.00829391,0.0305416,0.0320696,0.0322229,0.0121102,0.00242406,0.01674,0.00701163,0.0109383,0.00744936,0.0178958,0.016512,0.0186665,0.0125836,0.0361777,0.0350835,0.00720791,0.0217827,0.00686272,0.0183347,0.00840969,0.0132228,0.0256227,0.00449216,0,0,0.00304815,0,0.00955452,0.00363159,0.0397703,0.0223416,0.0402663,0.0323499,0.0145191,0.0124727,0.00318131,0.0179166,0.0165241,0.00821777,0.0231055,0.0606256,0.0186845,0.023425,0.0409153,0.00473533,0.00614331,0.00277822,0.0129331,0.000564995,0,0,0
55,0,0,0,0,0.00568531,0.0101129,0,0,0,0.0337746,0.00800555,0.0303929,0.00870882,0,0,0.00969847,0,0.0364988,0.00834154,0.0301852,0.029626,0.0319736,0.0111034,0.00206513,0.016824,0.00702154,0.00983088,0.00604037,0.0168223,0.0153479,0.0172944,0.0116106,0.0355488,0.0330146,0.00723033,0.0218043,0.00675699,0.0212501,0.00833374,0.0198315,0.0259074,0.00453982,0,0,0.00290245,0,0.00954161,0.00363273,0.039886,0.0292587,0.0403088,0.0322175,0.0151616,0.0122773,0.00305806,0.0182404,0.0169438,0.00892875,0.0217135,0.0608433,0.0169961,0.0222555,0.0428449,0.00485849,0.00627017,0.00292704,0.0127435,0.000747736,0,0,0
56,0,0,0,0,0.00582426,0.00983408,0,0,0,0.0324423,0.00801774,0.0280549,0.00881428,0,0,0.00977522,0,0.0362577,0.00840793,0.0296516,0.0280138,0.0317111,0.00989618,0.00193488,0.0168637,0.00706737,0.00854563,0.00442734,0.0156897,0.0140594,0.0157151,0.0104899,0.0347732,0.0308821,0.00733989,0.021852,0.00665416,0.0209164,0.00819571,0.0199966,0.0263892,0.00448547,0,0,0.00267661,0,0.00951818,0.00349163,0.0398673,0.0285021,0.0403818,0.0305094,0.0157951,0.0119935,0.0026047,0.0179243,0.0164463,0.0090362,0.0196137,0.0619632,0.0177566,0.0198452,0.0438187,0.00504968,0.00635147,0.00308942,0.0124391,0.000917458,0,0,0
57,0,0,0,0,0.00731346,0.0088421,0,0,0,0.0321054,0.00827965,0.0265309,0.00904567,0,0,0.00876279,0,0.0362379,0.00873087,0.0291572,0.028292,0.0317191,0.00877838,0.00207617,0.0165548,0.00707293,0.00731065,0.00268841,0.0144475,0.0131766,0.0145812,0.00968178,0.0340832,0.0293618,0.00765161,0.0221995,0.00566923,0.0198107,0.0080607,0.0190685,0.0268519,0.00713012,0,0,0.00258887,0,0.00948676,0.00334736,0.0397384,0.0275764,0.0403091,0.02797,0.016392,0.0106264,0.00214053,0.0176142,0.0153749,0.00859887,0.016656,0.0635647,0.0183501,0.0169198,0.0438957,0.00452955,0.00642593,0.0034843,0.010176,0.00331359,0,0,0
58,0,0,0,0,0.00641799,0.00888904,0,0,0,0.0316637,0.00799034,0.0261759,0.00970082,0,0,0.00946842,0,0.0359689,0.00846441,0.0285449,0.0294979,0.0320992,0.00853254,0.00181518,0.016814,0.00655095,0.00655428,0.00202607,0.0135429,0.013467,0.0149214,0.0096517,0.0337851,0.0292548,0.00744598,0.0220191,0.00650179,0.0181657,0.00778299,0.0166867,0.0272834,0.00515237,0,0,0.00340269,0,0.00949783,0.00362358,0.0397915,0.0257021,0.0400956,0.0245283,0.0166997,0.00922011,0.00141958,0.0173834,0.0134141,0.00777864,0.0126976,0.0652043,0.0183557,0.0141282,0.0434607,0.00466635,0.00608442,0.00376632,0.0106644,0.00144266,0,0,0
59,0,0,0,0,0.00594799,0.00850446,0,0,0,0.0288616,0.00785273,0.0267484,0.0106191,0,0,0.00959554,0,0.0358993,0.00877753,0.0280672,0.0292586,0.0324765,0.00904812,0.00170711,0.0165267,0.00564981,0.00668293,0.00301099,0.0132757,0.0139807,0.015878,0.0101946,0.0338488,0.0299225,0.00743598,0.0221029,0.00646985,0.0179404,0.00749418,0.0163726,0.027769,0.00475351,0,0,0.00382884,0,0.00971263,0.00353409,0.0400988,0.023539,0.0397351,0.0214865,0.0170822,0.00966941,0.00109153,0.0171041,0.0116684,0.00716734,0.00935529,0.0666007,0.0187073,0.0116033,0.0440103,0.00602099,0.00554502,0.00377475,0.00999568,0.00127961,0,0,0
60,0,0,0,0,0.00585184,0.00826798,0,0,0,0.0243292,0.00757429,0.0262427,0.0107159,0,0,0.0097165,0,0.0359702,0.00923238,0.027632,0.0288367,0.0325732,0.00858061,0.00138993,0.0165815,0.0040264,0.00660303,0.00468177,0.013973,0.0133613,0.015515,0.0106814,0.0340836,0.0281988,0.00741763,0.0221199,0.00664037,0.0184498,0.0071005,0.0160585,0.0274159,0.00478714,0,0,0.0054706,0,0.00985921,0.00409073,0.0401328,0.0214839,0.0395217,0.0171438,0.0163541,0.00915981,0.00254801,0.0160362,0.00926277,0.00631342,0.00613054,0.0681807,0.0192724,0.00885921,0.0437001,0.00686564,0.00558358,0.00412864,0.00934817,0.00154699,0,0,0
61,0,0,0,0,0.00581198,0.00810798,0,0,0,0.0213801,0.00731256,0.0228125,0.0101282,0,0,0.0096695,0,0.0360539,0.00961447,0.0271394,0.028329,0.0323153,0.00698747,0.00134368,0.0168382,0.00229077,0.00618647,0.00602634,0.0152814,0.0119823,0.0148585,0.0104023,0.0338686,0.0244807,0.00752375,0.0222107,0.00684297,0.0203873,0.00667779,0.0160617,0.0264081,0.00499764,0,0,0.00706794,0,0.0100171,0.00463285,0.0400181,0.0190091,0.0393844,0.0125961,0.0151291,0.00888585,0.0045055,0.0146998,0.00681032,0.00575411,0.00478714,0.0697258,0.0198314,0.00749559,0.0437483,0.00767421,0.00592422,0.00453063,0.00890022,0.00175828,0,0,0
62,0,0,0,0,0.00590183,0.00788274,0,0,0,0.0199131,0.00711495,0.0194194,0.00904189,0,0,0.00965163,0,0.0361135,0.00986936,0.0266745,0.0270492,0.0319065,0.00433274,0.0014095,0.0172812,0.00166563,0.0058449,0.00694669,0.0162302,0.0109074,0.015033,0.00950101,0.0329803,0.0222333,0.00780204,0.0223699,0.00704319,0.0239377,0.00626982,0.0159285,0.0247138,0.0052745,0,0,0.00841089,0,0.0101638,0.00514052,0.0397764,0.0164682,0.0391611,0.00780809,0.013758,0.00859781,0.00631552,0.0131935,0.00376595,0.0055843,0.00757016,0.0710402,0.0201986,0.00886586,0.0440057,0.00829702,0.00606994,0.00493362,0.00853884,0.00207807,0,0,0
63,0,0,0,0,0.00904858,0.00626322,0,0,0,0.0183121,0.00718454,0.0178615,0.00738009,0,0,0.010327,0,0.0365593,0.0103446,0.0263488,0.0247709,0.0315878,0.00282509,0.00102691,0.0173446,0.00165295,0.00517713,0.00698696,0.0162223,0.0100926,0.0150549,0.00854354,0.0318194,0.0211991,0.00787243,0.0227672,0.00618101,0.0296067,0.00584078,0.0158514,0.0221537,0.0093298,0,0,0.0089496,0,0.010137,0.00604265,0.0392693,0.0153636,0.0387752,0.00614779,0.0122211,0.00747639,0.0080436,0.0116348,0.000545307,0.00625374,0.0131642,0.0717098,0.0204033,0.0130545,0.0436843,0.00734708,0.00645363,0.00572393,0.00518556,0.00574122,0,0,0
64,0,0,0,0,0.00786178,0.00599374,0,0,0,0.0167302,0.00693954,0.0164376,0.00532894,0,0,0.00847367,0,0.0364497,0.00990163,0.0260022,0.0226535,0.0312248,0.00304591,0.000641688,0.0185523,0.00184769,0.00434459,0.00643438,0.0157124,0.00939064,0.0144884,0.00764218,0.0308951,0.020578,0.00803643,0.0226799,0.00687236,0.0370123,0.00556092,0.0180015,0.019134,0.00777277,0,0,0.00946655,0,0.0103687,0.00633547,0.0387345,0.0189946,0.0381946,0.011601,0.0110182,0.00667904,0.0100663,0.0100828,0.00455021,0.0081562,0.0197118,0.0713983,0.0207533,0.0189956,0.0432217,0.00749974,0.00627522,0.00592724,0.00542189,0.00480883,0,0,0
65,0,0,0,0,0.00831406,0.00527954,0,0,0,0.0152743,0.00703592,0.0154508,0.00344002,0,0,0.00875136,0,0.0364041,0.00965152,0.025925,0.0210502,0.0310117,0.00362184,0.000979853,0.0190654,0.00225205,0.00324911,0.00555632,0.0150128,0.0086496,0.0136124,0.00692039,0.0301601,0.0202046,0.00848443,0.0226013,0.00667314,0.0448026,0.00539131,0.0223857,0.0161259,0.00821628,0,0,0.00955704,0,0.0105457,0.00643195,0.0381677,0.0266119,0.0377174,0.0181683,0.0102753,0.00626059,0.0119936,0.00894909,0.00830834,0.0108981,0.0252616,0.070442,0.0220946,0.0248918,0.0436607,0.00727425,0.00583231,0.00582761,0.00395164,0.00564127,0,0,0
66,0,0,0,0,0.00811475,0.0047182,0,0,0,0.0143813,0.00725491,0.0151819,0.00234983,0,0,0.00898121,0,0.0360684,0.00914516,0.0260049,0.0199365,0.0309646,0.00384216,0.00165379,0.0194543,0.00270075,0.00204977,0.00509069,0.0145907,0.00809448,0.0130093,0.00659598,0.0296481,0.0197128,0.00906738,0.0223335,0.00640084,0.0517229,0.0053212,0.0283563,0.0132277,0.0079925,0,0,0.0093289,0,0.010721,0.00615887,0.037772,0.0359084,0.0372014,0.0252305,0.0100259,0.00584048,0.0141227,0.0085962,0.0123206,0.0141226,0.0297143,0.0687732,0.0245397,0.0303908,0.044288,0.00719404,0.00513824,0.00562008,0.00270463,0.00563589,0,0,0
67,0,0,0,0,0.00777915,0.00411764,0,0,0,0.0141874,0.00756906,0.0151416,0.00272433,0,0,0.00929922,0,0.0355565,0.00853291,0.0260504,0.0189453,0.0311128,0.00389225,0.00264922,0.0196085,0.0028625,0.00195908,0.00540016,0.0146286,0.0077375,0.0126939,0.00654548,0.0294669,0.0196826,0.00964285,0.0219455,0.006069,0.0565063,0.00539455,0.0334996,0.0104425,0.00749416,0,0,0.00872233,0,0.010722,0.00582748,0.037505,0.0443437,0.0366849,0.0308057,0.00974042,0.00554636,0.0155831,0.00958629,0.0153255,0.0162984,0.0337812,0.0668753,0.0268062,0.0346743,0.0445662,0.00648512,0.00458112,0.00533179,0.00153971,0.00536628,0,0,0
68,0,0,0,0,0.00948749,0.00498036,0,0,0,0.0142221,0.00810935,0.0150112,0.00384039,0,0,0.0109557,0,0.0350863,0.00832054,0.0260968,0.0178382,0.031471,0.00386334,0.00400039,0.0186695,0.00288795,0.00270198,0.00613232,0.0150389,0.00750034,0.012434,0.00662229,0.0296505,0.0201655,0.00958986,0.0217279,0.0050031,0.058843,0.00567476,0.0374599,0.00805628,0.00934269,0,0,0.0078846,0,0.0105728,0.00543591,0.0373468,0.0529284,0.0363358,0.0347402,0.00915465,0.00630574,0.0162667,0.0114028,0.0173201,0.0174702,0.0369497,0.0652932,0.0287089,0.0376845,0.0441899,0.00549114,0.0041954,0.00490218,0.00341676,0.00779984,0,0,0
69,0,0,0,0,0.00769206,0.00470125,0,0,0,0.0140699,0.00838503,0.0147235,0.00481591,0,0,0.00921592,0,0.0347043,0.00724537,0.0259653,0.0165513,0.0319116,0.0040013,0.00547651,0.0186257,0.00322404,0.00315725,0.00696155,0.0156675,0.00744605,0.0122336,0.00671846,0.0299638,0.0206069,0.00947963,0.0212386,0.00500318,0.0601993,0.00614881,0.0412137,0.00615951,0.00748464,0,0,0.00974738,0,0.010789,0.00475118,0.0372414,0.0635964,0.0358488,0.0388718,0.00832321,0.00655876,0.0170122,0.0133149,0.0196413,0.0183425,0.0398499,0.0637254,0.0303746,0.0424112,0.0425635,0.00809175,0.00266827,0.0035552,0.00408556,0.00715395,0,0,0
70,0,0,0,0,0.00718556,0.00509553,0,0,0,0.0141372,0.00895077,0.0143212,0.00533839,0,0,0.00861174,0,0.0341779,0.00626341,0.0255763,0.01514,0.0324188,0.00387812,0.00639088,0.0180994,0.00375756,0.00283427,0.00710864,0.0160358,0.00751152,0.0121448,0.00682354,0.0303014,0.0210441,0.00925622,0.0208089,0.00445474,0.0638691,0.00667702,0.0445261,0.00556183,0.00683213,0,0,0.00828502,0,0.0107143,0.00375828,0.0373167,0.0694616,0.0354676,0.0417948,0.00749837,0.00606993,0.0174098,0.0148673,0.0215374,0.0191487,0.0421833,0.0618976,0.0324407,0.0474512,0.0433027,0.00748408,0.00254236,0.00310335,0.00520516,0.00757088,0,0,0
71,0,0,0,0,0.00677394,0.00533282,0,0,0,0.0142988,0.00955988,0.0137946,0.00573338,0,0,0.00805573,0,0.033225,0.00527177,0.0247881,0.0134874,0.032782,0.00367785,0.0069277,0.0173692,0.00433387,0.00198185,0.00670416,0.0159434,0.00750535,0.0119247,0.00678176,0.0304279,0.021744,0.00895829,0.0203772,0.00417059,0.0671246,0.00723999,0.048007,0.00595725,0.00611766,0,0,0.00641928,0,0.0106215,0.00280394,0.0374236,0.0741122,0.0351589,0.0438287,0.00651533,0.00586492,0.0178585,0.0162516,0.0231483,0.0204471,0.0442576,0.0600464,0.0346166,0.0503072,0.0424901,0.00666266,0.00266412,0.00267378,0.00587305,0.00766181,0,0,0
72,0,0,0,0,0.00655212,0.00537035,0,0,0,0.0147442,0.0101602,0.0132553,0.00576267,0,0,0.00769634,0,0.0322196,0.00421416,0.0239795,0.0118964,0.0331004,0.00341186,0.00704854,0.0164886,0.00484136,0.00133203,0.00603548,0.0155501,0.00736096,0.0115111,0.00663072,0.0304153,0.0225108,0.0087005,0.0198996,0.00403041,0.0682403,0.00784402,0.0517672,0.00692798,0.00552141,0,0,0.0044389,0,0.0104755,0.00214829,0.0375194,0.0782401,0.0349187,0.0453801,0.00575695,0.00574487,0.0184359,0.0174493,0.0244163,0.0219261,0.0459302,0.0582487,0.0367286,0.0507826,0.0401334,0.00561958,0.00301146,0.00230779,0.00617498,0.00768074,0,0,0
73,0,0,0,0,0.0064089,0.00534313,0,0,0,0.0155445,0.0107403,0.012979,0.00562728,0,0,0.00753091,0,0.031507,0.00317446,0.023258,0.0105515,0.0333682,0.00326267,0.00684936,0.0154084,0.00525273,0.00172321,0.00549395,0.0150014,0.00717126,0.0111,0.0063792,0.0303476,0.0234511,0.00843469,0.0194997,0.00391451,0.0667151,0.00840976,0.0550222,0.00800596,0.00505561,0,0,0.00256844,0,0.0103143,0.00198715,0.0375629,0.0817997,0.0347234,0.0468121,0.00551435,0.00553138,0.0187116,0.0182938,0.0252994,0.0227715,0.0475412,0.0564332,0.0384571,0.0499952,0.0360951,0.00458974,0.00334102,0.00193072,0.00625504,0.0076984,0,0,0
74,0,0,0,0,0.0073118,0.00588845,0,0,0,0.0170166,0.0119042,0.0132169,0.00535169,0,0,0.00863437,0,0.0288077,0.00365237,0.0223824,0.00990248,0.033169,0.00320212,0.00625431,0.0155604,0.00589645,0.002581,0.00555308,0.0145396,0.0073955,0.0112063,0.0063771,0.0306131,0.0247395,0.00949081,0.0198289,0.00481316,0.0628676,0.0087588,0.0567324,0.00910555,0.00572766,0,0,0.00148487,0,0.0102353,0.00223866,0.0375,0.0839066,0.0344174,0.0480031,0.00568311,0.0057977,0.0183144,0.0184587,0.0254286,0.0228524,0.0484766,0.05529,0.0392083,0.0499863,0.0306512,0.00410235,0.00365188,0.00168943,0.00654812,0.00834674,0,0,0
75,0,0,0,0,0.00561558,0.00421387,0,0,0,0.0182429,0.0116665,0.0134355,0.00512714,0,0,0.00992007,0,0.0301144,0.00212104,0.0219008,0.00987258,0.0336126,0.00317129,0.00581434,0.0126019,0.00583899,0.00276939,0.00543437,0.0144112,0.00715643,0.0111779,0.00606319,0.0303403,0.0264594,0.00828584,0.0188301,0.00369046,0.062088,0.00931103,0.0574426,0.010174,0.00378518,0,0,0.00141186,0,0.0103842,0.00213473,0.0373823,0.0821155,0.0342691,0.0500829,0.00606904,0.00646167,0.0182604,0.0192361,0.0259885,0.0231478,0.0503465,0.05319,0.0406706,0.0518364,0.0319925,0.00427924,0.00324343,0.00125717,0.00508655,0.00711212,0,0,0
76,0,0,0,0,0.00568819,0.00385668,0,0,0,0.0198523,0.0120812,0.0139715,0.00495167,0,0,0.0105184,0,0.0295341,0.0019972,0.0216372,0.0107855,0.0336205,0.00321419,0.00528264,0.0111519,0.00601008,0.00292897,0.00579361,0.0147687,0.00724566,0.0117613,0.0061545,0.0303424,0.0280447,0.00796145,0.0185611,0.00347569,0.0596198,0.00965961,0.0573833,0.0110427,0.00377116,0,0,0.00112667,0,0.010387,0.00248026,0.0372789,0.0819635,0.0341708,0.0513911,0.00622013,0.00624175,0.0181269,0.0196533,0.0261973,0.0229723,0.0511085,0.0520616,0.0409522,0.052533,0.0308901,0.00354063,0.00327197,0.00110334,0.00488252,0.00723519,0,0,0
77,0,0,0,0,0.00580437,0.00344144,0,0,0,0.0213677,0.0124796,0.0143659,0.00485989,0,0,0.0109976,0,0.0290682,0.0021412,0.0214704,0.0117301,0.0335497,0.00323273,0.00468183,0.00976405,0.00615813,0.00321532,0.00622589,0.0152277,0.00737406,0.0126158,0.00633471,0.0303801,0.0296501,0.00767557,0.0183393,0.00350325,0.0572585,0.00997453,0.0567706,0.0117495,0.00381195,0,0,0.00155932,0,0.0104167,0.00272672,0.0371401,0.0814096,0.0340956,0.0523544,0.00603056,0.00592107,0.017761,0.0200347,0.0264464,0.0227924,0.0514594,0.05119,0.0408161,0.0531081,0.0311411,0.00284015,0.00321481,0.000999956,0.00476748,0.00760602,0,0,0
78,0,0,0,0,0.00589587,0.00312906,0,0,0,0.0226422,0.0128314,0.0145091,0.00483856,0,0,0.0113237,0,0.0286506,0.00232164,0.0212502,0.0122996,0.0334421,0.00316857,0.00400055,0.00848709,0.00623419,0.00356834,0.00639605,0.0155374,0.00753518,0.0134731,0.0064771,0.0304132,0.0311431,0.0073668,0.0181493,0.00348732,0.0547723,0.0102273,0.055611,0.012388,0.00392655,0,0,0.00222158,0,0.0104605,0.00299554,0.0369162,0.0801866,0.0340006,0.0529968,0.00548191,0.00556998,0.0171907,0.0202226,0.0262133,0.0225258,0.0515793,0.0503228,0.0404344,0.0531632,0.0323578,0.00235407,0.00312816,0.00103337,0.00479856,0.00794524,0,0,0
79,0,0,0,0,0.00595665,0.00282445,0,0,0,0.0237969,0.0131435,0.0142384,0.00481271,0,0,0.0113956,0,0.0283316,0.00246911,0.021082,0.0122151,0.0333401,0.00305616,0.00331595,0.00738421,0.00628969,0.00383632,0.00648862,0.0156983,0.00767712,0.0141142,0.00653606,0.0304277,0.0326216,0.00708945,0.0179441,0.00367753,0.0517774,0.0105215,0.0541899,0.0129248,0.0039458,0,0,0.0029955,0,0.0105021,0.00328111,0.0366378,0.0789076,0.0340313,0.0529947,0.00485937,0.00530558,0.0166254,0.0201322,0.0252714,0.0219495,0.0514685,0.0494264,0.0397695,0.0526252,0.03298,0.00208856,0.00306856,0.00115722,0.00491691,0.0080774,0,0,0
80,0,0,0,0,0.0071737,0.00196679,0,0,0,0.0247685,0.0131948,0.0138814,0.00473163,0,0,0.0150849,0,0.0280753,0.00404154,0.0208538,0.0115442,0.0332054,0.00290798,0.00233422,0.00648356,0.00641775,0.00419887,0.00655071,0.015775,0.00780924,0.0144161,0.00660571,0.030551,0.0341763,0.00811757,0.0178456,0.00363594,0.0511719,0.0106378,0.0522939,0.0133458,0.0054643,0,0,0.00302766,0,0.0106887,0.00328366,0.0362745,0.0741029,0.0340063,0.0530408,0.00422975,0.00675034,0.0161234,0.0198396,0.0238008,0.0213151,0.0511387,0.048491,0.0392322,0.052401,0.0372468,0.00207012,0.00295903,0.00134857,0.00366551,0.00936563,0,0,0
81,0,0,0,0,0.00661234,0.00202853,0,0,0,0.0255639,0.0135435,0.0134237,0.00458994,0,0,0.0131636,0,0.0277597,0.00322356,0.0205961,0.0105931,0.0331734,0.00290314,0.00212662,0.00593464,0.00644331,0.0045086,0.0064323,0.0157209,0.0077279,0.0141941,0.00649239,0.0306227,0.035485,0.00742168,0.0176619,0.00387588,0.0473999,0.0109805,0.0505669,0.0137127,0.00472761,0,0,0.00415876,0,0.0106818,0.00378519,0.0360901,0.0741744,0.0344131,0.0525274,0.0040527,0.00566116,0.0155157,0.0196877,0.0218318,0.0204122,0.0501687,0.047809,0.0380074,0.0518097,0.0359165,0.0022916,0.00303596,0.00184918,0.00391734,0.00875606,0,0,0
82,0,0,0,0,0.00700122,0.00203414,0,0,0,0.0263786,0.0136392,0.013045,0.00445458,0,0,0.0137161,0,0.0275753,0.00350506,0.020309,0.00979264,0.0331056,0.00295544,0.00194713,0.00571205,0.00658118,0.00496957,0.00640423,0.0156555,0.00766587,0.013944,0.00639694,0.0307179,0.036831,0.00756402,0.0175773,0.00392009,0.0451948,0.0111089,0.0480138,0.0139568,0.00519052,0,0,0.00460692,0,0.0107271,0.00399215,0.035766,0.0710149,0.0346147,0.0518199,0.00373524,0.00577806,0.0147641,0.0192691,0.0211669,0.0195056,0.0489999,0.0470889,0.036851,0.051041,0.0373172,0.00237532,0.0030665,0.00204709,0.00356912,0.00915487,0,0,0
83,0,0,0,0,0.0074743,0.00219484,0,0,0,0.0272835,0.0136823,0.012761,0.00458363,0,0,0.014321,0,0.0275668,0.00378375,0.0200279,0.00933045,0.0330319,0.00300612,0.00191847,0.00571058,0.00673188,0.00544684,0.00648169,0.0157829,0.00771276,0.0138958,0.00640951,0.030875,0.038268,0.00769817,0.0175604,0.00394066,0.0429166,0.0112028,0.0453914,0.0141661,0.00570399,0,0,0.00495859,0,0.0107403,0.0041539,0.0353912,0.0673138,0.0347938,0.0509034,0.00344799,0.00593879,0.0136798,0.0186219,0.0204241,0.0183295,0.0476483,0.0463439,0.0356512,0.04999,0.0385549,0.00234062,0.00314801,0.00219885,0.00347855,0.0095736,0,0,0
84,0,0,0,0,0.00808419,0.0024853,0,0,0,0.0282752,0.0136892,0.0125345,0.00480027,0,0,0.0149515,0,0.0275838,0.00412063,0.0196969,0.00926564,0.0329195,0.00306821,0.00191636,0.00601285,0.00688548,0.00595156,0.00665543,0.0160925,0.007824,0.0140696,0.00656266,0.0310916,0.0398615,0.00779047,0.0175646,0.00389188,0.0408554,0.0112608,0.0428036,0.0142682,0.00638133,0,0,0.005063,0,0.0107565,0.00433333,0.0350183,0.0627748,0.0349562,0.0490707,0.00335623,0.00624944,0.0123903,0.0178769,0.0191401,0.0168972,0.0461846,0.0455356,0.0345008,0.0487216,0.0398907,0.00227161,0.00324309,0.00213295,0.00352432,0.010216,0,0,0
85,0,0,0,0,0.00835928,0.00253678,0,0,0,0.0293953,0.0137692,0.0123169,0.00502224,0,0,0.0141146,0,0.0275828,0.00389192,0.0192868,0.009551,0.0327633,0.00319773,0.00197067,0.00663326,0.00699889,0.00650409,0.00691398,0.0163434,0.00788519,0.0144268,0.00670568,0.0312563,0.0416363,0.00727259,0.017578,0.00388619,0.0403344,0.0113448,0.0403073,0.0142766,0.00689778,0,0,0.00533971,0,0.010818,0.00459669,0.0347064,0.0563556,0.0351414,0.0465947,0.00353931,0.00657049,0.0109974,0.0171613,0.0175315,0.0149969,0.0446012,0.0447197,0.0334432,0.0472531,0.0425211,0.00221844,0.00342528,0.00209179,0.00355368,0.0106316,0,0,0
86,0,0,0,0,0.00909932,0.00288039,0,0,0,0.0305947,0.0137125,0.012107,0.0052643,0,0,0.0150173,0,0.0276086,0.00435872,0.0189861,0.0103446,0.0325737,0.003389,0.00204419,0.00729687,0.00706635,0.00697126,0.00716097,0.0165162,0.00784519,0.0147806,0.00674977,0.0313039,0.0434137,0.00744665,0.0175033,0.00381906,0.038345,0.0114232,0.0380625,0.0142574,0.00751318,0,0,0.00529732,0,0.0108477,0.00458293,0.0344525,0.0531073,0.0353937,0.0454241,0.00401757,0.00660586,0.00947407,0.016572,0.0157873,0.012358,0.0428635,0.0441671,0.0321276,0.0456161,0.0438356,0.00216046,0.00348351,0.00224114,0.00341998,0.0112998,0,0,0
87,0,0,0,0,0.00995107,0.0033551,0,0,0,0.0319872,0.0136461,0.0121033,0.00547631,0,0,0.0157682,0,0.0276109,0.00480798,0.0188211,0.0111043,0.0324203,0.00360045,0.00225045,0.0081907,0.0071027,0.00739505,0.00733281,0.0167538,0.00788275,0.0151424,0.00676596,0.0314262,0.0454639,0.00754067,0.017472,0.00374482,0.0374219,0.0114856,0.0358,0.0141611,0.00823418,0,0,0.00525408,0,0.0108929,0.00454249,0.034297,0.0494837,0.0356126,0.0444818,0.00450867,0.00684012,0.0077133,0.016194,0.0141483,0.0103729,0.0410889,0.0436851,0.0309518,0.0439197,0.0466008,0.00195697,0.00351649,0.00234656,0.00330696,0.0121152,0,0,0
88,0,0,0,0,0.0107688,0.00375258,0,0,0,0.0334807,0.0135898,0.012257,0.00566983,0,0,0.0163444,0,0.0275674,0.00524263,0.0187445,0.0118966,0.0323265,0.00385131,0.00253684,0.00917677,0.00716239,0.00777733,0.00740845,0.0170192,0.00801833,0.0155323,0.00683538,0.0315317,0.0477171,0.00755647,0.0174461,0.00355815,0.0369404,0.0115319,0.0337446,0.0141451,0.0090413,0,0,0.00512815,0,0.0109437,0.00448869,0.0341669,0.0460781,0.0357355,0.0431361,0.00503328,0.00708601,0.0060249,0.016023,0.0125272,0.0091149,0.0392711,0.0431891,0.0300639,0.0421937,0.0499791,0.00174462,0.00355442,0.00239525,0.00319006,0.0129321,0,0,0
89,0,0,0,0,0.0116048,0.00419479,0,0,0,0.0349008,0.013531,0.0124694,0.00590434,0,0,0.0169157,0,0.0275377,0.0056674,0.018631,0.0128779,0.0322815,0.00412468,0.00286409,0.0102772,0.00725109,0.00817796,0.00747985,0.0173064,0.00816234,0.0159093,0.00692347,0.0316601,0.0498399,0.00756053,0.0174089,0.00330646,0.0367576,0.0115532,0.0320541,0.0141461,0.00992412,0,0,0.0050268,0,0.0109832,0.00446915,0.034073,0.0421296,0.035825,0.0414463,0.00537967,0.00738895,0.00451424,0.0160758,0.0109775,0.00741563,0.0372346,0.0427082,0.0294948,0.0402856,0.0535057,0.00157545,0.00365061,0.0024183,0.00323816,0.0137803,0,0,0
90,0,0,0,0,0.0099379,0.00200928,0,0,0,0.0359443,0.0142131,0.0126155,0.00597365,0,0,0.0104934,0,0.0271499,0.00359102,0.0185336,0.0135443,0.0322578,0.00456396,0.00288057,0.0112279,0.00724801,0.00834417,0.00738776,0.01745,0.00814598,0.0159711,0.00691307,0.0316736,0.0513766,0.00533562,0.0174098,0.00379162,0.037175,0.0117854,0.0305797,0.0142132,0.00861362,0,0,0.00783467,0,0.0108353,0.00564789,0.0341561,0.0369369,0.0360942,0.0392266,0.00616923,0.00463283,0.00312448,0.0165487,0.00947636,0.00489763,0.0350755,0.0422283,0.0293238,0.0378674,0.057177,0.003739,0.00397904,0.00211558,0.0018274,0.0120608,0,0,0
91,0,0,0,0,0.0119128,0.00385269,0,0,0,0.0369291,0.0136806,0.0128194,0.00632332,0,0,0.0150729,0,0.0272582,0.00518927,0.0185141,0.013921,0.0320641,0.00492169,0.00332979,0.0122461,0.00725738,0.00849387,0.00732159,0.0175069,0.00811921,0.0159291,0.00696183,0.0317069,0.052864,0.00648477,0.0174341,0.00345075,0.0376576,0.0116959,0.0295587,0.0140878,0.0106829,0,0,0.0048237,0,0.0110688,0.00462064,0.0341055,0.0329004,0.0359119,0.0373884,0.00601739,0.00740308,0.0022611,0.0170724,0.00872192,0.00236517,0.0332749,0.0426764,0.0285876,0.0357297,0.060263,0.00168794,0.00373275,0.00254437,0.00264641,0.0143282,0,0,0
92,0,0,0,0,0.0121389,0.00387675,0,0,0,0.0376016,0.0136452,0.012834,0.00638666,0,0,0.0147351,0,0.0272266,0.00522245,0.0185649,0.013927,0.0319376,0.00529998,0.00315663,0.0129495,0.00721315,0.00846099,0.00714255,0.0174798,0.00790468,0.0156075,0.00687909,0.0316574,0.0538683,0.0063342,0.0174346,0.00388065,0.0376501,0.0116832,0.0288106,0.01431,0.0108647,0,0,0.00459375,0,0.0110789,0.00446387,0.0342404,0.0322898,0.0358122,0.0364962,0.00657107,0.00684624,0.00232888,0.0178341,0.00922561,0.00171766,0.0326826,0.0441798,0.0267021,0.0347727,0.0620653,0.0016503,0.00376595,0.00248415,0.00256622,0.0144636,0,0,0
93,0,0,0,0,0.0128275,0.0044529,0,0,0,0.0382698,0.0134636,0.0127244,0.00638277,0,0,0.0158319,0,0.027304,0.00581713,0.0185306,0.0137851,0.0318141,0.00557455,0.00301791,0.0136912,0.00721285,0.00857901,0.00708602,0.0174268,0.00770987,0.0153476,0.0067591,0.0316096,0.0547306,0.00679279,0.017406,0.00364236,0.0369558,0.0115919,0.0281094,0.014686,0.0114514,0,0,0.0044776,0,0.0110918,0.00433723,0.0345326,0.0319256,0.0356456,0.0359014,0.0069033,0.00640749,0.00275127,0.0186854,0.010307,0.00180784,0.0324917,0.0459897,0.0246703,0.0342552,0.0621986,0.00154194,0.00373446,0.00234788,0.00296104,0.015028,0,0,0
94,0,0,0,0,0.0132137,0.00476564,0,0,0,0.0386638,0.0133214,0.0126059,0.00636737,0,0,0.0164285,0,0.0274164,0.00618167,0.018446,0.0138932,0.0317311,0.00581486,0.0028712,0.0143714,0.00719494,0.00876892,0.00702596,0.0173879,0.00750915,0.0151854,0.00663077,0.0315941,0.0554395,0.00709285,0.0173966,0.00300197,0.0354866,0.0115255,0.0268925,0.0149711,0.011847,0,0,0.00395861,0,0.0111214,0.00409551,0.034833,0.0294337,0.0356144,0.0346144,0.00718157,0.00632476,0.00332057,0.0196742,0.0113039,0.00146663,0.0318257,0.0481596,0.0231676,0.0331232,0.0605953,0.00146331,0.0036818,0.00230343,0.00327292,0.0153822,0,0,0
95,0,0,0,0,0.0134106,0.00495816,0,0,0,0.0388241,0.0132199,0.0125296,0.00635748,0,0,0.0168754,0,0.0275113,0.00653962,0.0184152,0.0141844,0.0316747,0.00605872,0.00271882,0.0149144,0.00716994,0.00892529,0.00696832,0.0173113,0.00734967,0.0151364,0.00654394,0.0315126,0.0559764,0.0073914,0.0174195,0.00281686,0.0330295,0.0114388,0.0251575,0.0151425,0.0120473,0,0,0.00344167,0,0.0111331,0.00383216,0.0351073,0.0264432,0.0356519,0.0330211,0.00742319,0.00614845,0.0039444,0.0207706,0.0121601,0.00087952,0.0308222,0.0507365,0.0223836,0.0315928,0.056952,0.00148915,0.00354691,0.00222059,0.00354187,0.0155641,0,0,0
96,0,0,0,0,0.0118206,0.00389491,0,0,0,0.038522,0.0136334,0.0125745,0.00636,0,0,0.0117007,0,0.0273587,0.00444345,0.0185125,0.0146576,0.0317103,0.00644936,0.00241452,0.0152489,0.00712151,0.00881749,0.00671658,0.017264,0.00720643,0.0149432,0.00647115,0.0313618,0.056002,0.00574004,0.0174404,0.00316911,0.0295096,0.0115391,0.0226437,0.0150544,0.0106726,0,0,0.00480341,0,0.011009,0.00433305,0.0354907,0.0233107,0.0360911,0.0310629,0.00801969,0.00388992,0.0047322,0.0219247,0.0127697,0.000747417,0.029418,0.0537002,0.0212139,0.0295744,0.051525,0.00267137,0.00359655,0.00203954,0.00306784,0.0138501,0,0,0
97,0,0,0,0,0.0120393,0.00441599,0,0,0,0.0385178,0.0133624,0.012608,0.00650125,0,0,0.0131787,0,0.0275414,0.00508546,0.0185996,0.0151421,0.0316212,0.00665397,0.00256989,0.0154808,0.00710971,0.00915488,0.0067154,0.0172429,0.0071259,0.0150404,0.00642375,0.0312517,0.0562448,0.00636665,0.0174589,0.00309832,0.0252825,0.0113989,0.019602,0.0148128,0.0107397,0,0,0.00368462,0,0.0110676,0.00377267,0.0358481,0.0191713,0.0365064,0.0287791,0.00826343,0.00405239,0.0053943,0.0227984,0.0129389,0.00175995,0.0273433,0.056976,0.0196328,0.0269319,0.0450558,0.00229947,0.00339805,0.00204738,0.00354032,0.0139872,0,0,0
98,0,0,0,0,0.0119839,0.00491202,0,0,0,0.0385581,0.0131524,0.0127258,0.00667408,0,0,0.0140893,0,0.0276773,0.00552315,0.0187364,0.0156251,0.0315255,0.00680817,0.00271749,0.0155784,0.00705677,0.00954111,0.00675321,0.0172222,0.00707914,0.0151818,0.0063716,0.0311595,0.0564142,0.00693184,0.0174947,0.00278733,0.0203132,0.0112616,0.0159933,0.0144709,0.0106661,0,0,0.00277809,0,0.0111174,0.00327378,0.0362819,0.0147102,0.0370749,0.0256816,0.00857316,0.00395938,0.00593554,0.023303,0.0124892,0.00215957,0.0243711,0.0602755,0.0177443,0.023461,0.0374982,0.00218958,0.00321687,0.00195693,0.00408535,0.0138179,0,0,0
99,0,0,0,0,0.011757,0.00544878,0,0,0,0.0386246,0.0129842,0.0129768,0.00689199,0,0,0.0147329,0,0.0277912,0.00585751,0.018957,0.0161039,0.0313977,0.00693658,0.00284037,0.0155666,0.00690975,0.00989735,0.0067716,0.0171686,0.00702845,0.0153177,0.00630102,0.0310704,0.0565684,0.0074369,0.017532,0.00260589,0.0147739,0.0111481,0.0119351,0.0140234,0.0104747,0,0,0.00197058,0,0.0111446,0.00287201,0.0367617,0.0102446,0.0377525,0.0215686,0.00897411,0.00373141,0.00619548,0.0233561,0.0113572,0.00199134,0.0205696,0.0634018,0.015653,0.0190565,0.0291727,0.0022148,0.00319591,0.00191311,0.00466414,0.0134641,0,0,0
100,0,0,0,0,0.0113485,0.00599781,0,0,0,0.0386462,0.0128516,0.0134424,0.00720994,0,0,0.015086,0,0.0279104,0.00610865,0.019325,0.0166791,0.0312175,0.0070881,0.00301661,0.0155256,0.00666792,0.0101959,0.00675825,0.0170285,0.0069527,0.015477,0.00626555,0.0309337,0.0568124,0.0078571,0.0175646,0.0025544,0.00875316,0.0110435,0.00751734,0.0133462,0.0101344,0,0,0.00117617,0,0.0111376,0.00245343,0.0371909,0.00692134,0.0385819,0.0162581,0.00940722,0.00333879,0.00613351,0.0229135,0.00954406,0.00214746,0.0161311,0.0662469,0.0137276,0.0142523,0.0203508,0.00241943,0.00311512,0.00191137,0.00524262,0.0129785,0,0,0
101,0,0,0,0,0.00967873,0.00616372,0,0,0,0.0385149,0.0131796,0.013935,0.00756285,0,0,0.0100015,0,0.0278009,0.00392015,0.0198507,0.0173089,0.0310479,0.00738273,0.0031195,0.0155363,0.0063553,0.0103744,0.00657214,0.0168124,0.00678229,0.0155361,0.00623002,0.0307242,0.0570093,0.00586091,0.0176119,0.00267787,0.00201637,0.011077,0.0042918,0.0123451,0.00870129,0,0,0.00217341,0,0.0109951,0.00288944,0.037638,0.0068912,0.0397304,0.00931855,0.0101024,0.000922693,0.00617062,0.0222049,0.00742408,0.00356415,0.0119227,0.0685677,0.0126825,0.0108353,0.0112852,0.00290951,0.00294995,0.00172554,0.00591905,0.0111719,0,0,0
102,0,0,0,0,0.00964502,0.00685917,0,0,0,0.0387759,0.0129472,0.0141831,0.00789802,0,0,0.0115454,0,0.027886,0.00460612,0.0203744,0.0175837,0.0308091,0.00754799,0.00333677,0.0154216,0.00609311,0.0106576,0.0064921,0.016636,0.00666734,0.0155713,0.00621021,0.0305668,0.0572745,0.00666475,0.0176251,0.00245867,0.00396309,0.0109308,0.0075388,0.011523,0.00869222,0,0,0.000938138,0,0.0110584,0.00219612,0.0379915,0.0112256,0.0404805,0.0041259,0.0103869,0.00114896,0.00649388,0.0214939,0.0061823,0.00528035,0.0110813,0.070268,0.0129238,0.0116006,0.00501867,0.00287124,0.00283106,0.00180548,0.00645725,0.0110474,0,0,0
103,0,0,0,0,0.00958491,0.00732019,0,0,0,0.0392957,0.0127865,0.0143022,0.00823949,0,0,0.0123777,0,0.0279113,0.00504203,0.0209427,0.0178574,0.0305232,0.00778097,0.00372067,0.0153837,0.00582098,0.010983,0.00641164,0.016596,0.00658324,0.0155129,0.00614062,0.030465,0.0578205,0.00720445,0.0176367,0.00230259,0.00981981,0.0108235,0.012888,0.0103685,0.00867901,0,0,0.00102464,0,0.011098,0.00164475,0.0385942,0.0161406,0.0412828,0.00886208,0.0104655,0.00159774,0.00735498,0.0211581,0.00664315,0.00696107,0.0140725,0.0712602,0.0142885,0.015788,0.00773767,0.00301969,0.00279759,0.0018182,0.0067728,0.0109184,0,0,0
104,0,0,0,0,0.00952779,0.00761944,0,0,0,0.039843,0.0127008,0.0143492,0.00853388,0,0,0.0126737,0,0.0278928,0.00519999,0.0214985,0.0181474,0.0302258,0.00798022,0.00420548,0.0154475,0.00559282,0.0113301,0.00634257,0.0165949,0.00649096,0.015433,0.00607118,0.0303488,0.0585202,0.00743552,0.0176447,0.00220031,0.0149536,0.0107468,0.018366,0.00921485,0.00868462,0,0,0.00148423,0,0.0111226,0.00131125,0.0394222,0.0207225,0.0419397,0.0170928,0.010455,0.00159298,0.00811813,0.0214584,0.00921015,0.00856492,0.0185275,0.0714972,0.0159105,0.0209021,0.0130838,0.00324769,0.00271782,0.00172082,0.00694616,0.0107693,0,0,0
105,0,0,0,0,0.00957164,0.00777866,0,0,0,0.040219,0.0126575,0.014208,0.0087925,0,0,0.0126857,0,0.0278451,0.00523188,0.021987,0.0186123,0.0299622,0.00813534,0.00471932,0.0155848,0.00541829,0.0116263,0.00629332,0.0166666,0.00639319,0.0153701,0.00594845,0.0302357,0.0591002,0.00747112,0.0176434,0.00213608,0.0187139,0.0106757,0.022696,0.00836624,0.00868143,0,0,0.0017679,0,0.0111135,0.00107757,0.0400045,0.0245781,0.0423401,0.0239497,0.0105335,0.0015065,0.00861019,0.0222575,0.0120577,0.0101067,0.0223084,0.0712904,0.0171883,0.0251646,0.0165892,0.00347561,0.00265624,0.00166451,0.00698756,0.0106057,0,0,0
106,0,0,0,0,0.00960865,0.00782817,0,0,0,0.0402669,0.0126661,0.0137786,0.00891785,0,0,0.0126108,0,0.0277694,0.00522167,0.0222878,0.01916,0.0297892,0.00820544,0.00490667,0.0156173,0.0053005,0.0118184,0.00629515,0.0167111,0.00626972,0.0152849,0.00577027,0.0301574,0.0593085,0.00749118,0.0176533,0.00205468,0.0166259,0.0105519,0.0220614,0.00829626,0.00874381,0,0,0.00203338,0,0.0112035,0.000835835,0.0400799,0.0244349,0.042468,0.0258203,0.0107921,0.00143173,0.00884051,0.0226619,0.0128625,0.0104532,0.0233121,0.0714001,0.0175662,0.0261411,0.0142977,0.00357467,0.00254436,0.00165835,0.00703909,0.0105287,0,0,0
107,0,0,0,0,0.0058522,0.00937453,0,0,0,0.0395169,0.014335,0.0131875,0.00870743,0,0,0.00383922,0,0.0264501,0.00552519,0.022553,0.0197039,0.029826,0.00843053,0.00390713,0.0138186,0.00514976,0.0114859,0.00602352,0.0168908,0.00602553,0.0148282,0.00555025,0.0299688,0.0587698,0.00503038,0.0172762,0.00377799,0.0155006,0.0111033,0.021595,0.00861235,0.00341601,0,0,0.00468435,0,0.0107353,0.00296022,0.0399907,0.027414,0.0429843,0.0253758,0.0121064,0.00878619,0.00903448,0.0228331,0.0127255,0.0105085,0.0229755,0.0713176,0.0174165,0.0258071,0.0085387,0.0082712,0.00246922,0.000993286,0.0103211,0.0056215,0,0,0
108,0,0,0,0,0.00878182,0.00787229,0,0,0,0.0402424,0.0129604,0.0128299,0.00928855,0,0,0.0105416,0,0.0274212,0.00421292,0.0228948,0.019964,0.0293995,0.00840916,0.00539756,0.0154983,0.0052013,0.0119205,0.0061984,0.0170804,0.00611826,0.0151363,0.00538239,0.0298496,0.060168,0.00660323,0.0175774,0.00212388,0.0147759,0.0105957,0.0218223,0.00809307,0.00768711,0,0,0.00081743,0,0.0108932,0.000678385,0.0395244,0.0242428,0.0430767,0.0252183,0.0109554,0.00201046,0.00907508,0.0228958,0.0127355,0.0105688,0.0231956,0.0711646,0.0173534,0.0258826,0.0141052,0.00379335,0.00187738,0.00146262,0.00709604,0.0095537,0,0,0
109,0,0,0,0,0.00863463,0.00785031,0,0,0,0.0398979,0.0130035,0.0122868,0.00918588,0,0,0.0100151,0,0.027319,0.00397753,0.0232107,0.0204998,0.0290522,0.00841667,0.00569079,0.0154112,0.00523307,0.0117733,0.0060346,0.0171808,0.00614832,0.0150266,0.0051749,0.029663,0.0602546,0.00635397,0.0175749,0.00197058,0.0183414,0.0104904,0.0233868,0.00819892,0.00759645,0,0,0.00111722,0,0.0109317,0.000435885,0.0392653,0.0249208,0.0432867,0.0243188,0.010995,0.0023135,0.00934713,0.0230321,0.0124682,0.010686,0.0228461,0.0708364,0.017059,0.0258401,0.0171868,0.00380622,0.00156797,0.00131605,0.00717713,0.00944288,0,0,0
110,0,0,0,0,0.00859597,0.00776166,0,0,0,0.0392369,0.0130617,0.0118402,0.00907331,0,0,0.00936316,0,0.0272705,0.00373673,0.0235179,0.0211872,0.0286565,0.00853267,0.00617825,0.015337,0.00535284,0.0114494,0.00574479,0.0172876,0.00611704,0.0147092,0.00490812,0.0295017,0.0600547,0.00596783,0.0175899,0.00179528,0.0204684,0.0103613,0.0239084,0.00823965,0.00764336,0,0,0.00146481,0,0.0109943,0.000224795,0.0389554,0.0245437,0.0433176,0.0218824,0.0107591,0.00235313,0.00938883,0.0228776,0.0116186,0.0102822,0.0217422,0.070628,0.0166506,0.0248824,0.0200175,0.0037018,0.00135379,0.00110315,0.0071863,0.00945207,0,0,0
111,0,0,0,0,0.00841108,0.00784596,0,0,0,0.0383446,0.0131893,0.0113734,0.00885556,0,0,0.00802848,0,0.0271492,0.00313498,0.0236422,0.0216389,0.0283671,0.00857115,0.00648443,0.0151442,0.00548588,0.0110397,0.00550277,0.0173244,0.00607241,0.014192,0.00455715,0.0292878,0.0593573,0.00532108,0.0175833,0.0018291,0.018404,0.0103047,0.0213828,0.00841541,0.00728014,0,0,0.00158781,0,0.0109923,0.000211455,0.0384597,0.0213596,0.0432881,0.0176265,0.0105344,0.00317033,0.00941041,0.0226655,0.0103081,0.00959405,0.0191144,0.0706019,0.0158765,0.0223697,0.0190939,0.00381895,0.00129656,0.000974216,0.0074663,0.00901839,0,0,0
112,0,0,0,0,0.00822833,0.00784139,0,0,0,0.0373856,0.0133425,0.0110581,0.00884342,0,0,0.0061417,0,0.0270422,0.00232486,0.0237841,0.0222494,0.028106,0.00870588,0.0069943,0.0148933,0.00557129,0.0105358,0.00526813,0.0173701,0.00613347,0.0138717,0.00415317,0.0290235,0.05846,0.00443792,0.0175909,0.00196069,0.0172495,0.0102424,0.0198875,0.00813912,0.00680461,0,0,0.00149492,0,0.0109571,0.000323689,0.0382173,0.0191425,0.0434365,0.0146579,0.0101421,0.003969,0.00953918,0.0227841,0.00998077,0.00939875,0.0171229,0.0706426,0.0155655,0.0208277,0.0195699,0.00380112,0.00130983,0.000992009,0.00766581,0.00845856,0,0,0
113,0,0,0,0,0.00832304,0.00779753,0,0,0,0.0362943,0.0130328,0.0108839,0.00915509,0,0,0.00995577,0,0.0271336,0.00415696,0.0240688,0.0227282,0.0278026,0.00897451,0.00797313,0.0141819,0.00554573,0.00996303,0.00506507,0.0174537,0.00627134,0.0140138,0.00374655,0.0286887,0.0575137,0.00603673,0.0175887,0.00168082,0.018255,0.00998579,0.0204991,0.00731031,0.00713873,0,0,0.00293574,0,0.010976,0.00086655,0.038215,0.0183907,0.0438174,0.0129651,0.00971314,0.00342179,0.00968427,0.0230922,0.0103428,0.00956448,0.0171697,0.0713767,0.016077,0.0212957,0.0239953,0.00343924,0.00107697,0.00111253,0.00745912,0.00865851,0,0,0
114,0,0,0,0,0.00750958,0.00772846,0,0,0,0.0345112,0.0130475,0.0107604,0.00937145,0,0,0.00936303,0,0.0271071,0.00389345,0.0245139,0.0230857,0.0274362,0.00938409,0.00864358,0.0134045,0.00539885,0.00913867,0.00474293,0.0174962,0.0064257,0.0138635,0.0032768,0.0282606,0.0558784,0.00574183,0.017607,0.00159945,0.0193773,0.0097817,0.0211776,0.00637481,0.00660491,0,0,0.00332377,0,0.0109193,0.00118012,0.0383475,0.020285,0.0443307,0.0111524,0.00991171,0.00374872,0.00940227,0.0231005,0.010093,0.00929026,0.0181307,0.0723032,0.0164294,0.0225591,0.0274917,0.00339712,0.000943957,0.00107604,0.00742876,0.00774737,0,0,0
115,0,0,0,0,0.00663548,0.00758334,0,0,0,0.0320892,0.0130681,0.0109776,0.00940277,0,0,0.00875048,0,0.0270828,0.00360613,0.0249362,0.0231375,0.0270582,0.00969275,0.0090387,0.0125673,0.00521622,0.00823776,0.00436127,0.0174258,0.00655708,0.0132909,0.00285126,0.0278214,0.0534712,0.00549368,0.017628,0.00138509,0.0196019,0.00961379,0.0208106,0.00589319,0.00591354,0,0,0.0036321,0,0.0108903,0.00136401,0.0380528,0.0213362,0.0444795,0.00878178,0.0101452,0.00375357,0.00860608,0.0224886,0.00871715,0.00829423,0.0180998,0.0727568,0.0163352,0.0224218,0.0286805,0.00325388,0.00084289,0.00101089,0.00737347,0.00686543,0,0,0
116,0,0,0,0,0.00640671,0.00710614,0,0,0,0.0290617,0.0130855,0.0114431,0.00935817,0,0,0.00864569,0,0.02698,0.0035658,0.0253065,0.0229105,0.0266046,0.00993924,0.00923575,0.011897,0.00505859,0.0074444,0.00389973,0.017244,0.00664209,0.0122112,0.00258267,0.0273852,0.0500901,0.00543081,0.0176378,0.00111866,0.0181991,0.00953902,0.0195243,0.00579614,0.00549163,0,0,0.00469893,0,0.0109988,0.00162959,0.0375163,0.0206566,0.0443179,0.00687751,0.00965448,0.00215146,0.00754377,0.0214017,0.00679693,0.006749,0.0168103,0.0724279,0.0155645,0.0206908,0.0265184,0.00334625,0.00106119,0.000861169,0.00701445,0.00656717,0,0,0
117,0,0,0,0,0.00646124,0.00667388,0,0,0,0.0252761,0.0131898,0.0117485,0.00884585,0,0,0.00901115,0,0.026741,0.00371668,0.0254258,0.0218735,0.0261078,0.00988475,0.00885085,0.0111604,0.00484969,0.00678981,0.00381641,0.0169324,0.00651703,0.0107478,0.00232223,0.0268811,0.0458332,0.00562835,0.0175456,0.00119344,0.0139308,0.00952721,0.0168168,0.00640757,0.00522566,0,0,0.00469072,0,0.0110346,0.00176664,0.037051,0.0175066,0.0439094,0.00431664,0.00900778,0.00165605,0.006554,0.0201682,0.00433229,0.00471707,0.0146593,0.0716275,0.0141945,0.0175569,0.0210277,0.00315053,0.0013182,0.000732466,0.00686356,0.00633378,0,0,0
118,0,0,0,0,0.00575132,0.0063273,0,0,0,0.0206063,0.0136598,0.0120709,0.00793349,0,0,0.00574131,0,0.0263071,0.00183211,0.0253926,0.0206641,0.0256816,0.00966647,0.00799841,0.0104885,0.00466867,0.00613138,0.00404767,0.0166363,0.00629309,0.00882957,0.00219559,0.0264132,0.04062,0.00373672,0.0174149,0.00195167,0.00972829,0.00960309,0.0136265,0.00732781,0.00410656,0,0,0.00280044,0,0.0108867,0.00125249,0.0368842,0.0148237,0.0435059,0.00241864,0.00875565,0.00340445,0.00598173,0.0194013,0.00235998,0.00358965,0.0128915,0.0706766,0.0128235,0.014413,0.0157122,0.00234164,0.000754849,0.000546851,0.00689075,0.00541417,0,0,0
119,0,0,0,0,0.00684288,0.00580766,0,0,0,0.0156898,0.0135844,0.0130122,0.00703348,0,0,0.00913372,0,0.0261389,0.00363132,0.0252547,0.0195765,0.025251,0.0093585,0.00762814,0.00974718,0.00449055,0.00567903,0.00446024,0.0163965,0.00607557,0.00740771,0.0023172,0.0260404,0.0352943,0.00548053,0.0172758,0.00168083,0.00661389,0.0094912,0.0110898,0.00800355,0.00494373,0,0,0.00299223,0,0.0108762,0.00144345,0.03664,0.0130379,0.0429843,0.00466694,0.0082184,0.00285255,0.00561663,0.0189789,0.00132245,0.00360622,0.0123524,0.069955,0.011941,0.0121805,0.0145387,0.00217466,0.000774404,0.000551858,0.00666278,0.00617211,0,0,0
120,0,0,0,0,0.00673949,0.00518578,0,0,0,0.0106479,0.0138154,0.0141385,0.00616701,0,0,0.00851662,0,0.0259309,0.00322046,0.0251489,0.0186989,0.0249587,0.0091005,0.00728483,0.00883478,0.00422719,0.00512974,0.00479884,0.0163716,0.00583679,0.00653872,0.00266762,0.0257815,0.0296653,0.00495477,0.0172323,0.00199515,0.00596151,0.00953986,0.00926517,0.00826208,0.00489085,0,0,0.00285199,0,0.0108314,0.00137833,0.0362094,0.0108862,0.0428935,0.00735949,0.00800174,0.00273689,0.00544705,0.0186666,0.00140487,0.00381279,0.0121469,0.0692199,0.0113219,0.0106309,0.016003,0.00247582,0.000678966,0.000413345,0.00617563,0.00636644,0,0,0
121,0,0,0,0,0.00652772,0.0045635,0,0,0,0.0061802,0.0140165,0.0151985,0.00537334,0,0,0.0076369,0,0.0258063,0.00269166,0.0250353,0.0178753,0.0247242,0.00873687,0.00716142,0.00772571,0.0042152,0.00477017,0.0052018,0.0164673,0.00587344,0.00620042,0.00315199,0.0255792,0.0240884,0.00436695,0.0171949,0.00204839,0.00672394,0.00964903,0.00783242,0.00835862,0.00476442,0,0,0.00273007,0,0.0107911,0.00127508,0.0355987,0.00884522,0.042877,0.0095303,0.0084046,0.00276305,0.00504661,0.0181338,0.00215241,0.00411824,0.0118735,0.0684898,0.0106257,0.00930309,0.0167923,0.00281092,0.000659666,0.000401169,0.00563092,0.0064844,0,0,0
122,0,0,0,0,0.00736065,0.00388297,0,0,0,0.00351806,0.0139336,0.0159735,0.00482064,0,0,0.00918265,0,0.0259434,0.00336041,0.0250097,0.0173705,0.0243154,0.00852651,0.00761981,0.00684012,0.00433833,0.00483003,0.00571526,0.0165637,0.0061485,0.00664753,0.00379474,0.0253326,0.0189359,0.00483419,0.0171683,0.00158412,0.00843597,0.0097169,0.00684645,0.00809077,0.00555911,0,0,0.00324663,0,0.01083,0.00148246,0.0352536,0.00750332,0.0430035,0.0101854,0.00843262,0.00169331,0.00445007,0.0174294,0.00311726,0.00436164,0.0112282,0.0680083,0.00999776,0.00839247,0.0156251,0.00289311,0.000852658,0.00062953,0.00508237,0.00732253,0,0,0
123,0,0,0,0,0.0061384,0.00405476,0,0,0,0.00747452,0.0143183,0.0167378,0.00388757,0,0,0.00504591,0,0.0258946,0.00148489,0.0249956,0.0175965,0.0239209,0.00814148,0.00746309,0.00521166,0.0044987,0.00545413,0.00627114,0.0165831,0.00659186,0.00805422,0.0044661,0.025018,0.0154584,0.00333187,0.017163,0.00225634,0.00890122,0.00990464,0.00624863,0.00819238,0.00408525,0,0,0.00230302,0,0.0106603,0.00132238,0.0352333,0.00625086,0.0431224,0.0106653,0.00847758,0.00276571,0.00359384,0.0167468,0.00478819,0.00472004,0.0106173,0.0674719,0.00918713,0.00782737,0.0157667,0.00293428,0.00102852,0.000724349,0.00523607,0.00591551,0,0,0
124,0,0,0,0,0.00781322,0.00327327,0,0,0,0.0124737,0.0138857,0.0173252,0.00307911,0,0,0.0113617,0,0.0262463,0.00405276,0.0250827,0.0189849,0.0235074,0.00758479,0.00786536,0.00434294,0.00468516,0.00654888,0.00698656,0.0165214,0.00709919,0.00984797,0.00509249,0.0248105,0.0148598,0.00601343,0.0172955,0.00223486,0.00912007,0.00978529,0.00624313,0.00816463,0.00575405,0,0,0.00268618,0,0.0106676,0.00144368,0.0350696,0.00584724,0.043039,0.0103841,0.00774835,0.00173705,0.00264776,0.0160381,0.00609455,0.00563718,0.0101585,0.0671702,0.00858084,0.00748296,0.0156923,0.0025201,0.00104186,0.000927063,0.00496097,0.00734289,0,0,0
125,0,0,0,0,0.00752679,0.00314501,0,0,0,0.0169504,0.0137894,0.0175907,0.00244508,0,0,0.0112519,0,0.0265556,0.0039748,0.0252811,0.0203093,0.0233212,0.00731306,0.00783323,0.00339499,0.00492717,0.00796924,0.0078934,0.016683,0.00783117,0.0119307,0.00558659,0.0247174,0.0161183,0.00613306,0.0173097,0.00253614,0.00931427,0.00983635,0.00614755,0.00789162,0.0054889,0,0,0.00257241,0,0.0105932,0.00149404,0.034884,0.00615454,0.0431883,0.00918261,0.00691247,0.0017415,0.0019781,0.0156519,0.00549468,0.0064385,0.00975668,0.0669506,0.00836336,0.0070436,0.0142183,0.00243543,0.00120143,0.00109844,0.00506567,0.00724255,0,0,0
126,0,0,0,0,0.00724782,0.00316996,0,0,0,0.0211055,0.0136135,0.0175714,0.00194664,0,0,0.0111606,0,0.0269505,0.00382636,0.0254536,0.0213013,0.0231865,0.00749193,0.00761089,0.00293304,0.00550749,0.00972333,0.00893577,0.016977,0.00867279,0.0140485,0.00603797,0.0246307,0.0184161,0.00632225,0.0172705,0.00283956,0.00941303,0.00989501,0.00633409,0.00740779,0.00526744,0,0,0.0023574,0,0.0105611,0.0014637,0.0346475,0.00675632,0.0433723,0.0087952,0.00576988,0.00175951,0.00161859,0.0154701,0.00449418,0.00645808,0.00971553,0.0668713,0.00851693,0.00691821,0.0126995,0.00234237,0.00135084,0.00117007,0.00523991,0.00717893,0,0,0
127,0,0,0,0,0.00709299,0.00327669,0,0,0,0.0241879,0.013464,0.017225,0.00180434,0,0,0.0109817,0,0.0274087,0.00356224,0.0255825,0.0227203,0.0231982,0.00768854,0.00717369,0.00314003,0.00602749,0.0116807,0.01003,0.0172496,0.009586,0.0160037,0.00637078,0.0245672,0.0220873,0.00645657,0.0173515,0.00311276,0.00956269,0.00998151,0.00642757,0.00678911,0.00516914,0,0,0.00196544,0,0.0105492,0.0013367,0.0343596,0.00710977,0.0434891,0.0085609,0.00481691,0.00180706,0.00156849,0.0153332,0,0.00623374,0.00994185,0.0669647,0.00891219,0.00718242,0.0112654,0.00209063,0.00144313,0.00117436,0.00533777,0.00716493,0,0,0
128,0,0,0,0,0.0068854,0.00351581,0,0,0,0.0266016,0.0133423,0.0167039,0.00181426,0,0,0.0105565,0,0.0277691,0.00316278,0.0256538,0.0250398,0.0232811,0.00797377,0.00635399,0.00389559,0.00646125,0.0136697,0.0109314,0.0174447,0.0104308,0.0177188,0.00658933,0.0245071,0.0267176,0.00652083,0.0174818,0.00339828,0.00953376,0.010068,0.00639588,0.00603955,0.00494926,0,0,0.00166994,0,0.0105519,0.00130186,0.0341385,0.00731291,0.0436577,0.00843782,0.00445584,0.00174278,0.00160072,0.0152643,0,0.00606457,0.0101319,0.0670135,0.00924362,0.00746601,0.0102369,0.00197302,0.00156369,0.00118087,0.00529202,0.00700398,0,0,0
129,0,0,0,0,0.0066179,0.00391546,0,0,0,0.0287441,0.0132325,0.0161108,0.00179459,0,0,0.0099153,0,0.0281354,0.00273613,0.0256256,0.0275011,0.0233412,0.00830216,0.00533526,0.00497416,0.00683058,0.015536,0.011442,0.0175719,0.0112431,0.0193012,0.00672592,0.0244729,0.0320391,0.00651651,0.017687,0.0036083,0.00977028,0.0101018,0.00640627,0.00534176,0.00472587,0,0,0.00165845,0,0.0105449,0.00142599,0.0339563,0.00737967,0.0437724,0.00832647,0.00398499,0.00171382,0.00162276,0.0151364,0,0.00590358,0.0100092,0.067023,0.0092443,0.00741872,0.00934696,0.00193556,0.00169612,0.00114878,0.00522797,0.00678629,0,0,0
130,0,0,0,0,0.00692361,0.00345565,0,0,0,0.031426,0.0129685,0.0155654,0.00169636,0,0,0.0118282,0,0.0285648,0.00350409,0.0255515,0.0290938,0.0234338,0.00871021,0.0044636,0.00616751,0.00710975,0.0171886,0.0122948,0.0176133,0.0119514,0.0206399,0.00696639,0.02445,0.0383452,0.00750358,0.0177614,0.00373257,0.00982566,0.0100572,0.00627191,0.00463363,0.00507697,0,0,0.00120868,0,0.0105067,0.00119813,0.0337328,0.00780406,0.0438204,0.00798657,0.00335382,0.00195466,0.00166189,0.0148751,0,0.00561573,0.00956819,0.0670153,0.00870338,0.00710589,0.00891414,0.00131582,0.00184683,0.000969084,0.00471014,0.00697734,0,0,0
131,0,0,0,0,0.00671314,0.00369689,0,0,0,0.0348083,0.0127603,0.0149063,0.00170803,0,0,0.0113338,0,0.0289584,0.00326945,0.0254631,0.0292679,0.0235245,0.009638,0.00359917,0.0073618,0.00735991,0.0188185,0.0135108,0.0176405,0.0126539,0.0217957,0.00711628,0.0244496,0.0449938,0.00743675,0.0178779,0.00381271,0.0103132,0.0101477,0.00605817,0.00402486,0.004992,0,0,0.0010272,0,0.010608,0.0010949,0.0335966,0.0080394,0.0438687,0.00746508,0.00300834,0.00209465,0.00172374,0.014583,0,0.00533392,0.00896506,0.0669516,0.00782692,0.00683827,0.00811788,0.00113744,0.00188431,0.000989208,0.00457276,0.00669826,0,0,0
132,0,0,0,0,0.0064649,0.00393189,0,0,0,0.0384826,0.0125758,0.0141377,0.00192269,0,0,0.0107048,0,0.0292481,0.0030526,0.025444,0.0279449,0.0235773,0.0105412,0.00317229,0.00845655,0.00758605,0.020396,0.0142859,0.0176283,0.0132117,0.0226756,0.00720879,0.0244266,0.0499909,0.00720986,0.0179883,0.00383443,0.0108756,0.0101312,0.00608078,0.00344305,0.00489513,0,0,0.00116242,0,0.0106185,0.00115987,0.033518,0.00842842,0.0438894,0.00687388,0.00264147,0.00214089,0.00181693,0.0142884,0,0.00515199,0.00844947,0.066919,0.00741714,0.0067444,0.00731034,0.00121698,0.00195863,0.00090362,0.00452812,0.00663319,0,0,0
133,0,0,0,0,0.00632187,0.00420648,0,0,0,0.0417248,0.0124402,0.0134444,0.00210649,0,0,0.00996536,0,0.0295151,0.00279296,0.0255487,0.0254292,0.0236949,0.0109969,0.00310671,0.00946221,0.00778102,0.0219172,0.0149691,0.017624,0.0136949,0.0230809,0.00709597,0.0243669,0.0534028,0.0068468,0.0181428,0.0038881,0.0115463,0.0100496,0.00620735,0.00290744,0.00478116,0,0,0.00139023,0,0.0105748,0.00131168,0.033411,0.00894973,0.0439414,0.00592598,0.00209471,0.00210012,0.00191998,0.014085,0,0.00491718,0.00808073,0.0669503,0.00735925,0.00676158,0.0065632,0.00137324,0.00202757,0.000901509,0.00458955,0.0065616,0,0,0
134,0,0,0,0,0.00632352,0.0051032,0,0,0,0.0450011,0.013331,0.0134742,0.00236644,0,0,0.01008,0,0.0285162,0.00346192,0.0254292,0.0222337,0.0233375,0.0111447,0.00278021,0.011319,0.00803939,0.0233038,0.0156571,0.0174891,0.0137887,0.0231883,0.00686016,0.0244138,0.0569745,0.00781963,0.0181042,0.0047617,0.0121821,0.00937506,0.00688883,0.00266518,0.00454147,0,0,0.0018261,0,0.0110783,0.00164768,0.0333616,0.00982584,0.0439651,0.00442069,0.00153899,0.0019686,0.00226523,0.0140521,0,0.0045643,0.00786217,0.0671644,0.0074944,0.00676263,0.00578615,0.0020631,0.00258934,0.00112594,0.00514555,0.00644881,0,0,0
135,0,0,0,0,0.00692147,0.00342326,0,0,0,0.0474841,0.0119291,0.0125561,0.00196491,0,0,0.0120454,0,0.0300118,0.00392917,0.0255989,0.0191275,0.0237315,0.0110633,0.00289113,0.0111895,0.00803371,0.0241342,0.0162514,0.0176168,0.0138629,0.0233693,0.0065958,0.0242838,0.0601297,0.00748449,0.0182762,0.00424246,0.0131118,0.00990963,0.0073802,0.00291138,0.00537586,0,0,0.00121843,0,0.0105094,0.00136434,0.0332598,0.0103324,0.0443911,0.00293211,0.000813949,0.00250926,0.00222589,0.0141718,0,0.0037726,0.00804087,0.0672676,0.00791333,0.00703689,0.00431673,0.00124738,0.00213404,0.000689252,0.00373268,0.00706893,0,0,0
136,0,0,0,0,0.006853,0.00358407,0,0,0,0.0502488,0.0117157,0.0128027,0.00180151,0,0,0.0115216,0,0.0303506,0.00391295,0.0255168,0.0161293,0.0236848,0.0115339,0.00286269,0.0119907,0.00802369,0.0248063,0.0169983,0.017666,0.0138009,0.0237954,0.00647297,0.0242419,0.063268,0.00735717,0.0184268,0.00408796,0.0138268,0.00987617,0.00804209,0.00342452,0.00525185,0,0,0.00145485,0,0.0105051,0.00139043,0.0331532,0.0111231,0.0446188,0.0018276,0.00057735,0.00254456,0.0023075,0.0143983,0,0.00316126,0.00842092,0.067513,0.00844231,0.00761128,0.00329438,0.00143032,0.00212477,0.000666797,0.00366494,0.0070511,0,0,0
137,0,0,0,0,0.0067183,0.0037546,0,0,0,0.0528125,0.0114649,0.0133745,0.00165074,0,0,0.0109187,0,0.0307929,0.00393812,0.0253993,0.0129474,0.0236546,0.0115364,0.00297213,0.0127938,0.00786323,0.025131,0.0173466,0.0177223,0.013771,0.024295,0.0065759,0.0242523,0.0661703,0.00730007,0.0185876,0.0039183,0.0147159,0.00988677,0.00903528,0.00417916,0.00513837,0,0,0.00155822,0,0.0105337,0.00139721,0.0329838,0.0120914,0.0447817,0.00184514,0.00101002,0.00260222,0.0024548,0.0146568,0,0.00267795,0.00891358,0.0677404,0.00893194,0.0084143,0.00274025,0.00156065,0.00216145,0.000638944,0.0035734,0.00705433,0,0,0
138,0,0,0,0,0.0065783,0.00393909,0,0,0,0.0545568,0.0112359,0.0142042,0.00155909,0,0,0.0102488,0,0.0313491,0.00393176,0.0252647,0.00963477,0.0234691,0.0108228,0.0028339,0.0135645,0.00754767,0.024962,0.0169892,0.0176412,0.0137579,0.0245905,0.00689282,0.0242791,0.068487,0.0073257,0.0188293,0.00444558,0.0156063,0.00981603,0.0101177,0.00503213,0.00498408,0,0,0.00164107,0,0.0104876,0.0015155,0.0329165,0.0131737,0.0448553,0.00316715,0.00169931,0.00257036,0.00261595,0.0148976,0,0.00235516,0.0093992,0.0679097,0.00922469,0.00927989,0.00309945,0.00174366,0.00223673,0.000634132,0.00355525,0.00696683,0,0,0
139,0,0,0,0,0.00647875,0.00420544,0,0,0,0.0552644,0.0110583,0.0147368,0.00158785,0,0,0.00948848,0,0.0319394,0.00384897,0.0252587,0.00729681,0.0235629,0.0102293,0.00295368,0.0143123,0.00709907,0.0244766,0.0163865,0.0173799,0.0134819,0.0243059,0.00721027,0.0240936,0.0688382,0.00738364,0.019079,0.00493579,0.0165316,0.00982802,0.0111461,0.00600045,0.00489871,0,0,0.00178671,0,0.0104364,0.00162686,0.0327501,0.0144047,0.0449358,0.00491448,0.00265799,0.0026401,0.00270218,0.0150884,0,0.00225661,0.00984785,0.0679517,0.00951227,0.0102,0.00392143,0.0018271,0.0024189,0.000636659,0.00355352,0.00687703,0,0,0
140,0,0,0,0,0.00705191,0.00485015,0,0,0,0.055722,0.0130487,0.0156442,0.00252179,0,0,0.0107156,0,0.0294615,0.00593296,0.0247063,0.0055196,0.0227933,0.0105107,0.00362981,0.0160659,0.00611898,0.0236111,0.0156341,0.0162199,0.0122743,0.0230885,0.00705181,0.0244412,0.0683193,0.00956452,0.0200704,0.00705439,0.0178274,0.0095199,0.0126556,0.00633512,0.00455381,0,0,0.00279657,0,0.0107153,0.00235053,0.0324274,0.0162242,0.0443065,0.00703598,0.00403045,0.00232377,0.00352537,0.0153625,0,0.00311172,0.0112639,0.0685102,0.0104354,0.0119047,0.00539913,0.00314534,0.00316478,0.00102717,0.00428411,0.0070853,0,0,0
141,0,0,0,0,0.00796985,0.00311955,0,0,0,0.0547747,0.0105928,0.0154818,0.00212659,0,0,0.012443,0,0.0329925,0.00496784,0.0249339,0.00662138,0.0234465,0.00898189,0.00315274,0.0157391,0.00572415,0.0217555,0.0141186,0.0166224,0.0119607,0.0220339,0.00767672,0.0233659,0.0672328,0.00869664,0.0193915,0.00593687,0.0192247,0.00981262,0.0137759,0.00828628,0.00666694,0,0,0.00213097,0,0.0104096,0.00206257,0.0324889,0.0167381,0.0448377,0.00939103,0.00420709,0.00391417,0.00277284,0.0155219,0,0.00261318,0.011812,0.0677209,0.0100258,0.0126114,0.00754309,0.001811,0.00295075,0.000644245,0.00311524,0.00824091,0,0,0
142,0,0,0,0,0.00812787,0.0032653,0,0,0,0.0544398,0.0104199,0.0163783,0.00268421,0,0,0.0120392,0,0.0335913,0.00491458,0.0246552,0.00868441,0.0233454,0.00856576,0.00317115,0.016357,0.00472734,0.0193525,0.0122528,0.0161983,0.0111603,0.0205169,0.00800876,0.0229146,0.0664698,0.00874046,0.019576,0.00619697,0.02031,0.00986308,0.0149072,0.00945025,0.00679026,0,0,0.0023876,0,0.010351,0.00235169,0.0324121,0.0179408,0.0448607,0.0115903,0.00495842,0.00433358,0.00282004,0.0157488,0,0.00298193,0.0128783,0.0674673,0.0100163,0.0137757,0.00904336,0.00192159,0.00328604,0.000680281,0.00318296,0.00829521,0,0,0
143,0,0,0,0,0.00809865,0.00356322,0,0,0,0.0542393,0.0103198,0.0179181,0.00330147,0,0,0.0114377,0,0.0341859,0.00484674,0.0244949,0.0118606,0.0232724,0.00907223,0.00344964,0.0168808,0.0038582,0.0161432,0.0100816,0.0158391,0.0106053,0.0188553,0.00853975,0.0224081,0.0655811,0.00862352,0.0197925,0.00640887,0.0215265,0.0099219,0.0161677,0.0107295,0.00700082,0,0,0.00298363,0,0.0102684,0.00282619,0.0323331,0.0191067,0.0448508,0.0140196,0.0063037,0.00494234,0.00286354,0.0160693,0,0.00356245,0.0140481,0.0671201,0.0104932,0.0150245,0.0107133,0.00201267,0.00370586,0.000828833,0.00333795,0.00839791,0,0,0
144,0,0,0,0,0.00823119,0.0037359,0,0,0,0.0538581,0.0102717,0.0199866,0.00406473,0,0,0.0112061,0,0.0346591,0.00484817,0.0244743,0.015682,0.0232551,0.0107759,0.00373236,0.01729,0.00384199,0.0125086,0.00826614,0.015553,0.0105986,0.0172717,0.00935773,0.0218688,0.0643768,0.00845161,0.0198839,0.00674752,0.0223969,0.0100677,0.017295,0.011999,0.00732123,0,0,0.0036792,0,0.010166,0.00331531,0.032326,0.0204306,0.0447658,0.0162073,0.00747248,0.00522128,0.00288044,0.0163748,0,0.00421024,0.0151332,0.0667399,0.010868,0.0162039,0.0115032,0.00196999,0.0041315,0.000963973,0.00344237,0.00856309,0,0,0
145,0,0,0,0,0.00869297,0.00381027,0,0,0,0.0534558,0.0113236,0.0221672,0.00470044,0,0,0.00980814,0,0.0339824,0.00554825,0.0242154,0.0195209,0.0229092,0.0134573,0.00454249,0.0167854,0.00483838,0.00948857,0.00805836,0.0148716,0.0109677,0.0156856,0.00999517,0.021738,0.0629602,0.00832746,0.0203267,0.00747985,0.0240132,0.0103649,0.0187828,0.0130434,0.00707946,0,0,0.00486545,0,0.0102709,0.00402713,0.0323318,0.0215092,0.0442922,0.01863,0.00875824,0.00489168,0.00326354,0.0168214,0,0.0050649,0.0166664,0.0665631,0.0113709,0.017763,0.0133357,0.00327745,0.00455535,0.00131899,0.00372364,0.00863785,0,0,0
146,0,0,0,0,0.0105312,0.0033072,0,0,0,0.0521458,0.0102155,0.0235589,0.00592108,0,0,0.0143181,0,0.035325,0.00543273,0.0241979,0.0233411,0.0232274,0.0157919,0.00518579,0.0177836,0.00642791,0.00801868,0.00950529,0.0150319,0.0125451,0.0148546,0.0107404,0.0211232,0.0612472,0.00860169,0.0200496,0.00757451,0.0259924,0.0102956,0.0203274,0.0148844,0.0097315,0,0,0.00448667,0,0.0103462,0.00420697,0.0328123,0.0220537,0.0444521,0.0215312,0.00964749,0.00815912,0.00308847,0.0173472,0,0.00609242,0.0179092,0.0656465,0.0111601,0.0188304,0.016146,0.00231701,0.00449044,0.00134653,0.00414064,0.0104989,0,0,0
147,0,0,0,0,0.0104637,0.00344673,0,0,0,0.0508885,0.0102193,0.0246192,0.00686583,0,0,0.0140911,0,0.0357422,0.00530939,0.0241758,0.0261777,0.0235099,0.0178453,0.00579682,0.0178363,0.00798535,0.00893062,0.0116918,0.0148505,0.0134813,0.0139679,0.0110887,0.0209809,0.0599027,0.00826189,0.0201628,0.00784463,0.0271874,0.0104086,0.0214001,0.0161554,0.00991841,0,0,0.00511703,0,0.0103583,0.00460982,0.0331742,0.0231206,0.0443155,0.0236555,0.0104706,0.00867984,0.00321918,0.0177907,0,0.00697403,0.0191062,0.0651091,0.0112174,0.0197808,0.017594,0.00241254,0.00475113,0.00133656,0.00432464,0.0105372,0,0,0
148,0,0,0,0,0.0102322,0.00337806,0,0,0,0.0493855,0.0101979,0.0253468,0.00767474,0,0,0.0136264,0,0.036092,0.00523335,0.0243047,0.0285945,0.0239766,0.0194978,0.00608945,0.0178417,0.00944875,0.0111027,0.0139216,0.0147147,0.0139937,0.0133416,0.011542,0.021026,0.0586374,0.00794989,0.0201898,0.00808713,0.0271514,0.0104377,0.0216706,0.0171979,0.00963485,0,0,0.00607894,0,0.0101203,0.00496742,0.033512,0.0248186,0.0441919,0.0252036,0.0109227,0.00793224,0.00333389,0.0181567,0,0.00761651,0.0197553,0.0646563,0.0113202,0.0203266,0.0171917,0.00227521,0.00527612,0.00112072,0.00411955,0.0101915,0,0,0
149,0,0,0,0,0.0109311,0.00321346,0,0,0,0.0477194,0.0101808,0.0258774,0.00846325,0,0,0.0142248,0,0.0363759,0.00537449,0.0244903,0.0305975,0.0244259,0.0207755,0.0065731,0.0177686,0.01079,0.0137311,0.0160833,0.0145164,0.0145187,0.0128145,0.0117424,0.021188,0.0571434,0.00780912,0.0202737,0.00831391,0.028284,0.0104865,0.0227153,0.0184318,0.0101202,0,0,0.00675498,0,0.0101152,0.00537805,0.0339606,0.0257996,0.04396,0.027588,0.0115887,0.00850238,0.00360563,0.01884,0,0.0087655,0.0206072,0.0640423,0.0114653,0.0212113,0.0186732,0.00242507,0.00556203,0.00121163,0.00430875,0.010612,0,0,0
150,0,0,0,0,0.0116274,0.00303038,0,0,0,0.0457453,0.0101722,0.0259221,0.00907637,0,0,0.0147903,0,0.0366915,0.00550616,0.024743,0.0317936,0.0249404,0.0215603,0.00699723,0.0176191,0.0120539,0.0164735,0.0180698,0.0143033,0.0149846,0.0122432,0.0116323,0.0214025,0.0550512,0.00772837,0.0203862,0.00868101,0.0293927,0.0105199,0.0237351,0.0195434,0.0106884,0,0,0.00730855,0,0.0101393,0.00578897,0.0343819,0.026511,0.0437113,0.0297324,0.0121562,0.00903639,0.00392728,0.0194957,0,0.00989568,0.0209666,0.063411,0.0115911,0.0220175,0.0199541,0.00266288,0.00569758,0.00132134,0.00447038,0.0110351,0,0,0
151,0,0,0,0,0.011029,0.00323572,0,0,0,0.0431074,0.0112089,0.02536,0.00919614,0,0,0.0117434,0,0.0362877,0.00565173,0.0249839,0.0317177,0.0250378,0.0212644,0.00729786,0.0162755,0.0132895,0.0191392,0.0198523,0.0138619,0.0150331,0.0113739,0.0110432,0.021932,0.0522852,0.00708605,0.0206232,0.00903405,0.0307402,0.0107638,0.024833,0.0201698,0.00977636,0,0,0.00826416,0,0.0103759,0.0063124,0.0346275,0.026847,0.0431812,0.0315564,0.0129005,0.00828036,0.00427616,0.0200013,0,0.0108142,0.0225483,0.0630477,0.0120447,0.0230123,0.0217155,0.00425552,0.00575874,0.00167513,0.00432095,0.0101266,0,0,0
152,0,0,0,0,0.0123435,0.00252595,0,0,0,0.0395174,0.0101811,0.0241667,0.0095899,0,0,0.0161003,0,0.0370527,0.00572533,0.0254256,0.0311019,0.0256874,0.020188,0.00718591,0.0166835,0.0139371,0.0209567,0.020894,0.0138444,0.0149696,0.0106623,0.010718,0.0219065,0.0485057,0.00748764,0.0203859,0.00945745,0.029312,0.0106727,0.0230292,0.0210431,0.0116784,0,0,0.0077541,0,0.0105048,0.0062951,0.0350626,0.024851,0.043222,0.0325023,0.0127081,0.0100539,0.00423361,0.0200634,0,0.0114718,0.0233196,0.0623151,0.0121075,0.0228286,0.0206643,0.00322142,0.00560033,0.00171625,0.00474194,0.0112037,0,0,0
153,0,0,0,0,0.0123345,0.00231107,0,0,0,0.0354271,0.0101497,0.0221138,0.00860622,0,0,0.0160105,0,0.0372554,0.00583482,0.0262019,0.0292177,0.0258923,0.0186795,0.00613847,0.015827,0.0143318,0.0216211,0.020775,0.0133883,0.014271,0.00945976,0.00998421,0.0222533,0.0443912,0.00702169,0.0205654,0.0101768,0.0274206,0.0105961,0.0203649,0.0210667,0.0113979,0,0,0.0082309,0,0.0105592,0.00672892,0.0350552,0.0216052,0.0429626,0.0328798,0.0125501,0.0101245,0.00437334,0.0201561,0,0.0113103,0.0240803,0.0622427,0,0.0220546,0.0198107,0.00363972,0.00588619,0.00176599,0.00486355,0.0110716,0,0,0
