Timestep,C7,CBL,CBR,CFL,CFR,CLAV,IMUL_B,IMUL_M,IMUL_T,IMUR_B,IMUR_M,IMUR_T,L5FT,L5HD,LANK,LASI,LBHD,LEAR,LELB,LFHD,LFIN,LFRM,LGTR,LHEE,LILC,LKNE,LPSI,LSHO,LTHI,LTHIA,LTHII,LTIB,LTIBA,LTIBI,LTIBP,LTOE,LUPA,LWRB,R5FT,R5HD,RANK,RASI,RBAK,RBHD,REAR,RELB,RFHD,RFIN,RFRM,RGTR,RHEE,RILC,RKNE,RPSI,RSHO,RTHIA,RTHII,RTHIP,RTIB,RTIBA,RTIBI,RTIBP,RTOE,RUPA,RWRA,RWRB,STRN,T10,x71,x72,RTHI,,LWRA
All Timesteps RMSE,0.0234363,0,0,0,0,0.0334716,0,0,0,0,0,0,0.0357333,0.0283997,0.0338867,0.0118719,0,0,0.0337526,0,0.0281642,0.0303143,0.0380313,0.0361573,0.0116381,0.0195815,0.0319543,0.0264879,0.0188968,0.0217291,0.0197093,0.00991202,0.0130569,0.0118337,0.0157899,0.0377992,0.0278525,0.0290027,0.0200389,0.0335496,0.0213072,0.0145092,0.0272121,0,0,0.0286374,0,0.0328848,0.024518,0.0389929,0.0285092,0.0169924,0.0398709,0.0290008,0.0363979,0.0152944,0.0231863,0.0162699,0.0300158,0.0326864,0.0172095,0.0272193,0.0151717,0.0178019,0.0221965,0.0305869,0.0329777,0.0153973,0,0,0.0908884,0,0.0217674
0,0.0203104,0,0,0,0,0.0380561,0,0,0,0,0,0,0.0358796,0.0309971,0.0340895,0.0100277,0,0,0.0432698,0,0.0294656,0.0391639,0.0393269,0.0367918,0.0126795,0.0198981,0.0322562,0.0211384,0.0174478,0.0208209,0.0194251,0.00979752,0.011589,0.011106,0.0158281,0.0369371,0.0328879,0.0362888,0.0126662,0.0365765,0.0200599,0.0133067,0.0232382,0,0,0.0290286,0,0.0365822,0.0224713,0.0389466,0.0274631,0.0162826,0.0257932,0.0302245,0.040217,0.0152616,0.0121857,0.00881612,0.0227393,0.0361956,0.0171985,0.0217934,0.00659084,0.0195683,0.017376,0.0229729,0.0389728,0.0125416,0,0,0,0,0
1,0.0201168,0,0,0,0,0.0371833,0,0,0,0,0,0,0.0346765,0.0309645,0.0330402,0.0101336,0,0,0.0434141,0,0.0294765,0.0390828,0.039251,0.0373793,0.0125152,0.0198083,0.0324069,0.0197934,0.0171676,0.0209539,0.0191147,0.00998339,0.0113724,0.0111025,0.0156139,0.0355463,0.0328609,0.0363627,0.0122625,0.0364553,0.0193457,0.0133471,0.0230484,0,0,0.0289815,0,0.0364124,0.0223757,0.0390277,0.0271122,0.0161917,0.0260748,0.030526,0.0392687,0.015442,0.01237,0.00847641,0.0228267,0.0360354,0.0166908,0.0216387,0.00511266,0.0188674,0.0175879,0.0231867,0.0380906,0.0125886,0,0,0.00260151,0,0
2,0.020363,0,0,0,0,0.0369428,0,0,0,0,0,0,0.033777,0.030906,0.0323021,0.00991942,0,0,0.0435669,0,0.0294463,0.0390547,0.0391983,0.036817,0.0125282,0.0201218,0.0325433,0.0193841,0.0170281,0.0212612,0.0191686,0.0102539,0.0113071,0.0111266,0.0151792,0.0348092,0.0328411,0.0364035,0.0131513,0.0363354,0.0203997,0.0134013,0.0230807,0,0,0.0289616,0,0.0361578,0.0224221,0.0390306,0.0284811,0.0161071,0.0266558,0.0307697,0.0388068,0.0155639,0.0124503,0.00903685,0.0232621,0.0359864,0.0173075,0.0222957,0.00531533,0.0181333,0.0177288,0.0236067,0.0377888,0.0129586,0,0,0,0,0
3,0.0206592,0,0,0,0,0.0368477,0,0,0,0,0,0,0.0327337,0.0308587,0.0314259,0.00987397,0,0,0.0437313,0,0.0294092,0.0390792,0.0390526,0.0360752,0.0125007,0.0202335,0.0325537,0.0190906,0.0168007,0.0213454,0.0190363,0.0104753,0.0113266,0.0112694,0.0147867,0.0339158,0.0327636,0.0364593,0.012751,0.0362107,0.0195968,0.0133851,0.0230412,0,0,0.0287668,0,0.035918,0.0225419,0.0390981,0.0277343,0.0160841,0.0265032,0.0309337,0.0384684,0.015439,0.0122929,0.00856513,0.0230828,0.0357777,0.0168132,0.0220601,0.00443339,0.0174359,0.017839,0.0240353,0.0377247,0.0133215,0,0,0.00250123,0,0
4,0.0210247,0,0,0,0,0.036887,0,0,0,0,0,0,0.0319636,0.0308196,0.0307351,0.00973537,0,0,0.0439195,0,0.0293614,0.0390868,0.0389533,0.0358799,0.0124089,0.0202721,0.0325035,0.0189192,0.0165153,0.0213133,0.0188378,0.0106657,0.0112854,0.011415,0.014399,0.033017,0.0328014,0.0364912,0.012769,0.0360884,0.0195902,0.0134144,0.0228796,0,0,0.0284632,0,0.0356766,0.0226386,0.0391374,0.0278849,0.0160167,0.0265634,0.0310103,0.0381374,0.0152667,0.0121398,0.00846844,0.0231867,0.0354278,0.0168159,0.0222191,0.00419815,0.0168035,0.0183833,0.0243144,0.0377516,0.0136618,0,0,0.00256008,0,0
5,0.0214189,0,0,0,0,0.0369518,0,0,0,0,0,0,0.0313871,0.0307774,0.0302439,0.00965765,0,0,0.0441098,0,0.0293074,0.0390638,0.0388364,0.0362362,0.0123,0.0200858,0.0323477,0.0188017,0.0161248,0.0211054,0.0184626,0.0106967,0.0110755,0.0113988,0.0140885,0.0323127,0.032985,0.0364732,0.0127737,0.0359697,0.0196493,0.0134239,0.0229744,0,0,0.028174,0,0.0354671,0.0226771,0.0392538,0.0281983,0.0160002,0.0267598,0.0310199,0.0377183,0.0151878,0.0120755,0.00836736,0.0234534,0.0352746,0.0168277,0.0225025,0.00407158,0.0162058,0.0188605,0.0244693,0.0377685,0.0140916,0,0,0.00266581,0,0
6,0.0218097,0,0,0,0,0.0370364,0,0,0,0,0,0,0.0310844,0.0307428,0.0300636,0.00956024,0,0,0.0442996,0,0.0292785,0.0390096,0.0386958,0.0363326,0.0122027,0.019795,0.0321508,0.0185456,0.0157292,0.0208314,0.0180778,0.0105874,0.0108073,0.011436,0.0138451,0.0319666,0.0331837,0.0364561,0.0128823,0.0358667,0.019767,0.013373,0.0231597,0,0,0.0279307,0,0.0353043,0.0227056,0.0393934,0.0285541,0.016031,0.0270638,0.0310048,0.0373243,0.0151348,0.0120719,0.0084328,0.023765,0.0352237,0.0168795,0.0228053,0.0040497,0.0156638,0.0191255,0.0244998,0.0377713,0.0145702,0,0,0.0027592,0,0
7,0.0222379,0,0,0,0,0.0371892,0,0,0,0,0,0,0.0308871,0.0307151,0.0299053,0.00938299,0,0,0.0445234,0,0.0292594,0.0389419,0.038589,0.0366935,0.0121356,0.0193749,0.0319639,0.0184047,0.0153532,0.0204787,0.0176388,0.010515,0.0105765,0.01153,0.0136496,0.0316083,0.0334509,0.0363979,0.0131027,0.0357641,0.0198426,0.0133947,0.0234195,0,0,0.0277094,0,0.0351572,0.0226125,0.0394929,0.0287771,0.0160559,0.0273909,0.0309752,0.03706,0.0150933,0.0121122,0.0086189,0.0239919,0.035179,0.0168868,0.0230738,0.00403758,0.0150306,0.0192628,0.0244119,0.0378795,0.0150698,0,0,0.00297942,0,0
8,0.0226743,0,0,0,0,0.0373532,0,0,0,0,0,0,0.0306084,0.0306761,0.0296845,0.00936085,0,0,0.0448209,0,0.0292275,0.0389058,0.0384665,0.0365836,0.0120723,0.0190403,0.031777,0.0183187,0.0150161,0.0201249,0.0172201,0.0104792,0.0104066,0.0116029,0.013418,0.0312354,0.0336961,0.0363694,0.0133355,0.0356825,0.0198138,0.013455,0.0237333,0,0,0.0273788,0,0.0350447,0.0225329,0.0395559,0.0289306,0.0160558,0.027625,0.030937,0.0368491,0.015075,0.0121329,0.00878559,0.0241377,0.0350887,0.0167978,0.0232868,0.00398022,0.014626,0.0192667,0.0242824,0.0380486,0.0155856,0,0,0.00340145,0,0
9,0.0231094,0,0,0,0,0.0375096,0,0,0,0,0,0,0.0303281,0.0306312,0.0293531,0.009488,0,0,0.0451982,0,0.0291788,0.0389257,0.0383344,0.0361973,0.0120229,0.0188353,0.0316014,0.0182514,0.0146965,0.0198064,0.0168457,0.0104075,0.0103782,0.0116878,0.0131726,0.0308102,0.0339209,0.0364062,0.0133846,0.0356237,0.0197328,0.0134986,0.0240548,0,0,0.0269636,0,0.0349599,0.0224193,0.0396496,0.0290031,0.0161128,0.0276859,0.0308103,0.0366746,0.0151132,0.0121098,0.00890122,0.0241625,0.0349755,0.0166843,0.0233984,0.00390704,0.0143764,0.0192125,0.0242154,0.0382197,0.0160588,0,0,0.00342137,0,0
10,0.0235424,0,0,0,0,0.0376576,0,0,0,0,0,0,0.0299432,0.0305694,0.0288933,0.00956557,0,0,0.0455482,0,0.0291174,0.038973,0.038292,0.0363712,0.011971,0.0187385,0.0314329,0.0181927,0.0143461,0.0194823,0.0164872,0.0103381,0.0104858,0.0117425,0.0129598,0.0303075,0.0340453,0.0364875,0.0139396,0.035607,0.0207095,0.0136607,0.0244089,0,0,0.0266553,0,0.0349168,0.0222825,0.0396701,0.0302798,0.0161974,0.0282166,0.0306387,0.0365211,0.0152514,0.0125679,0.0095416,0.0245897,0.0348689,0.0172263,0.0241302,0.00403051,0.0140225,0.0191928,0.0241953,0.0383006,0.016504,0,0,0,0,0
11,0.0239315,0,0,0,0,0.0378179,0,0,0,0,0,0,0.0295702,0.0305252,0.0285652,0.00959679,0,0,0.0458764,0,0.0290558,0.0391344,0.0380888,0.0364142,0.0119225,0.0185596,0.0313203,0.0180737,0.0140885,0.0192324,0.016188,0.0102903,0.0106256,0.0117902,0.0127784,0.0298776,0.0341576,0.0366478,0.0132771,0.035604,0.0196391,0.0136334,0.0247685,0,0,0.0264042,0,0.0348873,0.0221352,0.0398464,0.0290701,0.0162326,0.0277152,0.030605,0.036378,0.0152542,0.0125273,0.00890286,0.0241774,0.0347413,0.0166335,0.0235954,0.00399028,0.0138399,0.0192715,0.0242456,0.0384136,0.0169336,0,0,0.0025498,0,0
12,0.0242217,0,0,0,0,0.0379122,0,0,0,0,0,0,0.0294152,0.030495,0.0285443,0.00962043,0,0,0.0460957,0,0.0289763,0.0393512,0.0379589,0.035823,0.0118618,0.0183273,0.0311963,0.0179798,0.0137831,0.0189386,0.0158931,0.010206,0.0107124,0.011925,0.0126311,0.0297906,0.0344521,0.0368272,0.0129484,0.0356058,0.0194513,0.0136188,0.0250995,0,0,0.026188,0,0.0348541,0.0221088,0.03998,0.0289228,0.0162066,0.02746,0.0304966,0.0362529,0.0153293,0.0126747,0.00880929,0.0239956,0.0346589,0.0165905,0.0234897,0.00381434,0.0136866,0.0194537,0.0243704,0.0384906,0.0172713,0,0,0.0028296,0,0
13,0.0244676,0,0,0,0,0.0379509,0,0,0,0,0,0,0.0295712,0.0304608,0.0286652,0.00966607,0,0,0.046164,0,0.0288751,0.0395232,0.0378292,0.0357584,0.0117583,0.0180973,0.0310794,0.0180645,0.0134765,0.0186104,0.0155841,0.0100754,0.0106112,0.0119743,0.0126,0.0299882,0.0346316,0.0369647,0.0125787,0.0356282,0.0191847,0.0134359,0.0254032,0,0,0.0260017,0,0.0348319,0.0222005,0.0400637,0.0287254,0.0161964,0.0271083,0.0303931,0.0361133,0.0154503,0.0127703,0.00865554,0.0237857,0.0346338,0.0164871,0.0233218,0.00373653,0.0136064,0.0196219,0.0245216,0.0385786,0.0175607,0,0,0.00520187,0,0
14,0.0246887,0,0,0,0,0.0379617,0,0,0,0,0,0,0.0301731,0.0304278,0.0289388,0.00977272,0,0,0.046192,0,0.028794,0.03959,0.0377051,0.0363506,0.0116446,0.0179186,0.0309579,0.0181812,0.013238,0.0184092,0.0153109,0.00993696,0.0103122,0.0118375,0.0126831,0.0301294,0.034721,0.0370735,0.0122479,0.0356916,0.0189952,0.013376,0.025633,0,0,0.0258898,0,0.0348407,0.0223674,0.0401066,0.0285874,0.0162088,0.0268062,0.0302652,0.0359907,0.0155412,0.0129013,0.00870374,0.0236605,0.0347207,0.01644,0.023237,0.0037978,0.0134897,0.0197417,0.0247431,0.0386345,0.0178284,0,0,0.00547963,0,0
15,0.0248949,0,0,0,0,0.0379746,0,0,0,0,0,0,0.0307562,0.0303786,0.029258,0.0099131,0,0,0.0462715,0,0.0287219,0.0395291,0.0383367,0.0364089,0.0114834,0.0176752,0.0309393,0.0185013,0.0128303,0.0183017,0.0149632,0.00972507,0.0101431,0.0118018,0.0126954,0.0306067,0.0347454,0.0370682,0.0247334,0.0357467,0.0248694,0.0139124,0.0258673,0,0,0.0257419,0,0.0348563,0.022499,0.0382061,0.0349513,0.0162679,0.0458117,0.0299358,0.0360023,0,0.0274794,0.0183718,0.0347302,0.0328577,0.0186996,0.0311473,0.0189277,0.0134104,0.0198346,0.0249989,0.0385953,0.0179054,0,0,0.0270183,0,0
16,0.0251472,0,0,0,0,0.0380564,0,0,0,0,0,0,0.0313661,0.030314,0.0295847,0.0101981,0,0,0.0463636,0,0.0286651,0.0393015,0.0382464,0.0367202,0.0114984,0.017464,0.0312083,0.0186122,0.0127962,0.0183862,0.0148109,0.0095612,0.00982266,0.0117412,0.0128158,0.0310261,0.0348226,0.0368921,0.0262146,0.0357808,0.0259952,0.0137781,0.0260919,0,0,0.0257157,0,0.0348335,0.0225857,0.0384037,0.0353714,0.0161105,0.0453092,0.0302537,0.0359454,0,0.027025,0.0181763,0.0341869,0.032657,0.0183257,0.0309613,0.0197232,0.0129668,0.0198174,0.0251909,0.0386462,0.0180255,0,0,0.079,0,0
17,0.0253762,0,0,0,0,0.0382104,0,0,0,0,0,0,0.0317077,0.0302722,0.0298961,0.0104418,0,0,0.0464672,0,0.0286162,0.0391235,0.0381469,0.0367568,0.0114822,0.0172909,0.031447,0.0185102,0.0128502,0.0184649,0.0147155,0.00927579,0.00956935,0.0117516,0.0129284,0.0313743,0.0350656,0.0367264,0.0263302,0.035786,0.0259612,0.0137628,0.0263472,0,0,0.0257869,0,0.0348022,0.0225834,0.0384377,0.0348564,0.0160966,0.0436843,0.0304798,0.035949,0,0.0259069,0.0174274,0.0330348,0.0325933,0.0176229,0.0300584,0.0199703,0.0125615,0.0195012,0.025265,0.0387397,0.0180602,0,0,0.100063,0,0
18,0.0256165,0,0,0,0,0.0383812,0,0,0,0,0,0,0.0319833,0.0302414,0.030181,0.0105226,0,0,0.0463785,0,0.0285615,0.0390553,0.0381088,0.0373613,0.01145,0.0171697,0.0316022,0.0185222,0.0129768,0.0184589,0.0146916,0.00905534,0.00937081,0.0116989,0.0131004,0.0316679,0.0350266,0.036679,0.0260383,0.0357921,0.0257815,0.0139134,0.0266425,0,0,0.0260554,0,0.0348169,0.0225013,0.0384248,0.0345219,0.0161239,0.0433364,0.0305186,0.0359905,0,0.0257457,0.0170208,0.0328315,0.0325543,0.0175465,0.0298418,0.0198126,0.0125488,0.0189593,0.0253434,0.0388548,0.0181273,0,0,0.0996564,0,0
19,0.0258507,0,0,0,0,0.0385376,0,0,0,0,0,0,0.0323567,0.0302175,0.03049,0.0106441,0,0,0.0462732,0,0.0284791,0.039067,0.0381008,0.0378993,0.0114139,0.0170927,0.0317041,0.0186129,0.0131515,0.0184807,0.0147641,0.00889273,0.00921289,0.0115665,0.0132836,0.0320255,0.0348022,0.0367337,0.0260678,0.0358307,0.025683,0.0140886,0.0269137,0,0,0.0264166,0,0.0348636,0.0224919,0.0383837,0.0346295,0.0162219,0.0435415,0.0304639,0.0360252,0,0.0259077,0.014978,0.0329814,0.0325002,0.0175501,0.0299328,0.0200439,0.0125063,0.0189101,0.0254365,0.038984,0.0182143,0,0,0.0967895,0,0
20,0.0260339,0,0,0,0,0.0386446,0,0,0,0,0,0,0.032772,0.0302061,0.0308572,0.0107406,0,0,0.0462028,0,0.0283832,0.0391118,0.0381037,0.0379921,0.0113859,0.0169902,0.0318298,0.018707,0.0133519,0.0184896,0.0148717,0.00869479,0.00905595,0.0114131,0.013455,0.0326818,0.0348368,0.0368494,0.0261687,0.0358827,0.0256024,0.0141304,0.027137,0,0,0.02693,0,0.0349441,0.0225358,0.038359,0.0346633,0.0163658,0.0437416,0.030417,0.0360653,0,0.0259222,0.0120729,0.0331245,0.0324778,0.0175264,0.0299859,0.0203298,0.0126778,0.0188426,0.0255098,0.0390995,0.0182632,0,0,0.0963039,0,0
21,0.0261667,0,0,0,0,0.038738,0,0,0,0,0,0,0.0332517,0.030198,0.0311749,0.0108146,0,0,0.0462009,0,0.0282868,0.0391516,0.0381622,0.0378325,0.0113618,0.0168775,0.0320291,0.0188431,0.0135407,0.0183989,0.014951,0.00845122,0.00884557,0.0113054,0.0136562,0.0334789,0.0349094,0.0369584,0.026154,0.0359564,0.025533,0.0141092,0.0273818,0,0,0.0276251,0,0.0350545,0.0226691,0.0383867,0.0345472,0.0163827,0.0437161,0.0303991,0.0361881,0,0.0256594,0.0144851,0.03312,0.0324448,0.0175038,0.0299611,0.0203572,0.0129043,0.0185392,0.025467,0.0391889,0.0182686,0,0,0.0965219,0,0
22,0.0262476,0,0,0,0,0.0387954,0,0,0,0,0,0,0.0337862,0.0302113,0.0315038,0.0109193,0,0,0.04621,0,0.0282357,0.0391379,0.0382226,0.0377,0.0113323,0.0168874,0.0321358,0.0189922,0.0137603,0.0183647,0.015108,0.0082481,0.00863919,0.011202,0.0138663,0.0343054,0.0352192,0.0370146,0.0261856,0.0360193,0.0255886,0.0140648,0.0276503,0,0,0.0283121,0,0.0351643,0.0229686,0.0384402,0.0345245,0.0164098,0.0436994,0.0303431,0.0363171,0,0.0253969,0.0163725,0.0331243,0.0324232,0.0175098,0.0299631,0.0203702,0.0131496,0.0180319,0.0253146,0.0391763,0.0182223,0,0,0.0965254,0,0
23,0.0263225,0,0,0,0,0.038904,0,0,0,0,0,0,0.0343183,0.0302362,0.0318646,0.0110537,0,0,0.0462666,0,0.0282177,0.0390658,0.0382318,0.0375797,0.0113151,0.0171297,0.0321531,0.0192315,0.0140765,0.0185129,0.0154804,0.00815403,0.00864685,0.0110861,0.0141061,0.0349742,0.0354753,0.0370063,0.026281,0.0360621,0.0258357,0.0142867,0.0278888,0,0,0.0289979,0,0.03526,0.0232269,0.0384691,0.0346215,0.0164855,0.0437799,0.0303106,0.0364758,0,0.0252615,0.0165471,0.033187,0.0324125,0.0175235,0.0299853,0.0204581,0.0136221,0.0174864,0.0252197,0.0391195,0.0181072,0,0,0.096378,0,0
24,0.0264101,0,0,0,0,0.0390049,0,0,0,0,0,0,0.0347015,0.030289,0.0322065,0.0110616,0,0,0.0463916,0,0.0282265,0.0390828,0.0382721,0.0373724,0.0113556,0.0176675,0.0321657,0.0194999,0.0146315,0.0189281,0.0161591,0.00828216,0.00895911,0.011031,0.0143367,0.0352667,0.0357118,0.0370096,0.0263594,0.0360582,0.0258959,0.0146016,0.0280877,0,0,0.0295452,0,0.0353011,0.0234813,0.0384747,0.0346572,0.0166155,0.0439594,0.0303204,0.0366489,0,0.0252146,0.0162476,0.0332986,0.0325069,0.017582,0.0300119,0.0204819,0.0140467,0.0168426,0.0253351,0.0390416,0.0178986,0,0,0.0962967,0,0
25,0.0265646,0,0,0,0,0.0390766,0,0,0,0,0,0,0.0350063,0.0303367,0.032441,0.0111083,0,0,0.0466352,0,0.028221,0.0392306,0.0383701,0.0369056,0.0114491,0.0183957,0.032203,0.0198169,0.0154743,0.0196395,0.0171113,0.00859922,0.00938171,0.0110161,0.0145186,0.0354212,0.0358523,0.0370635,0.0258212,0.0359843,0.0253845,0.0148127,0.0283233,0,0,0.0298816,0,0.0352664,0.0236222,0.0384107,0.0340573,0.0167915,0.0438645,0.030336,0.0368096,0,0.0250133,0.0161464,0.033255,0.03277,0.017715,0.0298702,0.0199,0.0145821,0.0163335,0.0254246,0.0389548,0.0176564,0,0,0.0962422,0,0
26,0.0267391,0,0,0,0,0.0391503,0,0,0,0,0,0,0.0351436,0.0303628,0.0326074,0.0109261,0,0,0.0468228,0,0.0281976,0.0394421,0.0384462,0.0367181,0.011504,0.0191854,0.0321644,0.0201051,0.0165712,0.0205826,0.0182331,0.00901561,0.00987805,0.0109508,0.0146617,0.0356223,0.0359192,0.0371742,0.0252937,0.0359381,0.0249983,0.0148348,0.0286157,0,0,0.0302472,0,0.0352645,0.0237118,0.0383859,0.0336013,0.0168502,0.0437066,0.0303,0.0370482,0,0.024811,0.0162264,0.0331813,0.0327188,0.0178186,0.0298065,0.0193974,0.0151571,0.016173,0.0254493,0.038914,0.0174627,0,0,0.0961551,0,0
27,0.026865,0,0,0,0,0.0391696,0,0,0,0,0,0,0.0351474,0.030399,0.032624,0.0108054,0,0,0.0469862,0,0.028165,0.0397094,0.0385002,0.0364484,0.0115693,0.0198558,0.0320422,0.0203606,0.0177395,0.0214799,0.0192514,0.00948601,0.0105602,0.0110672,0.0147673,0.0358297,0.0362281,0.0373505,0.0247662,0.0359171,0.024649,0.0147183,0.0288422,0,0,0.0306029,0,0.0352516,0.0237647,0.0384268,0.0332365,0.0168945,0.0435658,0.0302526,0.0373274,0,0.0246897,0.0162451,0.0331081,0.0326979,0.0179443,0.0297612,0.0188738,0.0155826,0.0166349,0.0255422,0.0388439,0.0173971,0,0,0.0961231,0,0
28,0.026967,0,0,0,0,0.0391448,0,0,0,0,0,0,0.0349996,0.0304309,0.0323972,0.0108301,0,0,0.0470956,0,0.0281137,0.0399684,0.0385156,0.0359916,0.0116074,0.0204609,0.0318347,0.0206341,0.0187903,0.0222306,0.0200793,0.0100137,0.0113261,0.01133,0.0147954,0.0358983,0.0365698,0.0375195,0.0242509,0.0358459,0.0242041,0.0146587,0.0290629,0,0,0.0308358,0,0.035159,0.023832,0.0384539,0.0328667,0.0169609,0.043465,0.0301241,0.0375502,0,0.024662,0.0161303,0.0330812,0.0327473,0.0180664,0.0297124,0.0183336,0.0159421,0.0170791,0.0257951,0.0387001,0.0173968,0,0,0.0961451,0,0
29,0.027069,0,0,0,0,0.0390913,0,0,0,0,0,0,0.0346845,0.0304245,0.0320803,0.0109872,0,0,0.0471917,0,0.0280387,0.0401012,0.0384568,0.0355453,0.0116264,0.0209659,0.0315872,0.0208025,0.0195833,0.0228176,0.0206848,0.0105139,0.0120306,0.0115233,0.0147783,0.035815,0.0366404,0.0375576,0.0237728,0.03576,0.0236249,0.0147085,0.0293284,0,0,0.0310042,0,0.0350683,0.0239432,0.0384747,0.0325001,0.0169864,0.0433874,0.029952,0.0377383,0,0.0246356,0.0161173,0.0330884,0.032779,0.0181123,0.0297133,0.0178288,0.016417,0.0169071,0.0260461,0.0385462,0.0173303,0,0,0.0961883,0,0
30,0.0271786,0,0,0,0,0.0389708,0,0,0,0,0,0,0.03431,0.0303606,0.0318683,0.0110752,0,0,0.047239,0,0.027935,0.0400347,0.0383358,0.0351884,0.0116281,0.0212329,0.0313097,0.0209955,0.0199882,0.0231957,0.0209677,0.0107772,0.0125019,0.0116438,0.0147529,0.0356893,0.0367079,0.0374385,0.0233593,0.0356798,0.0232517,0.0148145,0.0296498,0,0,0.031167,0,0.0349819,0.0240175,0.0384983,0.0321642,0.0168893,0.0433537,0.0297904,0.0378692,0,0.0246215,0.0161303,0.0331011,0.0327281,0.0181204,0.0297623,0.0174131,0.0167924,0.0164734,0.0262069,0.0383177,0.017207,0,0,0.0962723,0,0
31,0.0273141,0,0,0,0,0.0388857,0,0,0,0,0,0,0.0340602,0.0303449,0.0317692,0.0110499,0,0,0.0473037,0,0.0278998,0.0399186,0.0382108,0.0349199,0.0116112,0.0212228,0.0310667,0.0212635,0.0200034,0.0233729,0.0209035,0.0108852,0.0127242,0.0117619,0.0147098,0.0355907,0.0368429,0.0373462,0.0231531,0.0356157,0.0231036,0.0147544,0.0300721,0,0,0.0312989,0,0.0348993,0.0240591,0.038553,0.0317942,0.0168461,0.0433766,0.0296557,0.0380265,0,0.0246801,0.0162257,0.0330788,0.0326532,0.0181203,0.0297057,0.0171345,0.0172667,0.0163615,0.026285,0.0380736,0.0170926,0,0,0.0964018,0,0
32,0.0274814,0,0,0,0,0.0388817,0,0,0,0,0,0,0.0339097,0.0303929,0.0317087,0.0109501,0,0,0.0473854,0,0.0279141,0.0398314,0.0380378,0.0345569,0.0115792,0.021048,0.0309109,0.0215549,0.0197772,0.0234501,0.02062,0.0108472,0.012822,0.0118436,0.0146557,0.0354772,0.0370008,0.0372668,0.0230758,0.0355833,0.0231025,0.0147064,0.0303599,0,0,0.0314026,0,0.0348508,0.0241376,0.0385075,0.0316039,0.0168033,0.0434509,0.0296021,0.0381676,0,0.0248065,0.0165572,0.0330487,0.0326336,0.0181109,0.0296594,0.0170938,0.0176167,0.0162358,0.0263122,0.037898,0.017051,0,0,0.0965169,0,0
33,0.0276389,0,0,0,0,0.0389555,0,0,0,0,0,0,0.0338855,0.0304499,0.0316199,0.0108578,0,0,0.0474071,0,0.0279248,0.0397608,0.0378285,0.0342069,0.011546,0.0207832,0.0308907,0.0218017,0.0194793,0.0234359,0.0202713,0.0107271,0.0129511,0.0118819,0.0146162,0.0353714,0.0371436,0.0371737,0.0227508,0.0355732,0.022896,0.0146319,0.0305315,0,0,0.031607,0,0.0348423,0.0242247,0.0384443,0.0312922,0.0166905,0.0436298,0.0295908,0.0383184,0,0.0249813,0.0169828,0.0331154,0.0325455,0.0179914,0.0297357,0.0168634,0.0178056,0.0159772,0.0262895,0.0378227,0.0170738,0,0,0.0965741,0,0
34,0.0278092,0,0,0,0,0.0390298,0,0,0,0,0,0,0.0338375,0.0304725,0.0314554,0.0107775,0,0,0.0473306,0,0.0279014,0.0396945,0.037598,0.0341558,0.0115458,0.0205061,0.0309553,0.0219388,0.0192215,0.0233553,0.0199819,0.0106147,0.013032,0.0118465,0.0146003,0.0352146,0.0372017,0.0371022,0.0225105,0.0355555,0.0227317,0.0145253,0.0307097,0,0,0.031876,0,0.0348279,0.0242927,0.0384126,0.0310844,0.0166382,0.043942,0.0295392,0.0384002,0,0.0252743,0.0172301,0.0332433,0.0324806,0.0178191,0.0298904,0.0167535,0.0179057,0.0157725,0.0262578,0.0378063,0.0171826,0,0,0.0966633,0,0
35,0.0280528,0,0,0,0,0.0391049,0,0,0,0,0,0,0.033401,0.0304298,0.0313116,0.0107458,0,0,0.0471857,0,0.0278125,0.0395958,0.0374177,0.0341347,0.0115845,0.0203405,0.0310059,0.0221096,0.0191225,0.0233274,0.0198474,0.0105682,0.0131779,0.01183,0.0145921,0.0350794,0.0371518,0.0369691,0.0228217,0.0355422,0.0230148,0.0143729,0.0309646,0,0,0.0321603,0,0.0348229,0.0243599,0.0383631,0.0312349,0.0166503,0.0442887,0.029446,0.0384079,0,0.0256172,0.0172991,0.0333467,0.032395,0.0176483,0.0300511,0.0172576,0.0180849,0.0155431,0.0262003,0.0378006,0.0174172,0,0,0.0967991,0,0
36,0.0282982,0,0,0,0,0.0392,0,0,0,0,0,0,0.03315,0.0303908,0.0313558,0.0107696,0,0,0.0468998,0,0.0277207,0.0394713,0.0373833,0.0335083,0.0115858,0.0203806,0.0310624,0.0224381,0.0192857,0.0233966,0.0199558,0.0105779,0.0132888,0.0119016,0.01459,0.0350721,0.0370529,0.0368777,0.0236857,0.0355502,0.023749,0.0143317,0.0312108,0,0,0.0325063,0,0.0348376,0.0244607,0.0383049,0.0318904,0.0166131,0.044694,0.0293831,0.0383641,0,0.0259571,0.0174426,0.0334536,0.0322631,0.0174548,0.0302562,0.0182777,0.0181351,0.0152959,0.0261565,0.0378068,0.0177005,0,0,0.0969308,0,0
37,0.0285263,0,0,0,0,0.039332,0,0,0,0,0,0,0.0330168,0.0303372,0.0314511,0.0107768,0,0,0.0465618,0,0.0276098,0.0392371,0.0373885,0.0326081,0.0115677,0.0204672,0.0310518,0.0227713,0.0195548,0.0234904,0.0201558,0.0106357,0.013388,0.0120643,0.0145739,0.0351686,0.0368324,0.0367432,0.0242758,0.0355601,0.0242481,0.0142786,0.0314586,0,0,0.0328177,0,0.0348412,0.0246151,0.0382351,0.0322959,0.0165703,0.0448617,0.0292801,0.0382928,0,0.0260791,0.0176099,0.0334936,0.0321409,0.0172897,0.0303634,0.0189894,0.0182097,0.0150674,0.0261645,0.037826,0.017926,0,0,0.0969935,0,0
38,0.0287198,0,0,0,0,0.0394627,0,0,0,0,0,0,0.0329784,0.0302881,0.0315814,0.0107379,0,0,0.0462887,0,0.0275012,0.0389518,0.0373731,0.0318033,0.0115431,0.0205129,0.0310034,0.0230773,0.0197381,0.0235174,0.0203297,0.0106691,0.0135618,0.0122906,0.0145609,0.0352688,0.0365604,0.0365482,0.0240993,0.0355726,0.0241351,0.0141796,0.0317005,0,0,0.0331101,0,0.0348359,0.024775,0.038155,0.0320035,0.0165173,0.0447725,0.0291031,0.0381702,0,0.0259882,0.0176658,0.0334435,0.0321414,0.0172305,0.0303419,0.0189077,0.0182308,0.0148783,0.0261801,0.0378577,0.018096,0,0,0.0969755,0,0
39,0.028872,0,0,0,0,0.0398263,0,0,0,0,0,0,0.0329251,0.0302625,0.0316865,0.0106811,0,0,0.0460042,0,0.0274453,0.0386543,0.0373203,0.0314244,0.011506,0.0205137,0.0308382,0.0233042,0.0198005,0.0234764,0.0204056,0.0106603,0.0137293,0.0123354,0.0145485,0.0352749,0.0363452,0.0362881,0.0238951,0.0355837,0.0242674,0.0139961,0.0321633,0,0,0.0333451,0,0.0348117,0.0248708,0.0380537,0.0318216,0.0164797,0.0444632,0.028854,0.0382129,0,0.0257716,0.0175185,0.0332918,0.0321902,0.017213,0.0302506,0.0188678,0.0182954,0.0147313,0.0261546,0.0381492,0.0181222,0,0,0.0969864,0,0
40,0.0290087,0,0,0,0,0.0402544,0,0,0,0,0,0,0.0327741,0.0302487,0.0316404,0.0107853,0,0,0.0457636,0,0.0274074,0.0383513,0.0372666,0.031867,0.0114731,0.0204067,0.0305902,0.0236096,0.0197446,0.0233361,0.020335,0.0105756,0.0138088,0.0123194,0.0145667,0.0351764,0.0361932,0.0360084,0.0234156,0.0355919,0.0241231,0.0139257,0.0326866,0,0,0.0335241,0,0.034802,0.0249581,0.0380035,0.0314421,0.0164534,0.0440329,0.0285003,0.0383468,0,0.0255161,0.0172258,0.0330445,0.032244,0.0171743,0.030086,0.0186125,0.0183393,0.014472,0.026196,0.0385118,0.0180124,0,0,0.0970649,0,0
41,0.029344,0,0,0,0,0.0407315,0,0,0,0,0,0,0.0326456,0.0302744,0.0316128,0.0110831,0,0,0.0456958,0,0.0273744,0.0381286,0.0372709,0.0324016,0.0112994,0.020208,0.0301778,0.0237929,0.0196397,0.023065,0.0201721,0.0104424,0.013716,0.012321,0.0146035,0.0351596,0.036172,0.0357112,0.0225515,0.0356107,0.0236321,0.0138417,0.0333891,0,0,0.0336437,0,0.0348296,0.0249916,0.037949,0.0307136,0.0164465,0.0432407,0.0279623,0.0386627,0,0.0250625,0.016852,0.0325563,0.0323098,0.0170896,0.02971,0.0180043,0.018498,0.014173,0.0262953,0.0388662,0.0180466,0,0,0.0968295,0,0
42,0.0295579,0,0,0,0,0.0408083,0,0,0,0,0,0,0.0324979,0.0303378,0.0315495,0.0112719,0,0,0.045566,0,0.0273705,0.0379105,0.0372332,0.0334873,0.0111726,0.0200147,0.029929,0.0238435,0.0195361,0.0228357,0.0200348,0.0103108,0.0135771,0.0122491,0.0146875,0.0351481,0.036008,0.0354297,0.0218701,0.0356121,0.0231844,0.0137027,0.0337732,0,0,0.0338681,0,0.0348339,0.0251048,0.0379592,0.0300678,0.0164938,0.0424529,0.0276008,0.0385379,0,0.024629,0.0165688,0.0320141,0.0323487,0.0169449,0.0292786,0.0175644,0.018362,0.0139623,0.0264678,0.0387956,0.0180482,0,0,0.0966046,0,0
43,0.029711,0,0,0,0,0.0408095,0,0,0,0,0,0,0.0323093,0.0303848,0.0316045,0.0112774,0,0,0.0452755,0,0.0273579,0.0376539,0.0371911,0.0339947,0.011049,0.0199047,0.0297343,0.0239153,0.0194703,0.0226735,0.0199997,0.0101733,0.0134745,0.0121969,0.0147306,0.035148,0.0356965,0.0350897,0.0211563,0.0355899,0.0226777,0.0135488,0.0341556,0,0,0.0341422,0,0.0347955,0.0252406,0.0380652,0.0292818,0.0165465,0.0416063,0.0272652,0.0383455,0,0.024201,0.0161991,0.0314118,0.0323732,0.0167204,0.0287798,0.0171891,0.0181805,0.013779,0.0266773,0.0386589,0.0180199,0,0,0.0964051,0,0
44,0.0297725,0,0,0,0,0.0408385,0,0,0,0,0,0,0.0322328,0.0304261,0.0317105,0.0112152,0,0,0.0448089,0,0.0273431,0.0373542,0.0371587,0.0341158,0.0108914,0.0198805,0.0295599,0.0239906,0.0194627,0.0225181,0.0200527,0.0100608,0.01336,0.0121569,0.0147494,0.0351583,0.0353381,0.0347172,0.0202133,0.0355375,0.0218864,0.0135148,0.0344233,0,0,0.0343517,0,0.0347282,0.0252967,0.0382658,0.0282923,0.0165209,0.0406603,0.026947,0.0381466,0,0.023727,0.0158116,0.0307862,0.0323645,0.0164744,0.0281831,0.0165637,0.0181673,0.0135564,0.0269168,0.0385507,0.0179382,0,0,0.0961683,0,0
45,0.0297537,0,0,0,0,0.0408423,0,0,0,0,0,0,0.032222,0.0304553,0.0318472,0.0111786,0,0,0.0441749,0,0.0273119,0.0369746,0.0371971,0.0342529,0.0107199,0.0198766,0.0294158,0.0240387,0.0194724,0.0223709,0.020093,0.00994123,0.0132805,0.0121644,0.0147815,0.0352501,0.0348652,0.0342594,0.0190915,0.0354628,0.0209125,0.0134044,0.0345962,0,0,0.0345461,0,0.0346585,0.0253754,0.038444,0.0269789,0.0164971,0.0396426,0.0266605,0.0380301,0,0.0231838,0.015289,0.0301641,0.0322961,0.0162363,0.0275007,0.0157045,0.0182209,0.0130118,0.0271762,0.0384796,0.0178484,0,0,0.0958199,0,0
46,0.0297029,0,0,0,0,0.0408109,0,0,0,0,0,0,0.0320682,0.0304142,0.0319982,0.0111593,0,0,0.0433802,0,0.0272206,0.0364825,0.0372231,0.0344762,0.0105831,0.0198525,0.0293236,0.0240212,0.0194613,0.0222648,0.0200785,0.00985912,0.0132542,0.0122044,0.0148211,0.0354688,0.0343055,0.0338814,0.0185363,0.0353825,0.0203916,0.0132391,0.0347189,0,0,0.0347327,0,0.0345885,0.0254954,0.038599,0.0258886,0.0164832,0.0383362,0.0264364,0.0379693,0,0.0225295,0.014739,0.0293174,0.0322237,0.0159818,0.0265996,0.0154874,0.0183436,0.0123208,0.0274874,0.038477,0.0177698,0,0,0.0953195,0,0
47,0.0296513,0,0,0,0,0.0407157,0,0,0,0,0,0,0.0319507,0.0303964,0.0321456,0.0111072,0,0,0.0424828,0,0.027155,0.0359704,0.0371661,0.0347034,0.0104676,0.0198528,0.02917,0.0239683,0.0193838,0.0222249,0.0200549,0.00983833,0.0132592,0.0122461,0.0148595,0.0356185,0.0337125,0.0336236,0.0179687,0.0353246,0.0198332,0.0131259,0.0348035,0,0,0.0348641,0,0.0344856,0.0255512,0.038735,0.0249576,0.0165679,0.0370159,0.0261304,0.0379875,0,0.0217634,0.0142369,0.0284929,0.0321774,0.015711,0.0257089,0.015585,0.0183226,0.0128311,0.0278131,0.038483,0.0176571,0,0,0.094716,0,0
48,0.029578,0,0,0,0,0.040682,0,0,0,0,0,0,0.0319412,0.0303653,0.0323186,0.0110707,0,0,0.0415391,0,0.0270816,0.0354789,0.0370994,0.0349727,0.0103843,0.0198551,0.0290251,0.0239445,0.0192502,0.0221684,0.0200148,0.00980892,0.0132521,0.0122634,0.0149036,0.0357377,0.0330024,0.0335239,0.017671,0.035238,0.0194065,0.0130645,0.0349097,0,0,0.0348823,0,0.0343656,0.0255487,0.0389077,0.0244472,0.0166918,0.0361144,0.0258497,0.0380443,0,0.0212015,0.0137136,0.0279819,0.0321508,0.0155121,0.0251804,0.0160625,0.0183644,0.0131586,0.0281092,0.0384852,0.017511,0,0,0.0943039,0,0
49,0.0294736,0,0,0,0,0.0406887,0,0,0,0,0,0,0.0319857,0.030324,0.0324757,0.0110335,0,0,0.0405169,0,0.0270276,0.0349677,0.0371219,0.0353304,0.0102932,0.0198168,0.0288873,0.0237586,0.0191245,0.0220641,0.0199811,0.00975515,0.013218,0.012249,0.0149574,0.0358681,0.0322203,0.033364,0.0168163,0.0351112,0.0186036,0.0129458,0.0350405,0,0,0.0348292,0,0.034237,0.0255344,0.0390771,0.0234218,0.0168437,0.0352663,0.0255012,0.0381339,0,0.0207051,0.0131503,0.0275782,0.0320971,0.0152933,0.0247727,0.0158379,0.0187024,0.0127274,0.0283817,0.0384832,0.0173706,0,0,0.0938823,0,0
50,0.0293601,0,0,0,0,0.0406883,0,0,0,0,0,0,0.0319745,0.0302935,0.0325973,0.0110691,0,0,0.039532,0,0.0269946,0.0344797,0.0371301,0.0356445,0.0102131,0.0197506,0.0288777,0.0235679,0.0190451,0.0219151,0.019924,0.00968306,0.0131084,0.01222,0.015004,0.0359842,0.0316138,0.0330577,0.0156066,0.034995,0.0176918,0.0128704,0.0351302,0,0,0.0348632,0,0.034151,0.0255049,0.0392882,0.0220422,0.0168979,0.0345742,0.0252074,0.0382701,0,0.0204184,0.0127519,0.0273126,0.0319621,0.0151238,0.0244352,0.0147734,0.0188476,0.0117539,0.0286202,0.0385597,0.0172535,0,0,0.0935573,0,0
51,0.029242,0,0,0,0,0.0406973,0,0,0,0,0,0,0.0320861,0.0302884,0.0327377,0.0111682,0,0,0.0385253,0,0.0269817,0.0340236,0.0370881,0.0354741,0.0101252,0.0196684,0.0287104,0.0234286,0.0190129,0.0217755,0.0198821,0.00959651,0.0129811,0.012212,0.0150231,0.0361347,0.0312478,0.0326415,0.0155286,0.0348736,0.0175305,0.0128243,0.0351459,0,0,0.0347913,0,0.0340177,0.0254036,0.0394181,0.0214593,0.0168463,0.0338046,0.0250111,0.0383401,0,0.0201084,0.0125199,0.0267852,0.0319183,0.0149161,0.0238476,0.0145165,0.0188231,0.0116799,0.0288107,0.0387292,0.0171432,0,0,0.0934733,0,0
52,0.0290671,0,0,0,0,0.0407124,0,0,0,0,0,0,0.0323619,0.0302591,0.0329168,0.0112389,0,0,0.037484,0,0.0269352,0.0335541,0.0370548,0.0345663,0.0100857,0.0195822,0.0286705,0.0233766,0.0190276,0.0218062,0.0198583,0.00950357,0.0128597,0.0122284,0.0149924,0.0363113,0.0304112,0.0324369,0.0161495,0.0347749,0.0178279,0.0127021,0.035123,0,0,0.0346532,0,0.0338843,0.0252979,0.039398,0.0213961,0.0168079,0.0331834,0.0248253,0.0384592,0,0.0199366,0.0125124,0.026171,0.0320584,0.0147608,0.0231689,0.0145501,0.0187938,0.0124536,0.0289478,0.0389361,0.0170263,0,0,0.093649,0,0
53,0.0289034,0,0,0,0,0.0407328,0,0,0,0,0,0,0.032328,0.03018,0.0329904,0.0112973,0,0,0.0365574,0,0.0268307,0.0331106,0.0369621,0.0342231,0.0100863,0.0194795,0.0287731,0.023155,0.0190507,0.0217901,0.0198126,0.00941647,0.0127789,0.0122344,0.0149717,0.0363767,0.0297651,0.0322215,0.0167012,0.0346583,0.0181487,0.0125344,0.0351533,0,0,0.0344767,0,0.0337741,0.0251503,0.0392638,0.0213761,0.0167606,0.0329986,0.024623,0.0385977,0,0.0201772,0.0127763,0.0258244,0.0322475,0.0147028,0.0227224,0.0139369,0.018816,0.0127309,0.0290397,0.0391312,0.0168821,0,0,0.0940936,0,0
54,0.0286824,0,0,0,0,0.0407407,0,0,0,0,0,0,0.032283,0.0301198,0.0329707,0.0113735,0,0,0.0356068,0,0.0267425,0.0326419,0.0368156,0.0342401,0.010055,0.01938,0.0286103,0.0229943,0.0190597,0.0217189,0.0197093,0.00935881,0.0127509,0.0122046,0.0149868,0.0363327,0.0292935,0.0318199,0.0168398,0.0345371,0.0181153,0.0123652,0.0351307,0,0,0.0343201,0,0.0336661,0.0249767,0.0390321,0.0208741,0.0166695,0.0329303,0.024473,0.0386717,0,0.0206386,0.0131562,0.0256341,0.0323981,0.0147151,0.0224853,0.0128571,0.0189329,0.012651,0.0290961,0.039291,0.0167159,0,0,0.0945768,0,0
55,0.0284364,0,0,0,0,0.0407645,0,0,0,0,0,0,0.0321799,0.0300868,0.0329878,0.011402,0,0,0.0345864,0,0.0266685,0.0321324,0.0366288,0.0343239,0.0100304,0.0193079,0.0285077,0.022964,0.0190605,0.0217674,0.019601,0.00933505,0.0127604,0.0121565,0.0150249,0.0363346,0.0284023,0.0314222,0.016952,0.0344159,0.0180363,0.012208,0.0350514,0,0,0.0341545,0,0.0335578,0.0247495,0.0387449,0.0204936,0.0165047,0.0329849,0.0243994,0.0387315,0,0.0210971,0.0136253,0.0256225,0.032353,0.0148344,0.0225589,0.0118312,0.0191428,0.0124598,0.0291026,0.0394328,0.0165607,0,0,0.0950252,0,0
56,0.0281736,0,0,0,0,0.0407452,0,0,0,0,0,0,0.0322762,0.0300581,0.0330072,0.0114079,0,0,0.0334168,0,0.0265848,0.0316038,0.0365414,0.0343324,0.0100403,0.0192653,0.0285111,0.022945,0.0190578,0.0216987,0.019537,0.00933651,0.0127701,0.0121437,0.0150673,0.0363701,0.0275006,0.0310579,0.0172233,0.0342941,0.018092,0.0120622,0.0349899,0,0,0.0339694,0,0.0334521,0.0245394,0.0384469,0.0203445,0.0163693,0.0331582,0.024371,0.03876,0,0.0214771,0.014158,0.0257182,0.0324519,0.0149897,0.0227888,0.0111213,0.0192616,0.0119706,0.0290717,0.0395604,0.0164428,0,0,0.0955198,0,0
57,0.0278526,0,0,0,0,0.0406942,0,0,0,0,0,0,0.0324645,0.0300386,0.0330297,0.0113909,0,0,0.0319121,0,0.0265335,0.0309394,0.0365545,0.0343552,0.0100626,0.01926,0.0285348,0.022977,0.0190254,0.0216311,0.0195116,0.00935794,0.0127762,0.0121641,0.0151297,0.0364378,0.0264163,0.0306504,0.017687,0.0341798,0.0183473,0.0119163,0.0348957,0,0,0.0338332,0,0.0333539,0.0244218,0.0381881,0.0207686,0.0162214,0.0334958,0.0244191,0.0388422,0,0.0219185,0.0146875,0.0259835,0.0324175,0.0151437,0.0232389,0.011105,0.0194308,0.0111454,0.0290297,0.0396703,0.0162673,0,0,0.0959654,0,0
58,0.0275947,0,0,0,0,0.0406702,0,0,0,0,0,0,0.0325371,0.0300226,0.0331605,0.0113133,0,0,0.0303492,0,0.0264839,0.0301967,0.0365914,0.034272,0.010083,0.019304,0.028559,0.0230922,0.019016,0.0216344,0.0195239,0.00936563,0.0128185,0.0122157,0.0151747,0.0366227,0.0254418,0.0301762,0.0182146,0.0340962,0.0185848,0.0117891,0.0348759,0,0,0.0335447,0,0.0332655,0.0242472,0.0379536,0.0214016,0.0161204,0.0338885,0.0244851,0.0389748,0,0.0221961,0.0150367,0.0263055,0.0324543,0.015331,0.0235867,0.0113866,0.0194951,0.0110921,0.0289595,0.0397382,0.0161581,0,0,0.0962824,0,0
59,0.0273228,0,0,0,0,0.040671,0,0,0,0,0,0,0.0327125,0.0299983,0.0333137,0.0112556,0,0,0.0287564,0,0.026439,0.0294062,0.0366728,0.0342273,0.0101183,0.0193282,0.0285677,0.0231218,0.0190375,0.0216248,0.0195722,0.00935387,0.0128798,0.0122076,0.0152286,0.0368458,0.0243506,0.0297068,0.0188008,0.0340362,0.0189259,0.0116639,0.034895,0,0,0.0331854,0,0.0331798,0.0240135,0.0377607,0.0222718,0.0160791,0.0343669,0.0246012,0.039151,0,0.022227,0.0151922,0.0266611,0.0326789,0.0155689,0.0238038,0.0118633,0.0195755,0.0117012,0.0288819,0.0398096,0.0161012,0,0,0.0963707,0,0
60,0.0270558,0,0,0,0,0.0406902,0,0,0,0,0,0,0.0330713,0.0299809,0.0334708,0.0112602,0,0,0.0271647,0,0.0264091,0.0286601,0.0367993,0.0342643,0.0101674,0.0193447,0.0286068,0.0230294,0.019069,0.0215983,0.0196507,0.00936714,0.0129406,0.0121764,0.0152984,0.0370699,0.0230953,0.0292324,0.0192478,0.0339712,0.0192043,0.011695,0.0348924,0,0,0.0328231,0,0.0331052,0.0237834,0.0376857,0.0232728,0.0160109,0.0348995,0.0247542,0.0393735,0,0.0220885,0.0152455,0.0270367,0.0327539,0.0157649,0.0240891,0.0126761,0.019674,0.0119197,0.0288027,0.0399179,0.0160003,0,0,0.0963421,0,0
61,0.0268215,0,0,0,0,0.0406957,0,0,0,0,0,0,0.033479,0.02995,0.0336257,0.011343,0,0,0.0254884,0,0.0263565,0.0279204,0.0369497,0.0343636,0.0102134,0.0193965,0.028696,0.0230453,0.0191298,0.0215951,0.0197536,0.00939111,0.0130136,0.0121671,0.0153686,0.0372691,0.0218973,0.0286943,0.0193111,0.033901,0.019395,0.0118172,0.0349253,0,0,0.032441,0,0.0330425,0.0235473,0.0377903,0.0242484,0.0159554,0.0355128,0.0249383,0.0396433,0,0.0219596,0.0154221,0.0274579,0.0328945,0.0160536,0.0245332,0.0134537,0.0199974,0.0118394,0.0287591,0.0400489,0.015932,0,0,0.0964033,0,0
62,0.0265646,0,0,0,0,0.0406615,0,0,0,0,0,0,0.0336093,0.0298242,0.0337802,0.0114651,0,0,0.0236947,0,0.0262064,0.0270281,0.0371432,0.0344793,0.0102632,0.0195152,0.0287635,0.0232806,0.0192316,0.0216308,0.0199128,0.00945171,0.0131311,0.0121794,0.0154233,0.0374759,0.0206782,0.0279844,0.0191059,0.033825,0.0196534,0.0119863,0.035047,0,0,0.0320797,0,0.0329811,0.0232996,0.0380077,0.0253395,0.0159138,0.0361792,0.0251213,0.0399915,0,0.0219963,0.0156621,0.0278973,0.032979,0.0163724,0.0250657,0.013938,0.0202578,0.0116989,0.0287352,0.0401546,0.0158842,0,0,0.0964508,0,0
63,0.0262857,0,0,0,0,0.0406167,0,0,0,0,0,0,0.0337376,0.0296906,0.0338826,0.011607,0,0,0.0218703,0,0.0260462,0.0261605,0.0373966,0.03452,0.0102647,0.0195524,0.0287069,0.023247,0.0192895,0.0215385,0.0200035,0.00946037,0.0132139,0.0121675,0.0154605,0.037648,0.0193026,0.0272243,0.0191242,0.0337392,0.0200111,0.0121836,0.0351789,0,0,0.0317635,0,0.0329214,0.0230964,0.0383084,0.0264632,0.0159809,0.0368683,0.0251954,0.0404498,0,0.0221763,0.0159929,0.0283106,0.0331982,0.0164678,0.0255769,0.0143326,0.0204475,0.0113499,0.0287245,0.0402317,0.0158067,0,0,0.0964392,0,0
64,0.0259746,0,0,0,0,0.0406025,0,0,0,0,0,0,0.0340121,0.0295938,0.0340487,0.0117135,0,0,0.0200511,0,0.0259156,0.0252808,0.0376454,0.0346614,0.0102406,0.0195647,0.0285809,0.0229637,0.0193327,0.0213791,0.0200699,0.00950411,0.0133084,0.0121714,0.0155401,0.0379221,0.0178813,0.0263919,0.0196287,0.0336461,0.0205719,0.0123926,0.0352723,0,0,0.031448,0,0.0328664,0.0229357,0.0386622,0.0274255,0.0160475,0.0375115,0.0251534,0.0409538,0,0.0223158,0.0161173,0.0287571,0.0331233,0.0164426,0.0260549,0.0149221,0.0206859,0.0108892,0.0287168,0.0402938,0.0157058,0,0,0.0962171,0,0
65,0.0257485,0,0,0,0,0.0406727,0,0,0,0,0,0,0.0343996,0.0295792,0.0342772,0.0118017,0,0,0.0184231,0,0.0258982,0.0244256,0.0379213,0.0348932,0.0101765,0.0196464,0.0284196,0.0227284,0.0194133,0.0213876,0.0201486,0.00958078,0.0134151,0.0121717,0.0156534,0.0382632,0.0164355,0.0255143,0.0202859,0.0335635,0.0210897,0.0125877,0.0352735,0,0,0.0310155,0,0.0328014,0.0226995,0.0390728,0.0283785,0.0160654,0.0380093,0.0250467,0.0415112,0,0.0222887,0.0159342,0.0292003,0.0327414,0.0164711,0.0264381,0.0156334,0.021233,0.0112543,0.0287067,0.0403685,0.0156071,0,0,0.0958704,0,0
66,0.0256304,0,0,0,0,0.0407655,0,0,0,0,0,0,0.0349374,0.0295416,0.0346034,0.0118585,0,0,0.0171215,0,0.0258654,0.0237399,0.0382935,0.0351063,0.0101051,0.0197813,0.028213,0.0225796,0.019462,0.021731,0.0202821,0.00962146,0.0134338,0.0122242,0.0157686,0.0386393,0.0151786,0.0248773,0.0202703,0.0334688,0.0210517,0.0128544,0.0349805,0,0,0.030578,0,0.0326831,0.0225114,0.0394842,0.0287458,0.016192,0.038004,0.0248359,0.0421581,0,0.0218715,0.01562,0.0293229,0.0326262,0.0164899,0.0263893,0.0156161,0.0216532,0.0115401,0.0287901,0.0404165,0.0155678,0,0,0.0953831,0,0
67,0.0255052,0,0,0,0,0.040897,0,0,0,0,0,0,0.0354532,0.0295177,0.034815,0.0120198,0,0,0.0157176,0,0.0258605,0.0230264,0.038655,0.0352105,0.0100459,0.0197815,0.0280015,0.0225513,0.0194121,0.021817,0.0203139,0.00958068,0.0133762,0.0121737,0.0158847,0.0389137,0.014087,0.0244375,0.020439,0.0333406,0.0210983,0.0131174,0.0350839,0,0,0.0299304,0,0.0325597,0.0222192,0.0398284,0.0291826,0.0164923,0.0384189,0.0245714,0.0428923,0,0.0217251,0.0155733,0.0295942,0.0327997,0.0165912,0.0265242,0.0158742,0.0218847,0.0118124,0.0288904,0.0404748,0.0154782,0,0,0.0950969,0,0
68,0.025358,0,0,0,0,0.0410259,0,0,0,0,0,0,0.0357562,0.0294204,0.0350224,0.0122324,0,0,0.0144488,0,0.0257517,0.0225519,0.0388238,0.0353746,0.0100158,0.0196099,0.0278985,0.0225777,0.0193725,0.0216868,0.0202498,0.00949152,0.0133013,0.0120654,0.0159943,0.039164,0.0133045,0.024288,0.0205028,0.0332143,0.0211717,0.0134649,0.0354075,0,0,0.0291268,0,0.0324391,0.0218026,0.0402491,0.0293242,0.0166154,0.0390076,0.0243774,0.0436101,0,0.0217911,0.0157041,0.0298425,0.0330338,0.0166493,0.0267266,0.0161237,0.02207,0.0122088,0.0290233,0.0405208,0.0154227,0,0,0.0951043,0,0
69,0.0249007,0,0,0,0,0.0406766,0,0,0,0,0,0,0.0362239,0.0291486,0.0352758,0.01246,0,0,0.0131305,0,0.0254838,0.0221575,0.0388351,0.0356223,0.0101035,0.0194265,0.0281922,0.0225249,0.0194724,0.0215855,0.0202161,0.00943828,0.0133296,0.0120248,0.0161898,0.0394671,0.0125578,0.024358,0.0207047,0.0330634,0.0215296,0.0137728,0.0351979,0,0,0.0280781,0,0.0323152,0.0212776,0.0405323,0.0297234,0.0167912,0.039879,0.0246411,0.0434974,0,0.0221475,0.015984,0.0302994,0.0329817,0.0167212,0.027206,0.0165434,0.0218391,0.0127913,0.0292113,0.0401026,0.0150376,0,0,0.0952478,0,0
70,0.0244303,0,0,0,0,0.0401822,0,0,0,0,0,0,0.0365691,0.0287811,0.035631,0.0125729,0,0,0.0122184,0,0.0251449,0.0219674,0.0387008,0.0360126,0.0102432,0.0193318,0.0285716,0.0224555,0.0196327,0.0215601,0.0202383,0.0094177,0.0133617,0.0120425,0.0164148,0.0398654,0.0122086,0.024594,0.0209225,0.0329269,0.0218889,0.0139819,0.0348213,0,0,0.0269837,0,0.0321458,0.0208908,0.0405827,0.0302057,0.016899,0.0405717,0.0249965,0.043194,0,0.0224906,0.0163845,0.0307616,0.0326615,0.0168246,0.0277545,0.0169236,0.0216622,0.0134817,0.029507,0.0395028,0.014656,0,0,0.0954832,0,0
71,0.02402,0,0,0,0,0.0396231,0,0,0,0,0,0,0.0369564,0.0283966,0.0359217,0.0126311,0,0,0.0118517,0,0.0248357,0.0219412,0.0384771,0.0363453,0.0103868,0.0192346,0.028937,0.0222154,0.0197658,0.0215184,0.0202666,0.00940213,0.0133807,0.0120299,0.0166341,0.0401903,0.0123008,0.0250243,0.0213813,0.0328219,0.022566,0.0141479,0.0344071,0,0,0.0256869,0,0.031975,0.020529,0.0404672,0.0308536,0.0169715,0.0412274,0.0253601,0.0427778,0,0.0229021,0.0168706,0.0312725,0.0324606,0.0169858,0.0283094,0.0175437,0.0212819,0.0142013,0.029917,0.0388199,0.0142899,0,0,0.0957664,0,0
72,0.0237147,0,0,0,0,0.0389717,0,0,0,0,0,0,0.0372486,0.0278965,0.0360118,0.0127184,0,0,0.0120149,0,0.0244683,0.0221354,0.0383137,0.0367533,0.0105416,0.019042,0.0292765,0.0217537,0.0198597,0.0214269,0.0202277,0.00931981,0.0134121,0.0119286,0.0168277,0.0402955,0.0126487,0.0256479,0.0220889,0.032704,0.0231677,0.0143294,0.0339529,0,0,0.0241069,0,0.0317859,0.0200904,0.0403193,0.031471,0.0170526,0.041974,0.0257258,0.0421952,0,0.0234276,0.0173722,0.0318392,0.0323889,0.0170202,0.0288247,0.0184241,0.0207204,0.0148716,0.0304694,0.0381678,0.0140839,0,0,0.0959884,0,0
73,0.0233851,0,0,0,0,0.0382715,0,0,0,0,0,0,0.0372236,0.0271775,0.0360654,0.0127898,0,0,0.0128563,0,0.0239082,0.0227649,0.0381737,0.0369294,0.0106897,0.0188394,0.0295876,0.0212294,0.0199988,0.0214598,0.0201597,0.00921701,0.0134405,0.011862,0.0169573,0.0403667,0.0130466,0.0265255,0.0227981,0.03254,0.0235741,0.0144686,0.0334002,0,0,0.0225122,0,0.0315421,0.0197393,0.0401135,0.0318856,0.0171776,0.042648,0.0260596,0.0414453,0,0.0237954,0.0176818,0.032251,0.032452,0.0169333,0.0291031,0.0193909,0.0199799,0.0155949,0.0311497,0.0376264,0.0140213,0,0,0.0960356,0,0
74,0.0230508,0,0,0,0,0.0374446,0,0,0,0,0,0,0.037161,0.0266235,0.0359945,0.0128097,0,0,0.0140178,0,0.0235117,0.0236666,0.038012,0.0374646,0.0108186,0.0185563,0.0298871,0.0205889,0.0200605,0.0213818,0.0200018,0.0091597,0.0134807,0.011831,0.017089,0.040314,0.0133941,0.0276418,0.023795,0.0323318,0.0242182,0.0145483,0.0328035,0,0,0.0208551,0,0.0312288,0.019511,0.0398328,0.0325196,0.0172829,0.0432953,0.0264055,0.0404923,0,0.0239665,0.0178437,0.0325109,0.0323721,0.0168888,0.0293545,0.0205077,0.0188674,0.0166849,0.0319664,0.0370163,0.0141299,0,0,0.0959786,0,0
75,0.0228162,0,0,0,0,0.0364869,0,0,0,0,0,0,0.0372681,0.0262329,0.0359345,0.0127999,0,0,0.0153814,0,0.0232504,0.0247862,0.0379677,0.0377243,0.0108844,0.0183838,0.0301861,0.0198347,0.0200463,0.0212705,0.0198537,0.00914042,0.0135014,0.0118346,0.0171836,0.0402482,0.0136999,0.028915,0.0244852,0.0320418,0.0245303,0.0146086,0.0322909,0,0,0.0191342,0,0.030821,0.019397,0.039622,0.032821,0.0173433,0.0438503,0.0267004,0.0394883,0,0.0239778,0.0179577,0.0326105,0.0321636,0.0167153,0.0295544,0.0210906,0.0177927,0.0179124,0.0329276,0.0362739,0.0140782,0,0,0.0958466,0,0
76,0.0226511,0,0,0,0,0.0354402,0,0,0,0,0,0,0.0372623,0.0259281,0.0360078,0.012807,0,0,0.0167358,0,0.023063,0.0260687,0.0379815,0.0374847,0.0108968,0.0183828,0.0304032,0.0189899,0.0199989,0.0212359,0.0198033,0.00910731,0.0134968,0.0118387,0.0172202,0.0403426,0.0136711,0.0303363,0.0245458,0.0317133,0.0243219,0.0146392,0.0318317,0,0,0.0175658,0,0.0303864,0.0196603,0.0395088,0.0325972,0.017363,0.0442591,0.0269407,0.0385658,0,0.0241305,0.0180176,0.0325264,0.0318935,0.0165116,0.0294961,0.0210199,0.0166874,0.0192357,0.0342268,0.0354231,0.0138679,0,0,0.0957983,0,0
77,0.0226347,0,0,0,0,0.0342597,0,0,0,0,0,0,0.0374662,0.0256861,0.0362381,0.0127504,0,0,0.0179644,0,0.0229379,0.0272876,0.0380055,0.0368352,0.0109487,0.0184841,0.0305938,0.0182006,0.019957,0.0212994,0.019853,0.0091165,0.0135,0.0118294,0.0172354,0.0406194,0.0133205,0.0317365,0.0246668,0.0314188,0.0244103,0.0146479,0.0313784,0,0,0.0161811,0,0.0300512,0.020345,0.0394274,0.0325419,0.0174193,0.0446473,0.0271157,0.0375535,0,0.0245283,0.0182249,0.0322354,0.0316676,0.0164333,0.0293755,0.0210919,0.015645,0.0207307,0.0357203,0.034307,0.0139763,0,0,0.0960356,0,0
78,0.0227565,0,0,0,0,0.0329841,0,0,0,0,0,0,0.0377449,0.0255127,0.0364013,0.0127467,0,0,0.0190292,0,0.022871,0.0283515,0.0380173,0.0367841,0.0109854,0.0185502,0.0307641,0.0175368,0.01985,0.0213243,0.0198605,0.00914463,0.0134768,0.0117951,0.0172807,0.040832,0.012813,0.0329286,0.0231058,0.0312384,0.0231102,0.0146257,0.0308759,0,0,0.0153483,0,0.0298885,0.0214557,0.0393743,0.0307714,0.0175086,0.0444681,0.0272996,0.0365343,0,0.0247558,0.0183731,0.0319179,0.031739,0.0168107,0.0290847,0.0195252,0.0146461,0.0225714,0.0373072,0.0329959,0.014295,0,0,0.0964274,0,0
79,0.0231845,0,0,0,0,0.0315769,0,0,0,0,0,0,0.038059,0.0254081,0.036507,0.0127681,0,0,0.019931,0,0.0228833,0.0291629,0.0380698,0.0370742,0.0109706,0.018561,0.0309084,0.0172801,0.0197187,0.0212607,0.0198542,0.00914588,0.0134446,0.0117425,0.0173349,0.0409616,0.0123228,0.033892,0.0219001,0.031132,0.0221271,0.0145356,0.0304197,0,0,0.0151147,0,0.029826,0.0227402,0.0393597,0.0295795,0.0176141,0.0441499,0.0274538,0.0355419,0,0.0250985,0.0185868,0.0315843,0.0318082,0.0170056,0.0287748,0.0183574,0.0135024,0.0248091,0.0390017,0.0315036,0.014861,0,0,0.0968965,0,0
80,0.0236727,0,0,0,0,0.0301514,0,0,0,0,0,0,0.0383068,0.025415,0.03653,0.012801,0,0,0.0205057,0,0.0230157,0.0296962,0.0381287,0.0377896,0.0109532,0.0185568,0.031019,0.0175133,0.0196055,0.0211331,0.0198168,0.00914797,0.013452,0.011681,0.0174143,0.0409927,0.0115776,0.034612,0.0208627,0.0309835,0.0213327,0.0146317,0.0299045,0,0,0.0151968,0,0.0297519,0.0241159,0.0394268,0.0286388,0.0177325,0.0438336,0.0275461,0.0346096,0,0.0254238,0.0188753,0.0313156,0.0318796,0.0172133,0.0285356,0.0172981,0.0125559,0.0272048,0.0407928,0.0299522,0.0154154,0,0,0.0972854,0,0
81,0.0242001,0,0,0,0,0.0287103,0,0,0,0,0,0,0.038384,0.0255527,0.0365561,0.0128419,0,0,0.0206402,0,0.0232559,0.0298561,0.0382126,0.0383106,0.0109295,0.0186554,0.03107,0.0183685,0.0195095,0.0211669,0.0198367,0.00916567,0.013511,0.0116578,0.017475,0.0410764,0.0103089,0.0350497,0.0200332,0.0308576,0.0207275,0.0147467,0.0293585,0,0,0.0154589,0,0.0297397,0.0255691,0.0395279,0.0279137,0.0178436,0.0435138,0.0275419,0.0338597,0,0.0256072,0.0191,0.0310893,0.0318843,0.0174138,0.0283466,0.0163858,0.0118513,0.0295946,0.042567,0.0283431,0.0159577,0,0,0.0976504,0,0
82,0.0246582,0,0,0,0,0.0272445,0,0,0,0,0,0,0.0386724,0.0257063,0.0366156,0.0128687,0,0,0.0202392,0,0.0235003,0.0296164,0.038279,0.0381435,0.0109371,0.0188784,0.0310662,0.0198637,0.0195355,0.0212961,0.0199625,0.00925571,0.0136356,0.0116436,0.0174799,0.0411939,0.00875032,0.0351706,0.0194939,0.0308197,0.0203917,0.0147395,0.028776,0,0,0.0159882,0,0.0298317,0.0272102,0.0396115,0.0275639,0.0179382,0.0431372,0.0274962,0.0333076,0,0.0255435,0.0190883,0.030871,0.0317602,0.0175811,0.0282002,0.0156859,0.0113486,0.031934,0.0442716,0.0267526,0.016425,0,0,0.0976634,0,0
83,0.0249154,0,0,0,0,0.0258644,0,0,0,0,0,0,0.0388889,0.0257869,0.0366856,0.0128941,0,0,0.019458,0,0.0236936,0.0290293,0.0383363,0.0376514,0.010953,0.0191162,0.0310515,0.0217835,0.019694,0.0214275,0.0201846,0.00937069,0.0137496,0.0116504,0.0174482,0.0412994,0.00721648,0.0350146,0.0190975,0.0308221,0.020151,0.0147308,0.028142,0,0,0.0167558,0,0.0299488,0.0289389,0.0396493,0.0272591,0.018072,0.0428803,0.0274188,0.0329952,0,0.0253374,0.0189206,0.0307197,0.0317404,0.0177552,0.0280716,0.015059,0.0110324,0.0340856,0.0458741,0.0252596,0.0167135,0,0,0.0974242,0,0
84,0.0250277,0,0,0,0,0.0245629,0,0,0,0,0,0,0.0389726,0.0257982,0.0366769,0.0128967,0,0,0.0183417,0,0.0237924,0.0279376,0.0383681,0.0378753,0.010956,0.0192892,0.0310417,0.0239854,0.0199156,0.0215569,0.0204054,0.00947615,0.0138252,0.0116152,0.0174738,0.0413186,0.0059318,0.0344615,0.0187134,0.0308595,0.0199372,0.0147771,0.0274017,0,0,0.0176623,0,0.0300913,0.0305469,0.0396949,0.0269773,0.018182,0.0427358,0.0272983,0.0328823,0,0.0250732,0.018656,0.030634,0.0317905,0.0179345,0.0279682,0.0144413,0.0111581,0.0357828,0.0473867,0.0238133,0.0168365,0,0,0.0972131,0,0
85,0.0248764,0,0,0,0,0.0233251,0,0,0,0,0,0,0.0393197,0.0257924,0.0366941,0.012901,0,0,0.0168457,0,0.0238324,0.0262312,0.0383691,0.0379594,0.0109633,0.0194195,0.0310636,0.0260619,0.0201334,0.0216996,0.0205707,0.00952031,0.0139231,0.0116291,0.0175138,0.041386,0.00534844,0.0333837,0.0183825,0.0310047,0.0197577,0.0148371,0.0264951,0,0,0.0185284,0,0.0303331,0.0319147,0.0397416,0.0267413,0.01826,0.0426653,0.0271251,0.0329157,0,0.0248056,0.0184206,0.0305862,0.0318354,0.0180427,0.0278925,0.013915,0.01119,0.0371795,0.0488086,0.0224558,0.0166792,0,0,0.0969546,0,0
86,0.0232461,0,0,0,0,0.0223716,0,0,0,0,0,0,0.0398546,0.0313572,0.0369766,0.0132883,0,0,0.0203112,0,0.0370262,0.0159417,0.0385037,0.0381545,0.0120517,0.0199862,0.0332937,0.0290874,0.0205029,0.0222774,0.0211228,0.00982778,0.0142382,0.0116376,0.017502,0.0419687,0.0120309,0.0143827,0.0182923,0.0312502,0.0197178,0.0153916,0.0242762,0,0,0.0192477,0,0.0306112,0.0325709,0.0393423,0.0266488,0.0172285,0.0423696,0.0295432,0.0323335,0,0.0243122,0.0178827,0.0308208,0.0325166,0.0184977,0.028134,0.0138974,0.0116889,0.0379284,0.0497781,0.0218272,0.0145234,0,0,0.0963882,0,0.0456761
87,0.0218514,0,0,0,0,0.0212009,0,0,0,0,0,0,0.039894,0.0304793,0.0369527,0.0139121,0,0,0.0187122,0,0.0363109,0.0139766,0.0384503,0.0377957,0.0123053,0.0199093,0.0338952,0.0291617,0.0205751,0.0223474,0.0211241,0.0097958,0.014294,0.0117121,0.0174402,0.0420307,0.012238,0.0134588,0.0180003,0.0311391,0.0193589,0.0158004,0.0230639,0,0,0.0195494,0,0.0306345,0.033134,0.0392918,0.0261784,0.0174681,0.0425249,0.0301313,0.033061,0,0.0243595,0.0181114,0.0307475,0.0325359,0.0185568,0.027923,0.0136035,0.0124439,0.0384615,0.0504349,0.020994,0.0130966,0,0,0.0965847,0,0.0434495
88,0.0210585,0,0,0,0,0.0203909,0,0,0,0,0,0,0.0398751,0.029507,0.0369209,0.014199,0,0,0.0164976,0,0.0354742,0.011885,0.0384238,0.0376709,0.0124298,0.0198734,0.0342195,0.0301994,0.0206149,0.02238,0.0211001,0.00980647,0.0143648,0.0118034,0.0174725,0.0420204,0.0127715,0.0122914,0.017884,0.0309434,0.019217,0.0159871,0.0222051,0,0,0.0195392,0,0.0305616,0.0335183,0.0391935,0.0259192,0.0175836,0.0425467,0.0304449,0.0339453,0,0.0244444,0.0182871,0.0306884,0.0325046,0.0185876,0.0278182,0.0134245,0.0128436,0.038779,0.0508719,0.0202468,0.0122908,0,0,0.0969058,0,0.0410639
89,0.0201367,0,0,0,0,0.0194738,0,0,0,0,0,0,0.0399489,0.0286481,0.036885,0.0141621,0,0,0.0139864,0,0.034609,0.00935163,0.0383831,0.0377494,0.0125046,0.0198527,0.0344839,0.031291,0.0206735,0.0224102,0.0210861,0.0098058,0.0144049,0.0118429,0.0175259,0.0419523,0.0135496,0.010752,0.0178,0.030772,0.0191175,0.0159865,0.0212781,0,0,0.0194128,0,0.0304544,0.0337185,0.0390858,0.0257395,0.0176258,0.0425008,0.0306945,0.034602,0,0.024587,0.0184398,0.0306232,0.0324258,0.0185636,0.0277723,0.0132673,0.0131203,0.0388742,0.0510965,0.0193448,0.0114081,0,0,0.0969838,0,0.0385963
90,0.0186698,0,0,0,0,0.0181559,0,0,0,0,0,0,0.0400295,0.0278314,0.0368979,0.0140027,0,0,0.011016,0,0.0337807,0.00649823,0.0383376,0.0375496,0.0125221,0.01985,0.0346148,0.0318921,0.0207535,0.0224703,0.0211099,0.00980886,0.0144235,0.0118516,0.0175747,0.0419514,0.0143338,0.00943645,0.0176942,0.0306827,0.0190444,0.0159021,0.0200855,0,0,0.0194134,0,0.0303852,0.0338089,0.0389642,0.0256103,0.0176879,0.0424652,0.0308822,0.0349231,0,0.0248489,0.0185791,0.0306099,0.0323932,0.0185999,0.0277807,0.0131086,0.0132086,0.0388425,0.0512688,0.0181568,0.0101402,0,0,0.097087,0,0.0358343
91,0.0173586,0,0,0,0,0.0171003,0,0,0,0,0,0,0.0401794,0.0268137,0.0368805,0.013966,0,0,0.00776987,0,0.033075,0.00384939,0.0383097,0.0374103,0.0125511,0.0199466,0.0347644,0.0325434,0.0209077,0.0225518,0.0211954,0.00983606,0.0144113,0.0117743,0.0176046,0.0419216,0.0155655,0.00817144,0.0177707,0.0306332,0.0191491,0.0158781,0.0190871,0,0,0.0192748,0,0.0304004,0.0336577,0.0388539,0.0256691,0.0177725,0.0424211,0.031124,0.0353609,0,0.0250945,0.0186518,0.0305988,0.0324088,0.0185739,0.0277898,0.0130691,0.0131581,0.0380623,0.0513731,0.0172395,0.00900053,0,0,0.0973004,0,0.0326987
92,0.0154702,0,0,0,0,0.0155298,0,0,0,0,0,0,0.0401238,0.0257962,0.0368393,0.0137691,0,0,0.00521456,0,0.0323509,0.00254604,0.0382662,0.0374023,0.0124681,0.0200749,0.0345438,0.032603,0.0210743,0.0226112,0.0212976,0.00991531,0.0144363,0.0116649,0.0176212,0.041886,0.0174376,0.00702992,0.0179804,0.0306016,0.0194387,0.0157255,0.0178803,0,0,0.0192002,0,0.0304089,0.0333598,0.0387777,0.0260074,0.0178198,0.042346,0.0309236,0.0356187,0,0.0252299,0.0187088,0.0305616,0.0323551,0.0184616,0.0277995,0.013047,0.0133821,0.0371116,0.0512455,0.0159698,0.00755688,0,0,0.0975359,0,0.0292762
93,0.0141191,0,0,0,0,0.0145054,0,0,0,0,0,0,0.0402059,0.0247742,0.0367996,0.0136691,0,0,0.00627179,0,0.0317169,0.00348316,0.0382087,0.0375061,0.0125146,0.0201514,0.0346526,0.033249,0.0211993,0.0227117,0.0213886,0.010005,0.0145234,0.0116744,0.0176192,0.0419059,0.0191753,0.00570691,0.0182985,0.0305793,0.0197049,0.0157118,0.0167199,0,0,0.0185592,0,0.0304214,0.0324037,0.0386934,0.0263435,0.0177778,0.0422793,0.0310259,0.0357841,0,0.0252626,0.0187502,0.0304812,0.0321074,0.0182518,0.0277803,0.0131299,0.0135542,0.0357155,0.0505648,0.015123,0.00646978,0,0,0.0977296,0,0.0260897
94,0.0127285,0,0,0,0,0.013256,0,0,0,0,0,0,0.040026,0.0239849,0.0367299,0.0136496,0,0,0.00885262,0,0.0309868,0.00540005,0.0382198,0.0376294,0.0125216,0.0201475,0.0345396,0.0337637,0.0212223,0.0227447,0.0214108,0.0100563,0.0145778,0.0117209,0.0175994,0.0418794,0.02071,0.00476239,0.0186262,0.0307405,0.0199921,0.0156382,0.0155228,0,0,0.0186399,0,0.0302572,0.0314436,0.0386212,0.0266866,0.0177917,0.0422897,0.0308243,0.0358775,0,0.0253365,0.0188324,0.0304297,0.0320214,0.0180722,0.0277271,0.0132875,0.0140766,0,0.0498642,0.0140518,0.00551676,0,0,0.0976803,0,0.0228692
95,0.0113001,0,0,0,0,0.012173,0,0,0,0,0,0,0.0400592,0.0234291,0.0367018,0.0139049,0,0,0.0111729,0,0.0301744,0.00699407,0.0382388,0.0373781,0.0127151,0.0202256,0.0348287,0.0344168,0.0212192,0.0228261,0.0214772,0.0101037,0.0146107,0.0117774,0.0175416,0.0419064,0.0220858,0.00380408,0.0188583,0.0306966,0.0201643,0.0157622,0.0140079,0,0,0.017637,0,0.0304218,0.0287537,0.0385912,0.0268601,0.0178698,0.0424236,0.0309714,0.0354323,0,0.0255794,0.018974,0.0304587,0.0321245,0.0179914,0.0276556,0.0134369,0.0147185,0.0303553,0.0471967,0.0131468,0.0045336,0,0,0.0977164,0,0.019873
96,0.00990506,0,0,0,0,0.0110478,0,0,0,0,0,0,0.0401352,0.0231229,0.0366032,0.0139779,0,0,0.0134606,0,0.0301011,0.00858016,0.038274,0.0371854,0.012803,0.0202695,0.0349399,0.0351732,0.0211822,0.0228492,0.0214561,0.0101292,0.0146276,0.0117993,0.0174915,0.041853,0.0235522,0.003469,0.0191656,0.0305823,0.0203493,0.0159494,0.0124735,0,0,0.0177705,0,0.0303439,0.0261802,0.0385881,0.0270642,0.0179666,0.0425313,0.0309173,0.0348844,0,0.0258205,0.0190758,0.0305378,0.0321594,0.0179229,0.027601,0.0136545,0.0155323,0.0263063,0.0447123,0.0121385,0.0037944,0,0,0.0978091,0,0.0175148
97,0.00869359,0,0,0,0,0.010098,0,0,0,0,0,0,0.0399982,0.0227601,0.0365215,0.0135754,0,0,0.0151223,0,0.0300696,0.00983815,0.0383155,0.0371104,0.0128642,0.0202713,0.0350899,0.0358267,0.0211531,0.0229078,0.0213661,0.0101687,0.0146622,0.0118471,0.0174357,0.041804,0.0245485,0.00350081,0.019414,0.030462,0.0205143,0.0164083,0.0109687,0,0,0.0183641,0,0.030283,0.0234903,0.0386233,0.027193,0.0180754,0.0425936,0.0309191,0.0341891,0,0.0260046,0.0191837,0.0305387,0.032111,0.0178279,0.0275158,0.0139135,0.0163873,0.0219463,0.0414038,0.0112619,0.00342698,0,0,0.0978839,0,0.0157412
98,0.00771367,0,0,0,0,0.0094284,0,0,0,0,0,0,0.0399792,0.0225386,0.0364359,0.0127081,0,0,0.0164431,0,0.0302186,0.0109337,0.0382652,0.0370203,0.0129378,0.0202876,0.0353731,0.0362737,0.0211525,0.0229999,0.0213124,0.0102586,0.0147458,0.0118797,0.0173953,0.0417806,0.0252094,0.00370757,0.0195972,0.0303172,0.0206696,0.0171072,0.00947935,0,0,0.019371,0,0.0301452,0.0208505,0.0387082,0.0272948,0.0179773,0.0426034,0.0311349,0.0332953,0,0.0261269,0.0192327,0.0304908,0.0320001,0.0177404,0.0274489,0.0141347,0.0172346,0.0171796,0.0378141,0.0106438,0.00360515,0,0,0.0978804,0,0.0145728
99,0.00710952,0,0,0,0,0.00902544,0,0,0,0,0,0,0.0401854,0.022405,0.0363992,0.012628,0,0,0.0176159,0,0.0303332,0.0119651,0.0381828,0.036759,0.0130874,0.0203956,0.0356602,0.0369784,0.0211605,0.023109,0.0213626,0.0103941,0.0148185,0.0118959,0.0173763,0.0418263,0.0257879,0.00398187,0.0196619,0.0302619,0.0207262,0.0180461,0.0082009,0,0,0.0207705,0,0.0300502,0.0184051,0.0387475,0.0273345,0.0178434,0.0425582,0.0313467,0.0321695,0,0.0262391,0.0192516,0.0304325,0.0318908,0.0177127,0.0274325,0.0141293,0.0179978,0.0115954,0.0342236,0.0101665,0.0044423,0,0,0.097942,0,0.0137363
100,0.00721935,0,0,0,0,0.00913895,0,0,0,0,0,0,0.0402232,0.0223585,0.0364865,0.0127876,0,0,0.0187405,0,0.0304254,0.0129315,0.0382231,0.0363676,0.0132055,0.0205496,0.0360699,0.0378468,0.0212257,0.0232341,0.0214935,0.0105116,0.0148527,0.0119086,0.0173591,0.0419014,0.0261567,0.00423513,0.0196272,0.0303101,0.020721,0.018219,0.00751734,0,0,0.0225231,0,0.0300054,0.0166353,0.0388315,0.0272968,0.0177445,0.0424717,0.0317196,0.0308426,0,0.0262751,0.0192334,0.0303864,0.0317732,0.0177081,0.027412,0.0140552,0.0183884,0.00575904,0.0306786,0.00999215,0.00583524,0,0,0.0982946,0,0.0131951
101,0.0127704,0,0,0,0,0.0147031,0,0,0,0,0,0,0.0403875,0.0222206,0.0366129,0.0128047,0,0,0.0203021,0,0.0303766,0.0140267,0.0382028,0.0362855,0.0131096,0.0207548,0.0362314,0.0392257,0.0213157,0.0234106,0.0216898,0.0105982,0.0149885,0.0118876,0.0173819,0.0420596,0.027169,0.00466971,0.019513,0.0301719,0.0206682,0.0175059,0.0139867,0,0,0.0239302,0,0.0296663,0.0165982,0.0389567,0.027174,0.0176776,0.0424501,0.0318112,0.0166833,0,0.0262703,0.0191633,0.0304732,0.0319631,0.0177737,0.0274341,0.0139766,0.0102169,0.00168243,0.0283931,0.0131867,0.0133656,0,0,0.0983513,0,0.0128944
102,0.0127728,0,0,0,0,0.0142188,0,0,0,0,0,0,0.0401946,0.0223318,0.0365981,0.0128783,0,0,0.0200686,0,0.0300973,0.0140915,0.0382978,0.0362852,0.0130846,0.0207033,0.0362715,0.03893,0.0212134,0.0233498,0.0216375,0.0105494,0.0149661,0.0119109,0.0173524,0.0420673,0.0266429,0.00472944,0.0193827,0.0301803,0.0205352,0.0172533,0.0134117,0,0,0.0255561,0,0.0296888,0.01704,0.0390212,0.0269956,0.0176712,0.0424122,0.031905,0.0187963,0,0.0261841,0.0190778,0.0304641,0.0319643,0.0177249,0.0273537,0.0139251,0.0123695,0.00618719,0.0261276,0.0128142,0.0134254,0,0,0.0980199,0,0.0126367
103,0.0129695,0,0,0,0,0.0138185,0,0,0,0,0,0,0.0402,0.0225189,0.0365986,0.0129059,0,0,0.0201863,0,0.0298961,0.0142154,0.0383731,0.0363356,0.0130209,0.0206692,0.0362236,0.038664,0.0211671,0.0232625,0.0215735,0.0105781,0.01499,0.0119556,0.0173675,0.0420542,0.0260353,0.00499716,0.0192856,0.0303291,0.0204695,0.0169952,0.0129141,0,0,0.0273145,0,0.0298883,0.0180285,0.039086,0.0269234,0.0177312,0.0422687,0.0319529,0.0208381,0,0.0259511,0.0188479,0.0304094,0.0318554,0.0177024,0.0272852,0.0139771,0.0143047,0.0101008,0.0245733,0.0124249,0.0135925,0,0,0.0976157,0,0.0123893
104,0.0130372,0,0,0,0,0.0134326,0,0,0,0,0,0,0.040392,0.0226531,0.0365798,0.0129861,0,0,0.0204258,0,0.0297094,0.0143272,0.038465,0.0365558,0.0129479,0.0206662,0.0360662,0.0388643,0.0211797,0.0232365,0.0215508,0.010626,0.0150162,0.0119104,0.0174212,0.0420014,0.0258073,0.00520842,0.0191518,0.0305193,0.020362,0.0164796,0.0124434,0,0,0.0292775,0,0.0301405,0.0193236,0.0391508,0.0267758,0.0178657,0.0421654,0.0318809,0.022682,0,0.0257001,0.0186998,0.0304281,0.0318686,0.0178001,0.0272757,0.0140297,0.0160289,0.0135694,0.0234819,0.0120323,0.0135877,0,0,0.0974815,0,0.0122822
105,0.0130981,0,0,0,0,0.0131746,0,0,0,0,0,0,0.0404477,0.0229181,0.0365482,0.0131664,0,0,0.0205564,0,0.0295112,0.0144369,0.0385314,0.037057,0.0129407,0.0205953,0.0360069,0.0390365,0.0211669,0.0232031,0.0215405,0.0106403,0.0150061,0.0119049,0.0174977,0.0419259,0.0256734,0.00538851,0.0190586,0.0306171,0.0202035,0.0162691,0.0120486,0,0,0.030861,0,0.0302965,0.020635,0.0391785,0.0265776,0.0179535,0.0421058,0.0318473,0.0242502,0,0.0255425,0.0186018,0.0304605,0.0318885,0.0179167,0.0272804,0.0140108,0.017592,0.017016,0.0223211,0.0117785,0.0135907,0,0,0.0973841,0,0.0121075
106,0.0131787,0,0,0,0,0.0130348,0,0,0,0,0,0,0.0403806,0.0234746,0.0365652,0.0132538,0,0,0.0208408,0,0.0293562,0.0146465,0.0382865,0.0373213,0.012989,0.0204838,0.0359315,0.0391407,0.0211124,0.023094,0.0215007,0.0105813,0.0149416,0.0118843,0.0175627,0.0418544,0.0254714,0.00558415,0.018948,0.0305434,0.0200161,0.0162729,0.0117419,0,0,0.0320356,0,0.0302697,0.0217629,0.0390678,0.0263827,0.0179618,0.0420691,0.0317291,0.0254729,0,0.0254245,0.0185453,0.0304968,0.0318839,0.0179922,0.0272735,0.0138096,0.0189093,0.0204133,0.0209385,0.0116156,0.0136099,0,0,0.0972733,0,0.0118356
107,0.0133136,0,0,0,0,0.0129205,0,0,0,0,0,0,0.0402717,0.0240185,0.0365469,0.0132745,0,0,0.0212179,0,0.029284,0.0149299,0.0381177,0.0373364,0.0131838,0.0203818,0.0358142,0.0392117,0.0210869,0.0229753,0.0214375,0.0105239,0.0149067,0.0118661,0.0175827,0.041806,0.0254381,0.00567032,0.0187538,0.0304903,0.0198599,0.0162653,0.0114758,0,0,0.0331127,0,0.0302412,0.0226754,0.0389343,0.0261564,0.0179246,0.0420167,0.0315914,0.0266481,0,0.0253011,0.0185012,0.030552,0.0319273,0.0180712,0.0273043,0.0135317,0.0200857,0.0235426,0.0195854,0.0115013,0.0136697,0,0,0.0973128,0,0.0116982
108,0.0134444,0,0,0,0,0.0129227,0,0,0,0,0,0,0.0401519,0.0243207,0.036492,0.0132838,0,0,0.0214272,0,0.0291879,0.0151827,0.0381203,0.037278,0.0131531,0.0203581,0.0358503,0.0392866,0.0210335,0.0229382,0.0214304,0.0105086,0.0149379,0.0118354,0.0175651,0.0417272,0.0252587,0.00565203,0.0185515,0.0305467,0.0197207,0.0162598,0.0112346,0,0,0.0339231,0,0.0303049,0.0233886,0.038967,0.0259194,0.0179244,0.0419619,0.0315879,0.0278714,0,0.0252114,0.0184546,0.0305704,0.0319446,0.0180979,0.0272937,0.0134208,0.0213265,0.0264811,0.0183816,0.0116323,0.0137972,0,0,0.0972794,0,0.0116134
109,0.0135955,0,0,0,0,0.012994,0,0,0,0,0,0,0.0400883,0.0245016,0.0364955,0.0132902,0,0,0.0214783,0,0.0291659,0.0153747,0.0383199,0.0373094,0.0130618,0.0203574,0.0359847,0.0393415,0.0209838,0.0229449,0.0214159,0.0105171,0.014973,0.0118476,0.0175574,0.0417413,0.024985,0.00553011,0.0183989,0.0304996,0.0195801,0.0162762,0.0109984,0,0,0.0342057,0,0.0302569,0.0239607,0.0390987,0.0256974,0.0179895,0.0419364,0.0316768,0.0290121,0,0.0251242,0.018407,0.0305485,0.0319596,0.0180966,0.0272336,0.0134718,0.022488,0.029217,0.0171937,0.0118838,0.0139698,0,0,0.097166,0,0.0115775
110,0.0138001,0,0,0,0,0.0131386,0,0,0,0,0,0,0.0399551,0.0246407,0.036494,0.0133487,0,0,0.0215044,0,0.029173,0.0157446,0.0384312,0.0373535,0.0130279,0.0203227,0.0360738,0.0393446,0.0208813,0.0228814,0.0213344,0.0105172,0.0149578,0.0118632,0.0175456,0.041746,0.0250358,0.00540731,0.0183898,0.0305001,0.0194629,0.0163141,0.0107693,0,0,0.0345827,0,0.0302956,0.0247054,0.0392798,0.0255387,0.0180706,0.0419181,0.0317702,0.0302471,0,0.0250485,0.0184084,0.0305344,0.0319725,0.0181005,0.027178,0.0135221,0.0237324,0.0319917,0.0160543,0.0121796,0.014192,0,0,0.0970767,0,0.0113879
111,0.0140508,0,0,0,0,0.0133643,0,0,0,0,0,0,0.0400951,0.0247614,0.0365047,0.0134173,0,0,0.0213064,0,0.0291714,0.0160668,0.0384391,0.0374132,0.0130596,0.0202953,0.036257,0.0392392,0.0207698,0.0227952,0.0212663,0.0105303,0.0149828,0.0118759,0.0175585,0.0417788,0.0247589,0.00506608,0.0183854,0.030492,0.0193862,0.0164367,0.0105833,0,0,0.0347856,0,0.0303143,0.0254259,0.0394471,0.0254379,0.0180658,0.0418768,0.0319469,0.0313617,0,0.0249929,0.0184158,0.0305297,0.0319557,0.0181026,0.0271346,0.0136446,0.024795,0.0342558,0.0149256,0.0125632,0.0144694,0,0,0.0970371,0,0.0113105
112,0.0144604,0,0,0,0,0.0137147,0,0,0,0,0,0,0.0401269,0.0248459,0.0364758,0.0134945,0,0,0.0210284,0,0.0291464,0.0164477,0.0383593,0.0374654,0.0131094,0.0202125,0.0364562,0.0390363,0.0206407,0.0226783,0.0211842,0.0105157,0.0149561,0.0118755,0.0175737,0.0417694,0.0243552,0.00462658,0.0182197,0.0304787,0.0193156,0.0164709,0.0105458,0,0,0.0348198,0,0.0302893,0.0261012,0.0393234,0.0252935,0.0179778,0.0418624,0.032133,0.0322842,0,0.024862,0.0183048,0.0305335,0.0319575,0.0181352,0.0271488,0.0135446,0.0256555,0.0361329,0.0138572,0.0130364,0.0148823,0,0,0.0968434,0,0.0114468
113,0.0145765,0,0,0,0,0.0138431,0,0,0,0,0,0,0.0399637,0.0250693,0.0364608,0.013543,0,0,0.0210111,0,0.0292278,0.0169342,0.0383345,0.0374988,0.0131227,0.0201344,0.0365836,0.0392961,0.0204839,0.0225528,0.0210897,0.0105029,0.0149173,0.0118678,0.0175697,0.0417172,0.0245494,0.0042577,0.0181536,0.0304944,0.0192861,0.0164551,0.0104641,0,0,0.0347684,0,0.030292,0.0267116,0.0392363,0.025209,0.0179883,0.0418974,0.0321947,0.0329407,0,0.0247596,0.0182107,0.0305326,0.0319361,0.0181385,0.02714,0.0134249,0.0262447,0.0378755,0.0128922,0.0132312,0.0150398,0,0,0.0967422,0,0.011585
114,0.0148164,0,0,0,0,0.014068,0,0,0,0,0,0,0.0398888,0.0253985,0.036509,0.0135403,0,0,0.0210514,0,0.0294669,0.0173834,0.0383852,0.0375869,0.0131532,0.0200957,0.0366838,0.0395974,0.0202778,0.0224118,0.0210092,0.0105338,0.0149627,0.0118587,0.0175763,0.0417588,0.0248824,0.00405173,0.0182985,0.0305099,0.0193159,0.0165057,0.010464,0,0,0.0347692,0,0.030309,0.0273416,0.0393173,0.0252803,0.0180605,0.0419123,0.0322187,0.0334851,0,0.0247858,0.0182368,0.0305486,0.0319033,0.0180997,0.027119,0.0136078,0.0267534,0.0394529,0.0120502,0.0134442,0.0152578,0,0,0.0968347,0,0.01155
115,0.0152023,0,0,0,0,0.0143757,0,0,0,0,0,0,0.040286,0.0255322,0.036577,0.0134568,0,0,0.020972,0,0.0296134,0.0176711,0.038453,0.037702,0.0131956,0.0201335,0.0366476,0.03959,0.0200208,0.0222733,0.0209642,0.0105801,0.015007,0.0118194,0.0176117,0.0419025,0.0249869,0.00388418,0.0186415,0.0305524,0.0194026,0.0166041,0.0105779,0,0,0.0348757,0,0.0303683,0.0279395,0.03958,0.0255112,0.0182071,0.0419355,0.0320963,0.0339593,0,0.0249832,0.0184236,0.0306044,0.0319068,0.0180202,0.0271151,0.0141832,0.0272764,0.040929,0.0113478,0.0137111,0.0155877,0,0,0.0971614,0,0.0116384
116,0.0157553,0,0,0,0,0.0148019,0,0,0,0,0,0,0.0405913,0.0254916,0.0366538,0.0133667,0,0,0.0207429,0,0.02966,0.0178394,0.038591,0.037704,0.0132832,0.0202328,0.0365324,0.0394806,0.0196918,0.022196,0.020951,0.0106882,0.0151136,0.0118121,0.0176008,0.0421335,0.0250387,0.00378692,0.0188651,0.0306097,0.0194922,0.0165732,0.0108304,0,0,0.0350452,0,0.0304337,0.028455,0.0398089,0.0256741,0.018341,0.0419803,0.0319407,0.0343654,0,0.0251996,0.0186365,0.0306576,0.0319646,0.0179655,0.0271429,0.0146818,0.0277286,0.0423733,0.0106644,0.0141126,0.0160638,0,0,0.0974866,0,0.0118581
117,0.0155598,0,0,0,0,0.0145339,0,0,0,0,0,0,0.0408157,0.0254693,0.036725,0.0132558,0,0,0.0206427,0,0.0297253,0.0178808,0.0386295,0.0376497,0.0133088,0.0203872,0.036315,0.0399117,0.0193812,0.02219,0.0209754,0.0108734,0.0153226,0.0118225,0.0175913,0.0423394,0.0254376,0.00381079,0.0189118,0.030723,0.0195505,0.0163056,0.0105705,0,0,0.0351358,0,0.0305367,0.028371,0.0399193,0.0257458,0.0183753,0.0419519,0.0317136,0.0348944,0,0.0252632,0.018649,0.0307141,0.0320699,0.018025,0.0272432,0.0147538,0.0279234,0.0435081,0.0098204,0.01397,0.0158298,0,0,0.0975242,0,0.0120351
118,0.0155827,0,0,0,0,0.0143627,0,0,0,0,0,0,0.0410073,0.0254462,0.036803,0.0131385,0,0,0.020481,0,0.0297495,0.0178795,0.0386506,0.037633,0.013292,0.0205254,0.0360274,0.0403111,0.0190717,0.0222391,0.0209494,0.0110285,0.0154614,0.0117795,0.0175687,0.0425205,0.0254692,0.00392199,0.0189406,0.0308148,0.019522,0.016181,0.0104446,0,0,0.0352788,0,0.0305047,0.0281082,0.0399217,0.0257517,0.0183538,0.0419072,0.0314077,0.0351837,0,0.0252809,0.0185459,0.0307592,0.0321709,0.0181361,0.0273295,0.0145793,0.0281434,0.0442303,0.00892052,0.0138415,0.0157545,0,0,0.097526,0,0.012136
