Timestep,C7,CLAV,IMUL_L,IMUL_M,IMUL_R,IMUR_B,IMUR_M,IMUR_T,L5FT,L5HD,LANK,LASI,LBHD,LEAR,LELB,LFHD,LFIN,LFRM,LGTR,LHEE,LILC,LKNE,LPSI,LSHO,LTHI,LTHIA,LTHII,LTHIP,LTIB,LTIBA,LTIBI,LTIBP,LTOE,LUPA,LWRA,LWRB,R5FT,R5HD,RANK,RASI,RBAK,RBHD,REAR,RELB,RFHD,RFIN,RFRM,RGTR,RHEE,RILC,RKNE,RPSI,RSHO,RTHI,RTHIA,RTHII,RTHIP,RTIB,RTIBA,RTIBI,RTIBP,RTOE,RUPA,RWRA,RWRB,STRN,T10,WBL,WBR,WFL,WFM,WFR,x75,x78,x79,x72
All Timesteps RMSE,0.0106626,0.00688977,0,0,0,0,0,0,0.0417729,0.0194267,0.0298086,0.0112153,0,0,0.00988375,0,0.0150886,0.00586499,0.0399158,0.033623,0.0109247,0.027825,0.0167609,0.0104971,0.0124331,0.0212562,0.0164788,0.0153559,0.00919605,0.0140314,0.00909457,0.0190695,0.0462488,0.00801592,0.0128732,0.003785,0.0169432,0.0163404,0.0102874,0.0110508,0.0103295,0,0,0.0209696,0,0.00992267,0.014578,0.05888,0.0151317,0.0161207,0.0112675,0.013447,0.0180547,0.00557664,0.0315146,0.0106802,0.00920705,0.00819664,0.0106091,0.00852782,0.0126832,0.0218008,0.0187833,0.0122006,0.00902735,0.00630182,0.0106487,0,0,0,0,0,0,0,0,0
0,0.00897746,0.0108979,0,0,0,0,0,0,0.0179851,0.0206898,0.0299502,0.00900193,0,0,0.00818655,0,0.0129313,0.00574869,0.0405196,0.0339329,0.0127138,0.0179566,0.0098263,0.0112357,0.0117866,0.0196149,0.0111038,0.0110919,0.00718706,0.00904154,0.0085866,0.0164437,0.0106916,0.00792096,0.0130007,0.00502177,0.010087,0.0175898,0.00603626,0.0171987,0.00910899,0,0,0.0181882,0,0.00961495,0.012082,0.0479484,0.00814991,0.0096341,0.0145988,0.0177052,0.0119259,0.00473241,0.0282814,0.0108292,0.0104941,0.00528563,0.00854804,0.00292158,0.00629034,0.0160147,0.0160355,0.0129375,0.00935588,0.0113745,0.0114182,0,0,0,0,0,0,0,0,0
1,0.0091944,0.0101084,0,0,0,0,0,0,0.0169618,0.0206181,0.0316857,0.00949886,0,0,0.00879691,0,0.0127347,0.005679,0.0407642,0.032975,0.0130258,0.0179973,0.00976823,0.0111094,0.0118298,0.0188003,0.0110686,0.0115205,0.00684868,0.00849999,0.00826274,0.0168061,0.00692772,0.00821628,0.0126904,0.00482464,0.0112642,0.017539,0.00441011,0.0172231,0.00940128,0,0,0.0187892,0,0.00959964,0.0123639,0.0471679,0.00718326,0.00962832,0.0134336,0.0175289,0.0124636,0.0046808,0.0276431,0.0111511,0.010523,0.00395585,0.00896475,0.00322969,0.00578559,0.0148803,0.0165867,0.0138921,0.0094455,0.0104117,0.0115474,0,0,0,0,0,0,0,0,0
2,0.00940938,0.0093772,0,0,0,0,0,0,0.0190266,0.0207193,0.0334365,0.0102957,0,0,0.00997094,0,0.0129179,0.00604054,0.0409103,0.033587,0.0129231,0.0180213,0.00971459,0.0112566,0.0119699,0.0171469,0.0109495,0.0115132,0.00620736,0.00808888,0.00809007,0.0173118,0.00862594,0.00888545,0.0128622,0.00469904,0.0119893,0.0175189,0.00381102,0.0173159,0.00980649,0,0,0.0194854,0,0.0095694,0.0126722,0.0468982,0.00529789,0.00976798,0.0129861,0.0173433,0.012973,0.00446576,0.0273525,0.0112041,0.0102322,0.00295752,0.00914243,0.00329597,0.00523628,0.0147234,0.0171445,0.0133353,0.0095298,0.0093759,0.0117602,0,0,0,0,0,0,0,0,0
3,0.00956862,0.00869456,0,0,0,0,0,0,0.0231372,0.0207663,0.0347183,0.0111735,0,0,0.011233,0,0.0128928,0.00647956,0.0411382,0.0348438,0.0126671,0.0178176,0.00983293,0.0114274,0.0114892,0.0148894,0.0106192,0.0113927,0.0055544,0.00797335,0.00795714,0.017871,0.0146762,0.00954936,0.0128933,0.00461151,0.0123211,0.0175631,0.00359582,0.0175,0.0101483,0,0,0.0203085,0,0.00956984,0.0130306,0.0470326,0.00476009,0.00996927,0.0126525,0.0173227,0.0134366,0.00439626,0.0275584,0.0109145,0.00988793,0.00236395,0.00907198,0.00286683,0.00420644,0.0144043,0.0177041,0.0131998,0.0095646,0.00833454,0.0119525,0,0,0,0,0,0,0,0,0
4,0.00967805,0.00813721,0,0,0,0,0,0,0.0272551,0.0209062,0.0352283,0.012006,0,0,0.0124301,0,0.0128965,0.00708138,0.0415069,0.0357116,0.0123523,0.0169739,0.0101781,0.0114492,0.0107874,0.0123949,0.0102817,0.0115914,0.00515524,0.00805437,0.00780175,0.0184967,0.021502,0.0101602,0.0129743,0.00446193,0.0121122,0.0176062,0.00353863,0.0175768,0.0104715,0,0,0.0211316,0,0.0095601,0.0133427,0.0474244,0.00434647,0.0100888,0.0118288,0.0175332,0.0137542,0.00488448,0.0283265,0.0103618,0.00993897,0.00215339,0.00881927,0.002031,0.00304259,0.013653,0.0182712,0.0136708,0.009484,0.00759019,0.0121066,0,0,0,0,0,0,0,0,0
5,0.00965193,0.00764954,0,0,0,0,0,0,0.030647,0.021042,0.0349283,0.0128915,0,0,0.0133192,0,0.0128138,0.00761087,0.0418847,0.0355715,0.0118586,0.0154721,0.0107746,0.0113451,0.0103237,0.0100384,0.0100276,0.0120175,0.00485307,0.00831684,0.00764734,0.019146,0.0285981,0.0105385,0.0128817,0.00436061,0.0117294,0.0176933,0.00373437,0.0176351,0.0108521,0,0,0.0220847,0,0.00956302,0.0136516,0.0478326,0.00382902,0.00998559,0.011142,0.0179752,0.0139694,0.00545306,0.0291594,0.00974981,0.0100436,0.00239317,0.00845143,0.00114615,0.00273523,0.0130369,0.0188769,0.0142859,0.00925122,0.00694537,0.0123026,0,0,0,0,0,0,0,0,0
6,0.00967835,0.00734723,0,0,0,0,0,0,0.0348928,0.0212307,0.0337773,0.0139653,0,0,0.014153,0,0.012789,0.00820495,0.0422158,0.0341793,0.0115606,0.013839,0.0118391,0.0113491,0.00971719,0.00830947,0.00977775,0.0123192,0.00463378,0.00805483,0.00749721,0.0197886,0.0361683,0.010874,0.0128646,0.00432826,0.0114101,0.0177782,0.00400315,0.0178458,0.0113221,0,0,0.0231062,0,0.00960637,0.0139899,0.0479604,0.00357463,0.00986392,0.0107145,0.0186066,0.0140975,0.00579182,0.0297397,0.0094227,0.0101042,0.00276511,0.0081899,0.000803414,0.00306647,0.012537,0.0194848,0.014452,0.0092449,0.00677614,0.0125526,0,0,0,0,0,0,0,0,0
7,0.00968808,0.0070838,0,0,0,0,0,0,0.0405084,0.0214551,0.0324591,0.0151204,0,0,0.0147262,0,0.0126832,0.00823047,0.0423587,0.0321928,0.0112785,0.0124145,0.0132797,0.0111943,0.00866947,0.00695621,0.00906898,0.0121099,0.00430444,0.00763014,0.00754083,0.0202841,0.0447231,0.0109614,0.0126543,0.00429616,0.0111957,0.0177692,0.00386259,0.0178625,0.0117286,0,0,0.0241358,0,0.00964136,0.0144124,0.0479066,0.00299857,0.00982132,0.0100395,0.0191951,0.0144244,0.00552986,0.0299543,0.00974079,0.0102785,0.00257215,0.00810189,0.000743138,0.00281962,0.0119278,0.0202177,0.0146026,0.00925285,0.00660109,0.0127437,0,0,0,0,0,0,0,0,0
8,0.00959823,0.00666062,0,0,0,0,0,0,0.0466228,0.0217917,0.0319002,0.0158607,0,0,0.0152313,0,0.0124687,0.0083717,0.0421366,0.0320028,0.0106944,0.0103919,0.0144255,0.0109044,0.00747988,0.00502065,0.00779109,0.0111886,0.00356535,0.00820697,0.00786681,0.0204222,0.0540372,0.0109931,0.0125445,0.00422708,0.011182,0.0177721,0.0032001,0.0174651,0.0118979,0,0,0.0250963,0,0.00969294,0.0148183,0.0479633,0.00182304,0.00988608,0.00822515,0.0192546,0.0149069,0.00478302,0.0299026,0.0110286,0.0110945,0.00172898,0.00814022,0.00126036,0.00231624,0.0111884,0.0209281,0.0145395,0.00910337,0.00631605,0.0127305,0,0,0,0,0,0,0,0,0
9,0.00961245,0.00631874,0,0,0,0,0,0,0.0521729,0.0220369,0.032267,0.0162237,0,0,0.0159394,0,0.0123339,0.00881298,0.0415053,0.0339038,0.00998192,0.00889059,0.0152438,0.0107422,0.00701639,0.00390429,0.00666821,0.0106785,0.0029884,0.00891118,0.0082796,0.0207741,0.0628253,0.0113904,0.0125268,0.00427346,0.0111891,0.017695,0.00259668,0.0168415,0.0120455,0,0,0.0258682,0,0.00972998,0.0152083,0.0482867,0.00164911,0.0100743,0.00672955,0.0187733,0.0153441,0.00481401,0.0297355,0.011911,0.0118248,0.0010335,0.00822569,0.0022816,0.00317871,0.0103869,0.0214914,0.0147493,0.00911001,0.00606504,0.0126575,0,0,0,0,0,0,0,0,0
10,0.00955871,0.00587975,0,0,0,0,0,0,0.0576794,0.0222462,0.0334034,0.016405,0,0,0.0165548,0,0.0121912,0.00924511,0.0406993,0.0363826,0.00920108,0.007757,0.0158864,0.0106223,0.00620924,0.00356907,0.00572155,0.0103331,0.003083,0.0100751,0.00888121,0.0212505,0.0708847,0.0119198,0.0124307,0.00430592,0.0110583,0.0176202,0.00250125,0.0160941,0.0121667,0,0,0.0264978,0,0.00978448,0.0155326,0.0488082,0.0030995,0.0103239,0.00604769,0.0179887,0.0158523,0.00535547,0.0296101,0.00997663,0.0105143,0.00156848,0.00829496,0.00329205,0.00482367,0.00975047,0.0219695,0.0147735,0.00932336,0.00581687,0.0125771,0,0,0,0,0,0,0,0,0
11,0.00949077,0.00551452,0,0,0,0,0,0,0.0629834,0.0224324,0.0348089,0.0164176,0,0,0.017,0,0.0120232,0.00958925,0.0398601,0.0387143,0.00834387,0.00737088,0.0164104,0.010532,0.00524595,0.00400385,0.0047494,0.0100417,0.00384784,0.0118452,0.00950579,0.0217918,0.0779891,0.0121312,0.0123602,0.00428708,0.010909,0.0177485,0.00303559,0.0153291,0.0122283,0,0,0.0269202,0,0.00986557,0.0156101,0.0493755,0.00468488,0.0105977,0.00555511,0.0171488,0.0162859,0.00621483,0.0295385,0.00859644,0.00956577,0.00229135,0.00828468,0.00411058,0.00627705,0.00913665,0.0223157,0.0150504,0.00929169,0.00556926,0.0124673,0,0,0,0,0,0,0,0,0
12,0.00928052,0.00519149,0,0,0,0,0,0,0.0676694,0.0225078,0.0364548,0.0163311,0,0,0.0171207,0,0.0118995,0.00966722,0.0390869,0.0411056,0.00754507,0.00793654,0.0168502,0.0104086,0.00432258,0.00461049,0.00395632,0.00966738,0.00500242,0.0142012,0.0102832,0.0223402,0.0838825,0.0120177,0.0123051,0.00436459,0.0106457,0.0177993,0.00376149,0.0147422,0.0120805,0,0,0.0270017,0,0.00990013,0.0154849,0.0498172,0.0062594,0.0111128,0.00505795,0.0167104,0.016664,0.00628556,0.0295793,0.00804757,0.00895989,0.00269902,0.00827439,0.00468513,0.00726391,0.00848604,0.0225262,0.0150795,0.00925024,0.00522051,0.012306,0,0,0,0,0,0,0,0,0
13,0.009067,0.00500749,0,0,0,0,0,0,0.0712716,0.0225681,0.038123,0.0160249,0,0,0.0170832,0,0.011916,0.00962217,0.0385153,0.0434968,0.00675633,0.00944626,0.0171868,0.0102092,0.00366666,0.00503457,0.00374481,0.00919511,0.00627299,0.0166387,0.0110565,0.022866,0.0884989,0.0119444,0.0123133,0.00450567,0.0104538,0.0177869,0.0043019,0.0141086,0.0118678,0,0,0.0267941,0,0.00988043,0.0153261,0.050221,0.00781162,0.0116409,0.00453114,0.0164989,0.0170189,0.0052209,0.0296292,0.00775932,0.00840782,0.00292824,0.00824503,0.00515151,0.00794422,0.00799272,0.0225461,0.0154196,0.00957528,0.00487126,0.0121345,0,0,0,0,0,0,0,0,0
14,0.00886592,0.00495349,0,0,0,0,0,0,0.0738451,0.0226809,0.0399751,0.0155159,0,0,0.0170011,0,0.0118754,0.00958644,0.0379421,0.0457679,0.00588073,0.0105147,0.0174596,0.00991051,0.00351686,0.00500407,0.00407141,0.00863578,0.00738008,0.0187568,0.0119707,0.0233403,0.0918992,0.0120311,0.0122833,0.00416347,0.0104456,0.0177725,0.00496806,0.0132358,0.0116424,0,0,0.0265285,0,0.00984984,0.0151236,0.0507242,0.00935225,0.012036,0.00422224,0.0162896,0.0173651,0.00478614,0.0296445,0.00758873,0.00789389,0.00351868,0.00820887,0.00570636,0.00866009,0.00790781,0.0225842,0.0154501,0.0098229,0.00447971,0.0119554,0,0,0,0,0,0,0,0,0
15,0.00866839,0.00486537,0,0,0,0,0,0,0.0758769,0.022787,0.0418028,0.0150914,0,0,0.0170036,0,0.0118821,0.00964159,0.0371703,0.0479033,0.00503434,0.0104457,0.0177244,0.00969062,0.00297875,0.00484385,0.00436244,0.00803241,0.0082096,0.0202407,0.0127119,0.0237471,0.0940813,0.0122643,0.0122767,0.00376015,0.0105265,0.0178165,0.00580581,0.0124356,0.0115109,0,0,0.0262692,0,0.00984135,0.0151198,0.051295,0.0106553,0.012381,0.00447548,0.0160777,0.0177399,0.00546333,0.0296119,0.0074595,0.00742804,0.00409249,0.00820269,0.00627634,0.00959225,0.00807675,0.0226467,0.0152257,0.00976924,0.00396963,0.0117946,0,0,0,0,0,0,0,0,0
16,0.00850508,0.00470688,0,0,0,0,0,0,0.0769492,0.0228537,0.0432337,0.0147036,0,0,0.0170129,0,0.0119652,0.00963801,0.0361821,0.0497718,0.00423743,0.00961908,0.0180932,0.00956832,0.00191835,0.00435718,0.00457827,0.00745188,0.00875349,0.0211455,0.0132152,0.0240677,0.0949206,0.0124946,0.0123541,0.00370022,0.0105233,0.0178934,0.00687611,0.0118351,0.0114334,0,0,0.0260422,0,0.00983866,0.0151885,0.0519826,0.0118331,0.01277,0.00438436,0.0159426,0.018215,0.00541162,0.0295308,0.00696141,0.00699505,0.00468448,0.00830639,0.00702731,0.0108537,0.00816594,0.0227376,0.0154215,0.0094261,0.00341488,0.0116303,0,0,0,0,0,0,0,0,0
17,0.00838694,0.00456509,0,0,0,0,0,0,0.0769313,0.0229444,0.0442075,0.0145494,0,0,0.0168558,0,0.0120251,0.00961653,0.0351043,0.0511644,0.00353889,0.0099754,0.018642,0.00953581,0.0022948,0.00349407,0.00512717,0.00685814,0.00899247,0.0213846,0.0134721,0.0241635,0.0944515,0.0125171,0.0123803,0.00381175,0.0104131,0.017932,0.00794092,0.0114926,0.0114246,0,0,0.0259616,0,0.009816,0.015155,0.0527695,0.0134385,0.0132671,0.00385757,0.0159365,0.0187249,0.00510805,0.0294904,0.0060009,0.00627535,0.00543853,0.00845867,0.00791945,0.0121776,0.00812189,0.022854,0.0157912,0.00940195,0.00301584,0.0114608,0,0,0,0,0,0,0,0,0
18,0.00829819,0.00451275,0,0,0,0,0,0,0.076116,0.0229237,0.0445985,0.0147004,0,0,0.0166501,0,0.0120038,0.00966384,0.0341119,0.0518529,0.00299812,0.0110674,0.0192896,0.00947609,0.0037936,0.00352946,0.00607271,0.00642571,0.00905749,0.0209354,0.0136469,0.0240127,0.0930856,0.0124953,0.0122501,0.00382416,0.0103539,0.0180067,0.00876667,0.0113117,0.011439,0,0,0.0259055,0,0.00982722,0.0151221,0.0535505,0.0152865,0.0138392,0.0035544,0.0160133,0.0192052,0.00518286,0.0296057,0.00505405,0.00537389,0.00609794,0.00857362,0.00860314,0.0131823,0.00818432,0.0230368,0.015598,0.00967008,0.00277158,0.0112867,0,0,0,0,0,0,0,0,0
19,0.00833865,0.004613,0,0,0,0,0,0,0.0747278,0.0229324,0.0444593,0.0148933,0,0,0.0165018,0,0.0120702,0.0097112,0.0334806,0.0524577,0.00255328,0.0126667,0.0199777,0.00943888,0.00533125,0.00455621,0.00743644,0.0061998,0.00905237,0.0197709,0.0138062,0.023657,0.090965,0.0124112,0.0121169,0.00375445,0.0103888,0.0180388,0.00924686,0.0110108,0.0115349,0,0,0.0259171,0,0.00984884,0.0151297,0.0541547,0.0158931,0.0143443,0.00337053,0.0161204,0.0195713,0.00528108,0.0298799,0.00465882,0.00497703,0.00640295,0.00863599,0.009035,0.0138404,0.00857041,0.0231244,0.0154267,0.00972259,0.00278832,0.0111971,0,0,0,0,0,0,0,0,0
20,0.0084226,0.00480753,0,0,0,0,0,0,0.0728874,0.0229873,0.0440774,0.0151401,0,0,0.016511,0,0.012176,0.00976266,0.0333383,0.0533704,0.00218278,0.0151036,0.0206585,0.0094734,0.0069893,0.00630073,0.00930639,0.0061206,0.00892449,0.0177861,0.0137001,0.0231463,0.0882943,0.0122422,0.0120449,0.00368778,0.0104282,0.0179867,0.00943066,0.0104704,0.011698,0,0,0.0260494,0,0.00986396,0.0151977,0.0545955,0.0159862,0.0146656,0.00309056,0.0161467,0.0198761,0.00520688,0.0300454,0.0046198,0.00484233,0.0067419,0.00863515,0.00927272,0.0142424,0.0090977,0.0231872,0.0153863,0.00993743,0.00291322,0.0111939,0,0,0,0,0,0,0,0,0
21,0.00859188,0.00497629,0,0,0,0,0,0,0.0704431,0.0230385,0.0434868,0.0152901,0,0,0.0166309,0,0.0123038,0.00974347,0.0334755,0.0540415,0.00174005,0.0185697,0.0211135,0.009601,0.00894205,0.00930535,0.0117262,0.00617032,0.00890624,0.0152302,0.0134226,0.0224329,0.0848861,0.0121907,0.0119168,0.00361265,0.0103383,0.0179011,0.00962128,0.00969794,0.0118717,0,0,0.0264018,0,0.00985887,0.0153328,0.0549773,0.0164327,0.0149405,0.00273203,0.0160665,0.0201723,0.00521097,0.0301218,0.0045786,0.00469067,0.00710435,0.00865814,0.00953989,0.0147269,0.00960497,0.0234089,0.0153159,0.00996847,0.00294033,0.0112198,0,0,0,0,0,0,0,0,0
22,0.00872537,0.00506024,0,0,0,0,0,0,0.0674782,0.0230882,0.0427259,0.0154572,0,0,0.0166798,0,0.0122194,0.00969284,0.0337343,0.0542796,0.00134072,0.0229694,0.0214327,0.00973521,0.0111095,0.0129985,0.0147312,0.00642804,0.00939867,0.0127085,0.0132026,0.0215338,0.0808211,0.0122729,0.0118678,0.00351681,0.0102518,0.0180791,0.00981854,0.00893324,0.0120139,0,0,0.0269074,0,0.00989531,0.0154308,0.0553887,0.017168,0.0152395,0.00264445,0.0159927,0.0204374,0.00540901,0.0302411,0.00456777,0.00462414,0.00739313,0.00868365,0.00995319,0.0153205,0.00980719,0.0237227,0.015252,0.00960789,0.00291625,0.0112503,0,0,0,0,0,0,0,0,0
23,0.00876047,0.0050717,0,0,0,0,0,0,0.0643135,0.0231801,0.0422034,0.0155367,0,0,0.0165423,0,0.011991,0.00979479,0.0341239,0.0542301,0.00120725,0.0277514,0.0216476,0.0098127,0.0133758,0.0167997,0.0181729,0.00703217,0.0103179,0.0107295,0.0126349,0.0205354,0.0762624,0.0123214,0.0118842,0.0033972,0.0102347,0.0183449,0.0102135,0.00823226,0.012082,0,0,0.027367,0,0.00995352,0.0155756,0.0559073,0.0178713,0.0155484,0.00272062,0.0158918,0.0207602,0.00565714,0.0303157,0.00447179,0.00455984,0.00785425,0.00882658,0.0105493,0.016155,0.01007,0.0241036,0.0153114,0.00949301,0.00295902,0.0112156,0,0,0,0,0,0,0,0,0
24,0.00880686,0.00510687,0,0,0,0,0,0,0.0606466,0.0232967,0.0419301,0.0156109,0,0,0.0164785,0,0.0118379,0.00990869,0.0346372,0.0547702,0.0015794,0.0327756,0.021826,0.00987448,0.0158298,0.0207546,0.0214743,0.00821391,0.011516,0.00976427,0.0122255,0.0195503,0.0706713,0.0125284,0.01185,0.00330122,0.0100839,0.018333,0.0107605,0.00743291,0.0121508,0,0,0.0280933,0,0.00996854,0.0158812,0.05663,0.0186465,0.0159639,0.00263479,0.0156054,0.0210595,0.00575769,0.0304299,0.00428048,0.00433735,0.00847205,0.00902205,0.0110331,0.0170278,0.0108132,0.0246685,0.015486,0.0096967,0.00282241,0.0111663,0,0,0,0,0,0,0,0,0
25,0.00894079,0.00511835,0,0,0,0,0,0,0.0566582,0.0233945,0.0409771,0.0157909,0,0,0.0165911,0,0.0118915,0.00997691,0.0352255,0.0550399,0.00219016,0.0374729,0.0220068,0.00995952,0.0181214,0.0243594,0.0241978,0.00973894,0.012543,0.0101646,0.0121399,0.0185996,0.0649138,0.0127372,0.011841,0.00325653,0.010058,0.0182371,0.0112115,0.00688454,0.012235,0,0,0.0287472,0,0.0100087,0.0162255,0.0574383,0.0195667,0.0164396,0.00261554,0.0153146,0.0212697,0.00570701,0.0306351,0.00422216,0.00423066,0.00889686,0.00904764,0.0113342,0.0176362,0.0116956,0.0250436,0.0153265,0.00976945,0.0026814,0.0111491,0,0,0,0,0,0,0,0,0
26,0.0090452,0.00509594,0,0,0,0,0,0,0.0522562,0.023435,0.0399328,0.0161907,0,0,0.0166425,0,0.0118732,0.0099726,0.0358245,0.0548113,0.00272196,0.0417057,0.0222982,0.0100813,0.0201237,0.0273593,0.0265295,0.0113831,0.0132732,0.0116656,0.0121046,0.0177217,0.0585664,0.0128229,0.0117779,0.00323519,0.0102278,0.0182165,0.0114367,0.00656329,0.0123126,0,0,0.029211,0,0.0100287,0.0163353,0.058267,0.0200765,0.016937,0.0026461,0.0150914,0.0215046,0.00507191,0.0308877,0.00434898,0.00439013,0.00918968,0.00898861,0.0115787,0.0179885,0.0125544,0.0253557,0.0153251,0.00966579,0.00261331,0.0111225,0,0,0,0,0,0,0,0,0
27,0.00909835,0.00500705,0,0,0,0,0,0,0.0475395,0.0234546,0.0389406,0.0163534,0,0,0.0164868,0,0.0117048,0.00983562,0.0365907,0.0538124,0.00317608,0.045286,0.0226422,0.0101509,0.0218374,0.0298227,0.0285916,0.0130364,0.0137563,0.0134095,0.0120298,0.0169584,0.0518309,0.0127208,0.0116894,0.00320107,0.0104724,0.0182289,0.0116159,0.0062733,0.0124087,0,0,0.0294894,0,0.0100115,0.0163638,0.0590337,0.0202698,0.0172857,0.00233008,0.0147965,0.0218193,0.00421404,0.0310675,0.00434805,0.00473961,0.00960876,0.00886467,0.0119302,0.018347,0.0131929,0.0256565,0.0156058,0.00974226,0.00258869,0.0111042,0,0,0,0,0,0,0,0,0
28,0.00922805,0.00505321,0,0,0,0,0,0,0.0428112,0.0234575,0.0380321,0.0162374,0,0,0.0161492,0,0.011629,0.00974239,0.0374636,0.0523851,0.00352152,0.0479313,0.0229323,0.0101878,0.0231343,0.0317542,0.0300226,0.0145345,0.0138099,0.01458,0.0118537,0.0163558,0.0452703,0.0124672,0.011652,0.00321907,0.0107811,0.0182159,0.0124717,0.00600479,0.0125192,0,0,0.029494,0,0.00996666,0.016399,0.0596639,0.0213456,0.0176106,0.00214695,0.0145268,0.0220476,0.00349192,0.0308891,0.00364921,0.00450653,0.0106251,0.0090447,0.0128439,0.019501,0.0145457,0.0258306,0.0154831,0.00969677,0.00269603,0.0111025,0,0,0,0,0,0,0,0,0
29,0.00947742,0.00521671,0,0,0,0,0,0,0.0384261,0.0234242,0.037269,0.0161711,0,0,0.0158567,0,0.0116669,0.00960675,0.038336,0.0514494,0.0037535,0.0493296,0.0232407,0.0102527,0.0239958,0.0331957,0.0307553,0.0158049,0.0135705,0.0151173,0.0114775,0.0159524,0.0383381,0.0122425,0.0116352,0.00329766,0.0114815,0.0181908,0.0128343,0.00587336,0.0126666,0,0,0.0293396,0,0.00990821,0.0164163,0.0603793,0.0217988,0.0179682,0.00323275,0.0143393,0.0221325,0.00351606,0.0309301,0.00367101,0.0044537,0.01101,0.0091444,0.0131876,0.0201408,0.0161433,0.0258207,0.0150298,0.00954471,0.00286937,0.0111548,0,0,0,0,0,0,0,0,0
30,0.00972917,0.00546335,0,0,0,0,0,0,0.0347966,0.0233367,0.0365278,0.0160761,0,0,0.0153713,0,0.0116654,0.00925041,0.0391765,0.0502886,0.00397228,0.049788,0.0236662,0.0102854,0.0244055,0.0338301,0.0310119,0.0166534,0.0132035,0.0153906,0.0109183,0.0157437,0.0317173,0.0119541,0.0116489,0.00335438,0.0123219,0.0181111,0.0128163,0.00577752,0.0128501,0,0,0.0291322,0,0.00984698,0.0164657,0.0610618,0.0218954,0.0182783,0.00469106,0.0143299,0.0221535,0.00377193,0.0311662,0.0039966,0.00463681,0.0112398,0.00913234,0.0133206,0.0205354,0.0173814,0.0256997,0.0147643,0.00956259,0.0030709,0.0112812,0,0,0,0,0,0,0,0,0
31,0.0099694,0.00576821,0,0,0,0,0,0,0.0322189,0.0231867,0.0354679,0.0156184,0,0,0.014831,0,0.0117315,0.00893888,0.0400548,0.0483625,0.00415539,0.0494744,0.0240477,0.0103694,0.0243503,0.0339646,0.0308573,0.017029,0.0127474,0.0158198,0.0103358,0.0157003,0.0260752,0.0116918,0.0116632,0.00336426,0.0132262,0.0180238,0.0123198,0.00569142,0.0130551,0,0,0.028852,0,0.00978087,0.0163897,0.0616457,0.0215204,0.0184993,0.00572461,0.0143564,0.0221012,0.00401997,0.0315123,0.00438517,0.00498577,0.011252,0.0090459,0.013236,0.0205689,0.018801,0.02554,0.0146939,0.00954842,0.00329858,0.0114645,0,0,0,0,0,0,0,0,0
32,0.0102709,0.00610774,0,0,0,0,0,0,0.0308371,0.0230064,0.0336566,0.014991,0,0,0.0142206,0,0.011906,0.00870759,0.0409388,0.0453621,0.00423952,0.0485537,0.0243621,0.0104606,0.023787,0.0338504,0.030143,0.0173169,0.0121489,0.0165316,0.00971915,0.0157516,0.0224538,0.0113422,0.0116797,0.00335712,0.0142434,0.0179078,0.0118644,0.005739,0.0133036,0,0,0.0284855,0,0.0097156,0.0162387,0.0619575,0.0213129,0.0186149,0.00605776,0.0144957,0.021972,0.0038282,0.0316168,0.00414727,0.00506025,0.0115146,0.00904844,0.0132711,0.0208897,0.0208406,0.0252723,0.0146071,0.00971636,0.00362798,0.0117055,0,0,0,0,0,0,0,0,0
33,0.0105591,0.0064514,0,0,0,0,0,0,0.0311499,0.0228175,0.0311889,0.0146487,0,0,0.0131255,0,0.0120223,0.0083056,0.04175,0.0413112,0.0043495,0.0471367,0.0248665,0.0105723,0.0228806,0.0334236,0.0291773,0.0172187,0.0115179,0.0174993,0.00908766,0.0159913,0.0219205,0.0108589,0.0116713,0.00328747,0.0154983,0.0177921,0.0110759,0.00633921,0.0135976,0,0,0.0281034,0,0.00967035,0.0161162,0.0620337,0.0206502,0.0186179,0.00642583,0.0149791,0.0218164,0.00376347,0.0315675,0.00394801,0.005375,0.0114877,0.00925931,0.0130559,0.0209461,0.0229075,0.0249977,0.0143774,0.00970894,0.00422832,0.0120103,0,0,0,0,0,0,0,0,0
34,0.0108429,0.00690819,0,0,0,0,0,0,0.0328164,0.0226075,0.02904,0.0144401,0,0,0.0119119,0,0.0121321,0.0077147,0.0423878,0.0369676,0.00467261,0.0450314,0.0253435,0.0106886,0.0215489,0.0326744,0.0280473,0.0169248,0.0106114,0.0180165,0.00866651,0.0163121,0.0240976,0.0102584,0.0116944,0.00321199,0.0169,0.0176331,0.0100066,0.00740092,0.0139139,0,0,0.027665,0,0.00962661,0.0160184,0.0620092,0.0196105,0.0185209,0.00705782,0.015589,0.0216403,0.003905,0.0314266,0.00394899,0.00589898,0.0110812,0.00965065,0.0124792,0.0206633,0.0250248,0.0246663,0.0140921,0.00956968,0.00492328,0.0122982,0,0,0,0,0,0,0,0,0
35,0.0111318,0.00746053,0,0,0,0,0,0,0.0350622,0.0224116,0.0278661,0.0142668,0,0,0.010693,0,0.0123234,0.00703829,0.0428898,0.0330037,0.00520975,0.0423147,0.0256969,0.0108955,0.0197108,0.0313232,0.0266902,0.0166303,0.0095353,0.0178039,0.00850441,0.0167832,0.027382,0.00959855,0.0117408,0.00315407,0.0182171,0.0175083,0.00962659,0.0084708,0.0142074,0,0,0.0271402,0,0.00955216,0.0158188,0.061963,0.0191372,0.0183712,0.00802711,0.0161692,0.0213712,0.00426312,0.0315183,0.0044725,0.00669083,0.0109779,0.00991121,0.0123077,0.0206505,0.026578,0.0242615,0.0137249,0.00949846,0.00572138,0.0125476,0,0,0,0,0,0,0,0,0
36,0.0113926,0.00809507,0,0,0,0,0,0,0.0377905,0.0221701,0.0275577,0.0144043,0,0,0.00934945,0,0.0125791,0.00631408,0.0432915,0.0302298,0.00607615,0.0392321,0.0261994,0.0112105,0.0176081,0.0293837,0.0252408,0.0166528,0.00860351,0.0170497,0.00858288,0.0173671,0.0310752,0.00880333,0.0118381,0.0032153,0.0193442,0.0173869,0.0092858,0.00964504,0.0144429,0,0,0.0265138,0,0.00952752,0.0154808,0.0619378,0.0188193,0.0182595,0.00897211,0.0168873,0.0210517,0.00467373,0.0317161,0.0051527,0.00753645,0.0107605,0.010252,0.0120511,0.0204373,0.0278784,0.0237505,0.0134687,0.00932688,0.0066015,0.0127931,0,0,0,0,0,0,0,0,0
37,0.0116651,0.00883071,0,0,0,0,0,0,0.0406144,0.0218186,0.0280605,0.0148293,0,0,0.00796411,0,0.0128239,0.00555706,0.0435581,0.0295888,0.00712383,0.0358312,0.0269184,0.0116034,0.0154736,0.0274669,0.0238477,0.0172031,0.00782104,0.0156017,0.00872215,0.0181077,0.0345991,0.00789239,0.0119332,0.00319966,0.0204338,0.0171956,0.00904785,0.0110327,0.0146031,0,0,0.0257845,0,0.00951273,0.0151566,0.0619351,0.0184493,0.0182349,0.00989566,0.0176739,0.0206685,0.00530174,0.0320226,0.00606683,0.00843369,0.0104726,0.0102652,0.0117659,0.0200836,0.029121,0.0231237,0.0132341,0.00934028,0.0075702,0.0130444,0,0,0,0,0,0,0,0,0
38,0.011997,0.00961663,0,0,0,0,0,0,0.0430613,0.0213739,0.0291745,0.0154185,0,0,0.00658109,0,0.0130901,0.00473131,0.043838,0.0308846,0.00819109,0.032908,0.027812,0.0120918,0.0136278,0.0258965,0.0228401,0.0182024,0.00691667,0.0136118,0.00902845,0.0190147,0.037317,0.00699085,0.0120416,0.00308943,0.0212695,0.0169679,0.00874141,0.0124945,0.014775,0,0,0.0249514,0,0.00949206,0.0149623,0.0619963,0.01798,0.0182835,0.0106674,0.018494,0.0202129,0.00608573,0.032338,0.00691621,0.00925008,0.0101843,0.0102034,0.0114401,0.0197464,0.0299762,0.0224367,0.0130302,0.00918595,0.00860207,0.0133784,0,0,0,0,0,0,0,0,0
39,0.0123663,0.0104097,0,0,0,0,0,0,0.0446882,0.0208322,0.0304475,0.0159527,0,0,0.00529868,0,0.0134594,0.0040424,0.0442984,0.031566,0.00913405,0.0310832,0.0287446,0.0126722,0.0123649,0.0244866,0.0223288,0.0192108,0.00579519,0.0116967,0.00939079,0.0198145,0.0390007,0.00640059,0.0122197,0.00298938,0.0218847,0.016777,0.00861282,0.0137329,0.0149938,0,0,0.0240343,0,0.00944241,0.0147651,0.0621846,0.017801,0.0184314,0.0108605,0.0192827,0.0196983,0.00675052,0.0327053,0.00725402,0.00998264,0.0100822,0.0101804,0.0113263,0.0197329,0.0308872,0.0216403,0.0128423,0.00908132,0.00968816,0.0137873,0,0,0,0,0,0,0,0,0
40,0.012739,0.0111177,0,0,0,0,0,0,0.0450872,0.0202661,0.0312612,0.0162257,0,0,0.00439804,0,0.0139657,0.00348022,0.0449248,0.0322462,0.00990157,0.030136,0.0294864,0.0132651,0.0115149,0.0233491,0.0221676,0.0199471,0.00466196,0.00984568,0.00963298,0.0204862,0.0394571,0.00588494,0.0124607,0.00296331,0.0224069,0.0166204,0.00868567,0.0146165,0.0152598,0,0,0.0232199,0,0.00945659,0.014576,0.0625407,0.0178997,0.0186986,0.0105273,0.0198378,0.0191978,0.00694954,0.0331961,0.00741148,0.0106643,0.00999985,0.0100721,0.0112891,0.019749,0.0314499,0.0208834,0.0128478,0.00922296,0.0106537,0.0142518,0,0,0,0,0,0,0,0,0
41,0.0130482,0.011802,0,0,0,0,0,0,0.0445749,0.0196302,0.0317711,0.0162487,0,0,0.00377491,0,0.0144891,0.00305213,0.0456691,0.0317973,0.0104411,0.0296044,0.030147,0.0138042,0.0109169,0.0226083,0.0222572,0.0202877,0.00396291,0.00857033,0.0098305,0.0210447,0.039138,0.00534497,0.0126449,0.00301849,0.0228234,0.0164958,0.00865974,0.0151545,0.0154863,0,0,0.0224096,0,0.0094946,0.0144872,0.063015,0.0179417,0.0189808,0.0105096,0.0202662,0.0188006,0.0068479,0.0337862,0.00755675,0.0111701,0.00982766,0.00990701,0.0111362,0.019573,0.0319031,0.0201759,0.0129512,0.00923999,0.0115476,0.0146074,0,0,0,0,0,0,0,0,0
42,0.0132626,0.0123885,0,0,0,0,0,0,0.0434049,0.0190376,0.0318881,0.0161106,0,0,0.00341328,0,0.0149796,0.00267465,0.0463566,0.0317497,0.0108135,0.0290457,0.0306878,0.0142138,0.0107374,0.0221585,0.0224515,0.0204017,0.00386473,0.00798036,0.00996598,0.0215177,0.0385679,0.00512337,0.0128349,0.00311788,0.0231138,0.0162293,0.00881705,0.0153778,0.0157238,0,0,0.0216858,0,0.00943571,0.0145293,0.0635166,0.017969,0.0192288,0.0105456,0.0206279,0.0184287,0.00712267,0.0344262,0.00771435,0.0114369,0.00978523,0.00973293,0.0111587,0.0193709,0.0318443,0.0195625,0.0125896,0.00935951,0.0122645,0.0148816,0,0,0,0,0,0,0,0,0
43,0.0133148,0.0127608,0,0,0,0,0,0,0.0420113,0.0185537,0.0311484,0.0158714,0,0,0.00325385,0,0.0154607,0.00236383,0.0469149,0.0317328,0.0110419,0.0287586,0.0310676,0.0144422,0.0105762,0.0222417,0.0227173,0.020469,0.00416028,0.00790219,0.00997468,0.0218523,0.0379265,0.00510844,0.0130289,0.00311657,0.0232478,0.0160264,0.00884277,0.015337,0.0159201,0,0,0.021107,0,0.00943609,0.0146297,0.0639994,0.0179626,0.0194785,0.0103228,0.0209039,0.0181529,0.00736038,0.0350441,0.00784499,0.0114412,0.0096963,0.00962038,0.0111169,0.0190029,0.0317673,0.0190063,0.0123331,0.00934928,0.0126798,0.0150313,0,0,0,0,0,0,0,0,0
44,0.013439,0.0129681,0,0,0,0,0,0,0.0402555,0.0182245,0.030529,0.0155473,0,0,0.00326105,0,0.0159037,0.00211753,0.0473012,0.0311846,0.0109437,0.0284181,0.031254,0.0146334,0.0103798,0.0224041,0.0228807,0.0204391,0.00458702,0.00798755,0.00994883,0.0221529,0.0368663,0.00501924,0.0132077,0.00305003,0.0232903,0.0158656,0.00882261,0.0149964,0.0160693,0,0,0.0206188,0,0.00939066,0.0147608,0.0645883,0.0179665,0.0197389,0.00981901,0.0210673,0.0179426,0.007515,0.0355841,0.00790946,0.0112449,0.00965151,0.00953221,0.0110646,0.0186481,0.0319189,0.0185633,0.0123088,0.00920078,0.0129424,0.0150963,0,0,0,0,0,0,0,0,0
45,0.0135582,0.012951,0,0,0,0,0,0,0.0386411,0.0180275,0.0303579,0.0152384,0,0,0.00343787,0,0.0162206,0.00204293,0.0474725,0.0306311,0.0105102,0.0281636,0.0312493,0.0147102,0.0104379,0.0226938,0.0228622,0.0202864,0.00481037,0.00808487,0.00985789,0.0222709,0.0355593,0.00500988,0.0133369,0.00301039,0.0234088,0.0155951,0.00894539,0.0145456,0.0161053,0,0,0.0203488,0,0.00918409,0.0147126,0.0651359,0.0182284,0.0199881,0.00926594,0.0210349,0.0177932,0.00760138,0.0361154,0.00798425,0.0109112,0.0096044,0.00932055,0.0110773,0.0183701,0.0323549,0.0183533,0.0122244,0.00922114,0.0129857,0.0151253,0,0,0,0,0,0,0,0,0
46,0.0135739,0.0127157,0,0,0,0,0,0,0.0377029,0.0178225,0.0297986,0.0147357,0,0,0.00368261,0,0.0163774,0.00213082,0.0472973,0.030215,0.0100084,0.0280833,0.0310293,0.0146456,0.0105802,0.0235275,0.0225663,0.0199126,0.00479366,0.00825616,0.00968524,0.0220794,0.0345613,0.00496143,0.0134063,0.00303839,0.023688,0.0154466,0.00938181,0.0138325,0.0159782,0,0,0.0201615,0,0.00905458,0.0146203,0.0656728,0.0189485,0.0203034,0.00868999,0.0206992,0.0176947,0.00757522,0.0365788,0.00800777,0.0104198,0.00955341,0.00888692,0.0111454,0.0182343,0.0330077,0.018252,0.0122089,0.00949074,0.0127657,0.0150824,0,0,0,0,0,0,0,0,0
47,0.0134695,0.0123046,0,0,0,0,0,0,0.0372366,0.0176519,0.0288759,0.0143516,0,0,0.0039515,0,0.0165049,0.00228486,0.046892,0.0301997,0.00960458,0.0286154,0.0305299,0.0145217,0.0106908,0.0237715,0.0220598,0.0192153,0.00445956,0.00848082,0.00952326,0.0214921,0.0338407,0.00499693,0.0134565,0.00304438,0.0240322,0.0153324,0.00990639,0.0130286,0.0157486,0,0,0.0200099,0,0.0090124,0.0147797,0.0661667,0.0197581,0.0206853,0.00790154,0.0201391,0.0176258,0.0080031,0.0370549,0.00797178,0.00983928,0.00950885,0.00839677,0.0112617,0.0181701,0.0338605,0.0180904,0.0122514,0.00958721,0.0123575,0.0149548,0,0,0,0,0,0,0,0,0
48,0.0131998,0.0117349,0,0,0,0,0,0,0.0371146,0.0175184,0.0287579,0.014028,0,0,0.00425791,0,0.0166805,0.00247182,0.0464253,0.0310836,0.00954122,0.0299162,0.0297177,0.0143712,0.0109988,0.0234644,0.0215974,0.0180998,0.00391593,0.00900064,0.00960023,0.0205655,0.0332914,0.00503215,0.0134971,0.00304466,0.0242075,0.0151405,0.010377,0.0121815,0.0154199,0,0,0.0198968,0,0.00899825,0.0150038,0.0666016,0.0204921,0.0211883,0.00694841,0.0192747,0.0176304,0.00821538,0.0375451,0.00792063,0.00917997,0.00951521,0.00784551,0.0113818,0.0181191,0.0348133,0.0177698,0.0124045,0.00948513,0.0117833,0.0146913,0,0,0,0,0,0,0,0,0
49,0.0128272,0.0112009,0,0,0,0,0,0,0.0367395,0.0173032,0.0299635,0.0135431,0,0,0.00449427,0,0.017009,0.00256498,0.0459876,0.0327256,0.00948244,0.0307545,0.0287407,0.0141377,0.0114756,0.0227152,0.0212295,0.0166169,0.003313,0.00962818,0.0099695,0.0197365,0.0334596,0.00485982,0.0135876,0.00311235,0.0243222,0.0148892,0.0108906,0.0113308,0.0150237,0,0,0.0195767,0,0.00901596,0.0149021,0.0670884,0.0212945,0.0218015,0.00599457,0.0182038,0.0177251,0.0079466,0.0379095,0.00784633,0.00849494,0.00969053,0.00710455,0.0116424,0.0181534,0.0356912,0.0173638,0.0124145,0.0095281,0.0111532,0.0143804,0,0,0,0,0,0,0,0,0
50,0.0123234,0.0107603,0,0,0,0,0,0,0.035589,0.0169087,0.0323637,0.0125853,0,0,0.00452614,0,0.0174553,0.00230749,0.0460165,0.0332134,0.00960443,0.0310834,0.0277921,0.0136805,0.0115684,0.0223536,0.0209708,0.0159361,0.00317172,0.00998414,0.0103563,0.019737,0.0353852,0.00445575,0.0137551,0.00333494,0.0244251,0.0145776,0.0117121,0.0105196,0.0144771,0,0,0.018944,0,0.0091011,0.0146909,0.0677451,0.0224653,0.0225583,0.0053221,0.0169849,0.0179771,0.00750433,0.037995,0.00767742,0.00784894,0.00987512,0.0062253,0.0120028,0.0182145,0.0362211,0.0168338,0.0121953,0.00967899,0.0106611,0.0139767,0,0,0,0,0,0,0,0,0
51,0.0115675,0.0102637,0,0,0,0,0,0,0.0325525,0.0164407,0.0327836,0.0112082,0,0,0.00453771,0,0.0178411,0.00179689,0.0466177,0.0309493,0.0100232,0.0318647,0.0268902,0.0131186,0.0117438,0.0226897,0.0212256,0.016902,0.00417568,0.00958059,0.0100727,0.0203085,0.036532,0.00361235,0.0139952,0.00370544,0.0239451,0.0141801,0.0128182,0.00985595,0.0136182,0,0,0.0181525,0,0.00926832,0.0146117,0.0686063,0.0237744,0.0234027,0.00499648,0.0156259,0.0185365,0.00699988,0.0378919,0.00754671,0.00726095,0.00985379,0.00535735,0.0122472,0.0180935,0.0360273,0.0163569,0.0119906,0.00963834,0.0101576,0.0132551,0,0,0,0,0,0,0,0,0
52,0.0106081,0.00953408,0,0,0,0,0,0,0.0279386,0.0160518,0.0293464,0.0100445,0,0,0.00485688,0,0.0181505,0.00179398,0.0470116,0.0274838,0.0100889,0.0344239,0.0257606,0.0123663,0.0121698,0.0236895,0.0221172,0.0182558,0.00435495,0.00861204,0.00906553,0.0206094,0.0341656,0.00271373,0.0142046,0.00408487,0.0226486,0.0136805,0.0138369,0.00937985,0.0125179,0,0,0.0176846,0,0.0094231,0.0148796,0.0696453,0.024522,0.0242677,0.00466784,0.0141576,0.0192952,0.00669031,0.0379774,0.00764086,0.00664446,0.00958055,0.00470562,0.0122429,0.0174993,0.0349805,0.0160933,0.011854,0.00954658,0.00944862,0.0121139,0,0,0,0,0,0,0,0,0
53,0.00969148,0.00854775,0,0,0,0,0,0,0.0248316,0.0158472,0.0268084,0.00946091,0,0,0.0050737,0,0.018301,0.00195605,0.0461682,0.0258725,0.00915712,0.0381071,0.0242235,0.0115742,0.0126878,0.023852,0.0223383,0.0175637,0.00372534,0.00843256,0.00849462,0.0200306,0.032324,0.00213516,0.0143245,0.00434341,0.0208506,0.0132704,0.0144542,0.00894344,0.0113998,0,0,0.017673,0,0.00951886,0.0153491,0.0708175,0.024233,0.0250683,0.00479154,0.012732,0.0199151,0.00649746,0.0383805,0.007981,0.00596964,0.00909895,0.00421573,0.0118257,0.0161949,0.0333494,0.0158779,0.0116934,0.00946707,0.00848437,0.0107243,0,0,0,0,0,0,0,0,0
54,0.00893382,0.00734781,0,0,0,0,0,0,0.0267525,0.015875,0.0276591,0.00952844,0,0,0.00502409,0,0.0182079,0.0018583,0.0442347,0.0274072,0.00785482,0.0417862,0.0225814,0.0107521,0.0126568,0.023857,0.0211687,0.0141475,0.00336003,0.00874432,0.00914594,0.0190393,0.035138,0.00179211,0.0143251,0.00444741,0.0190735,0.0130731,0.0144539,0.00841878,0.0102686,0,0,0.0180178,0,0.00959006,0.0158527,0.0719289,0.0229831,0.0256705,0.00581794,0.0115894,0.0204068,0.00616521,0.0389119,0.00854139,0.00518888,0.00835807,0.00385261,0.0107941,0.0140687,0.0314001,0.0158889,0.0116471,0.00959601,0.00729255,0.00935428,0,0,0,0,0,0,0,0,0
55,0.00827443,0.00619297,0,0,0,0,0,0,0.0301918,0.015921,0.0289612,0.00945589,0,0,0.00515651,0,0.018026,0.00186807,0.0425257,0.0288391,0.00769839,0.043386,0.0214959,0.00981339,0.0123681,0.0237546,0.0185423,0.0113522,0.00441947,0.0093018,0.0102751,0.0185165,0.0371781,0.00130349,0.0141827,0.00459892,0.0177913,0.0129002,0.0138739,0.00803854,0.00929889,0,0,0.0185247,0,0.00971025,0.0164068,0.0727513,0.0210084,0.0260545,0.00726973,0.0110491,0.0210125,0.00570474,0.039261,0.00925068,0.00463321,0.00726114,0.00355553,0.00942767,0.0112448,0.0294601,0.0159692,0.0117719,0.00981465,0.00617303,0.00828782,0,0,0,0,0,0,0,0,0
56,0.00768984,0.00540495,0,0,0,0,0,0,0.0303018,0.015858,0.0285347,0.0089692,0,0,0.00542579,0,0.0179183,0.00199832,0.0417459,0.0278294,0.0084191,0.0426075,0.0209454,0.00899367,0.0121135,0.0228206,0.0161382,0.0117958,0.00557191,0.0101228,0.0107792,0.018358,0.0351368,0.00117253,0.0140732,0.00477688,0.016614,0.0126661,0.0131883,0.00776352,0.00855414,0,0,0.0190432,0,0.00987195,0.0168422,0.0731313,0.0183094,0.0261628,0.00902539,0.0109805,0.0216584,0.00516693,0.0392092,0.0101446,0.00472022,0.00633787,0.00326304,0.00814148,0.00853058,0.0277675,0.0159917,0.011927,0.0100756,0.00545441,0.00755684,0,0,0,0,0,0,0,0,0
57,0.00708597,0.00493051,0,0,0,0,0,0,0.026856,0.0156843,0.0255418,0.0081344,0,0,0.00601887,0,0.0179765,0.00244494,0.0423037,0.0238164,0.00974583,0.0397063,0.020747,0.0082502,0.0128675,0.0216717,0.0145679,0.0167502,0.00662462,0.0114111,0.010443,0.0188104,0.0300155,0.00178736,0.0140515,0.00497931,0.0155277,0.0122999,0.0122573,0.00782537,0.00804795,0,0,0.019555,0,0.0100923,0.0172246,0.0731128,0.0153711,0.0260883,0.0108502,0.0110905,0.0224394,0.00462255,0.0386408,0.0110774,0.00542318,0.00581087,0.0030182,0.00692031,0.00609494,0.0263062,0.0160177,0.0119228,0.0103106,0.00511339,0.00702104,0,0,0,0,0,0,0,0,0
58,0.00660493,0.00451358,0,0,0,0,0,0,0.0245934,0.0156446,0.0231122,0.00824234,0,0,0.00610299,0,0.0179347,0.00274476,0.0426323,0.0208612,0.0100532,0.0382277,0.0201256,0.00769724,0.0128384,0.0206999,0.015341,0.0190921,0.00796545,0.013553,0.0103041,0.0187545,0.0272852,0.00236894,0.0140443,0.00505662,0.0146482,0.0121438,0.0111487,0.00790163,0.00733065,0,0,0.0195285,0,0.0101936,0.017169,0.0728199,0.0128147,0.0258928,0.0123988,0.0109243,0.0227898,0.00389271,0.0380289,0.0120199,0.00643778,0.00568845,0.00312308,0.00584668,0.0043004,0.0250126,0.0158538,0.0117949,0.0101966,0.00472431,0.00625446,0,0,0,0,0,0,0,0,0
59,0.00627696,0.00398638,0,0,0,0,0,0,0.0238307,0.0156791,0.021925,0.0087685,0,0,0.00573079,0,0.0178818,0.00281298,0.0426025,0.019766,0.00961841,0.0376641,0.0191262,0.00730297,0.0122352,0.0202904,0.0172395,0.0195064,0.00904311,0.0157738,0.0101855,0.0184306,0.0260174,0.00241162,0.0140394,0.00505743,0.0140074,0.0121387,0.0100666,0.00783488,0.00644445,0,0,0.0191113,0,0.0102274,0.0168034,0.0725176,0.0107985,0.0256702,0.0138533,0.010333,0.0228891,0.00301544,0.0376181,0.0128618,0.00763562,0.00589337,0.00340087,0.00496348,0.0035201,0.023858,0.0155508,0.0115842,0.00994945,0.00420429,0.00553139,0,0,0,0,0,0,0,0,0
60,0.00605068,0.00339764,0,0,0,0,0,0,0.024136,0.0157873,0.0216461,0.00913075,0,0,0.00507493,0,0.0178273,0.00238504,0.0423916,0.0197921,0.00899999,0.0372715,0.0179589,0.00710075,0.0115061,0.020645,0.0189776,0.0194781,0.0096849,0.0172518,0.00987183,0.018255,0.0251434,0.00208877,0.0140483,0.00497353,0.0125329,0.0122444,0.00921153,0.00778006,0.00559495,0,0,0.0184759,0,0.0101985,0.0162483,0.0721531,0.0102576,0.0252092,0.0151179,0.00944213,0.0228896,0.00226103,0.0371427,0.0136593,0.00868325,0.00626421,0.00347657,0.00436372,0.00368466,0.022167,0.0152033,0.0112405,0.00968266,0.00366658,0.0051153,0,0,0,0,0,0,0,0,0
61,0.00588654,0.00284715,0,0,0,0,0,0,0.0247646,0.0159575,0.0216267,0.00922365,0,0,0.00419014,0,0.0177834,0.00179695,0.0420612,0.0198583,0.00840495,0.0365577,0.0167853,0.00707999,0.0110211,0.0207546,0.0199515,0.019146,0.00997127,0.0179186,0.00954232,0.0181419,0.0248762,0.0015916,0.013992,0.00488911,0.0100321,0.0124365,0.00874928,0.00766115,0.00484495,0,0,0.0177076,0,0.0100909,0.0156293,0.0717625,0.0114922,0.0245331,0.0162921,0.00846158,0.0227059,0.00201033,0.0364671,0.0147144,0.00931715,0.00657922,0.00332906,0.00388607,0.00424723,0.0200377,0.0148131,0.0108164,0.00947569,0.00331139,0.0049578,0,0,0,0,0,0,0,0,0
62,0.00578683,0.0024705,0,0,0,0,0,0,0.0253446,0.0161628,0.0213858,0.00915879,0,0,0.00332602,0,0.0176403,0.0013663,0.0417936,0.0200283,0.00806313,0.0356662,0.0158396,0.00727883,0.0109708,0.0205877,0.0200547,0.0187464,0.0101794,0.0181225,0.00936899,0.0180807,0.0247554,0.00141426,0.0139196,0.0047106,0.00892959,0.0127254,0.00828095,0.00743115,0.00428493,0,0,0.0169533,0,0.00996733,0.0150828,0.0716573,0.0132024,0.023721,0.0168937,0.00766445,0.0222755,0.00220063,0.0358011,0.0156797,0.0100072,0.00660985,0.00328316,0.00332075,0.00480398,0.0178511,0.0144379,0.0104849,0.00935942,0.0031324,0.0048631,0,0,0,0,0,0,0,0,0
63,0.00575801,0.0022564,0,0,0,0,0,0,0.0261804,0.0164063,0.0213599,0.0091163,0,0,0.0028784,0,0.0174561,0.00132442,0.0416544,0.021098,0.00779493,0.034794,0.0152216,0.00764337,0.0110829,0.0208238,0.0196572,0.0180405,0.010064,0.0176979,0.00933459,0.0180608,0.0248782,0.00190929,0.0138661,0.00436073,0.0105517,0.0130978,0.00783123,0.00724773,0.00388062,0,0,0.0163032,0,0.00984649,0.0146362,0.0721566,0.0147582,0.0229337,0.0173921,0.00721057,0.0216452,0.00237903,0.0351254,0.01629,0.0106222,0.00647528,0.00346559,0.00269829,0.00540724,0.0161046,0.0141113,0.010315,0.00921918,0.00304236,0.00473408,0,0,0,0,0,0,0,0,0
64,0.00586844,0.00213631,0,0,0,0,0,0,0.0271421,0.0166748,0.0216221,0.0089157,0,0,0.00327266,0,0.0172699,0.00173336,0.0416133,0.0227226,0.00765286,0.0343619,0.0148329,0.00807019,0.0113272,0.0212856,0.019064,0.0175096,0.00973744,0.0169294,0.00930295,0.0182458,0.025199,0.00281951,0.0137685,0.0039766,0.0131025,0.0134856,0.00800043,0.00695768,0.00360761,0,0,0.0157866,0,0.0097184,0.0142413,0.0730765,0.0157078,0.022159,0.0180236,0.00704414,0.0209213,0.00229213,0.0348578,0.0159712,0.0112956,0.00638994,0.00368563,0.00213236,0.00608229,0.0154368,0.0138694,0.0102495,0.00921779,0.00291439,0.00466958,0,0,0,0,0,0,0,0,0
65,0.00613892,0.00213078,0,0,0,0,0,0,0.0278455,0.0169832,0.021803,0.00850425,0,0,0.00415688,0,0.017081,0.00231377,0.0415629,0.023897,0.00766762,0.0342041,0.0145016,0.0084487,0.0115543,0.0217738,0.018521,0.0174987,0.00943566,0.0161549,0.00913281,0.0185461,0.0254508,0.00386118,0.0136539,0.00366036,0.0159042,0.0138487,0.00860647,0.00651718,0.00359126,0,0,0.0154613,0,0.00956443,0.0139474,0.0739491,0.0160245,0.021336,0.0187166,0.0070425,0.0202392,0.00203621,0.0349281,0.0153657,0.0122068,0.00651258,0.00380711,0.00159767,0.00680281,0.0175146,0.0137276,0.0102959,0.00920963,0.00269099,0.00474392,0,0,0,0,0,0,0,0,0
66,0.00643359,0.00208879,0,0,0,0,0,0,0.0283151,0.0172774,0.0217456,0.00805673,0,0,0.00513923,0,0.0167219,0.00290961,0.0412606,0.0244602,0.00767125,0.034442,0.0141079,0.00883121,0.0116162,0.0217972,0.0183851,0.017452,0.00911547,0.0155854,0.00879788,0.0186496,0.025433,0.00471838,0.01348,0.00346663,0.0193208,0.0141876,0.00935533,0.00603102,0.00381062,0,0,0.0152381,0,0.00942424,0.0136549,0.0743156,0.0159291,0.0205044,0.0195244,0.00716847,0.019593,0.00188924,0.0351387,0.015743,0.0126193,0.00658556,0.00377883,0.00119321,0.00754792,0.0213532,0.0136708,0.01038,0.00927228,0.00235471,0.00498874,0,0,0,0,0,0,0,0,0
67,0.00671483,0.00203604,0,0,0,0,0,0,0.0284945,0.0175406,0.0213806,0.00767208,0,0,0.00605012,0,0.0162919,0.00348158,0.0407802,0.024314,0.00767175,0.0347251,0.0136139,0.00912386,0.0115955,0.0220444,0.0186127,0.0173962,0.00901944,0.0155751,0.00838666,0.0185765,0.0252199,0.00532629,0.0133035,0.00337053,0.0225649,0.0144975,0.00974094,0.00561303,0.00411945,0,0,0.0151852,0,0.00931823,0.0133927,0.0739954,0.0158535,0.0196375,0.0200657,0.007391,0.0190315,0.00193059,0.03526,0.0163062,0.0124606,0.00622647,0.00366204,0.00155399,0.00837828,0.0244889,0.0137223,0.0105277,0.00927502,0.00202875,0.00535594,0,0,0,0,0,0,0,0,0
68,0.00702017,0.00203442,0,0,0,0,0,0,0.0284333,0.0177998,0.0207288,0.00733127,0,0,0.00673743,0,0.0159042,0.00395095,0.0403096,0.023569,0.00767383,0.0347979,0.013091,0.00924635,0.0115847,0.0225944,0.0189237,0.017424,0.00932527,0.0162738,0.0080481,0.0184056,0.0252828,0.00572773,0.0131636,0.00335316,0.0245049,0.0147599,0.00973465,0.00530721,0.00439926,0,0,0.0152388,0,0.00924497,0.0132191,0.0730988,0.0160025,0.0187052,0.0201196,0.00766362,0.0185922,0.00205849,0.0352042,0.0165313,0.0122688,0.0054888,0.00356292,0.00256056,0.00959322,0.0265493,0.0137886,0.010712,0.0093095,0.00182558,0.00580876,0,0,0,0,0,0,0,0,0
69,0.00719991,0.00200679,0,0,0,0,0,0,0.0284044,0.0180071,0.0199842,0.00702054,0,0,0.00719633,0,0.0155835,0.0042587,0.0399643,0.0225812,0.0077796,0.0349495,0.0125869,0.00928314,0.0115969,0.0231761,0.0191361,0.0176097,0.00991916,0.0173634,0.0078504,0.0182588,0.0257692,0.00595189,0.0130091,0.00338251,0.0250868,0.0149526,0.00984495,0.00521783,0.00457633,0,0,0.0152501,0,0.00923912,0.0130773,0.0718328,0.0165341,0.0178115,0.0199855,0.00793967,0.0182474,0.00225091,0.0349296,0.016655,0.0125502,0.00483806,0.00366067,0.00373594,0.01136,0.0279421,0.0139687,0.0107691,0.00912741,0.00171596,0.00623032,0,0,0,0,0,0,0,0,0
70,0.00726129,0.00199122,0,0,0,0,0,0,0.0284548,0.0181594,0.0193898,0.00676663,0,0,0.00739137,0,0.015388,0.00440727,0.0397528,0.0216425,0.00801308,0.0351954,0.01217,0.00927836,0.0116491,0.0236764,0.0192159,0.0178323,0.0104942,0.0183817,0.00771289,0.0181756,0.0264079,0.0061282,0.0128308,0.00349734,0.0249911,0.0151194,0.0102346,0.00535614,0.00463814,0,0,0.0151997,0,0.00926355,0.0129094,0.0704676,0.0173319,0.0169537,0.0197121,0.00822196,0.0180156,0.00252062,0.0347182,0.0169119,0.0125043,0.00465507,0.00385152,0.00490138,0.0133088,0.0289676,0.0141445,0.010715,0.00885009,0.00171513,0.00657404,0,0,0,0,0,0,0,0,0
71,0.00734501,0.0020826,0,0,0,0,0,0,0.0287811,0.0182942,0.0190027,0.00655869,0,0,0.00754812,0,0.0152293,0.00456928,0.0396339,0.0209117,0.00834105,0.035216,0.0118256,0.0092772,0.0116794,0.023681,0.0191483,0.0179219,0.0109391,0.0190238,0.00752396,0.0181407,0.0270997,0.00634732,0.0127038,0.00358238,0.024812,0.0152838,0.0105177,0.00560003,0.00464748,0,0,0.0150954,0,0.00928549,0.0126172,0.0691403,0.0179142,0.0160772,0.0191847,0.00843253,0.0178209,0.00285525,0.0348921,0.0170157,0.0122031,0.0048049,0.0038259,0.00587853,0.0149223,0.0295773,0.0142994,0.010558,0.00871143,0.00186332,0.00680139,0,0,0,0,0,0,0,0,0
72,0.0075232,0.00223454,0,0,0,0,0,0,0.0295247,0.0184538,0.0188724,0.00642639,0,0,0.00762847,0,0.014991,0.00470679,0.0395132,0.020649,0.00863904,0.0349338,0.0115727,0.00930877,0.0116618,0.0230397,0.0189983,0.0178691,0.0111639,0.0192109,0.00730066,0.0180521,0.0279788,0.00665006,0.0126614,0.00358473,0.0245525,0.0154628,0.0107023,0.00596864,0.00465053,0,0,0.0149262,0,0.00930481,0.0122336,0.0677991,0.018332,0.0152548,0.0189411,0.00861528,0.0176802,0.0031884,0.034915,0.0171175,0.0118401,0.0048701,0.00364899,0.00661247,0.016051,0.0299105,0.0143806,0.0103676,0.00859152,0.00207018,0.00688139,0,0,0,0,0,0,0,0,0
73,0.00766648,0.0024333,0,0,0,0,0,0,0.0303209,0.0186152,0.018898,0.00638255,0,0,0.00759875,0,0.0147794,0.00471699,0.0393298,0.0207561,0.00897165,0.0341811,0.0113638,0.00931402,0.0115041,0.0228355,0.0186371,0.0176829,0.0111074,0.0188959,0.00714449,0.0180831,0.0288626,0.00689239,0.0126543,0.00358394,0.0241496,0.0156406,0.010781,0.00636806,0.00460943,0,0,0.0148464,0,0.00936432,0.0119132,0.0665128,0.0186188,0.0145745,0.0188989,0.00878495,0.0175953,0.00351911,0.0348432,0.0177793,0.0117294,0.00485611,0.00345772,0.0071426,0.0168166,0.0299015,0.0144877,0.0102656,0.00853818,0.00233415,0.00682716,0,0,0,0,0,0,0,0,0
74,0.00773506,0.00261352,0,0,0,0,0,0,0.0311662,0.0187336,0.0191003,0.0064558,0,0,0.00748738,0,0.0146384,0.00467041,0.0391879,0.0212136,0.00928936,0.0335039,0.0111925,0.00929915,0.0113675,0.023102,0.0181403,0.0174756,0.010782,0.0182244,0.00697886,0.0181901,0.0297689,0.00688609,0.0125894,0.00359841,0.023749,0.0157822,0.0106229,0.00688975,0.00460494,0,0,0.0148291,0,0.00942454,0.0117486,0.0652865,0.0185507,0.0139697,0.018645,0.00900383,0.0175296,0.00379495,0.0349577,0.0179222,0.0115953,0.0049591,0.00320329,0.00751092,0.0172961,0.0296841,0.0145726,0.0101927,0.00844379,0.00254587,0.00676194,0,0,0,0,0,0,0,0,0
75,0.0078113,0.00281207,0,0,0,0,0,0,0.0318872,0.0188328,0.0192955,0.0064409,0,0,0.00736353,0,0.0145432,0.00466511,0.0391444,0.0216665,0.00981577,0.0330219,0.0109555,0.00927899,0.0111334,0.0232286,0.0176124,0.0173517,0.010339,0.0173983,0.00684307,0.0183198,0.0307775,0.00675156,0.0125185,0.00358337,0.0233452,0.0159076,0.0104938,0.00738229,0.00465811,0,0,0.014887,0,0.00947404,0.0117492,0.0640637,0.0183668,0.0134483,0.0182001,0.00912606,0.0174517,0.00419111,0.034937,0.0179946,0.0114321,0.00513108,0.0030436,0.00772643,0.0175858,0.029244,0.0146211,0.0100946,0.00840019,0.0027049,0.00671198,0,0,0,0,0,0,0,0,0
76,0.00791818,0.00303671,0,0,0,0,0,0,0.0324183,0.018949,0.0194785,0.00643701,0,0,0.00731243,0,0.0144799,0.00468038,0.0390813,0.0219617,0.0105819,0.0325498,0.0107834,0.00923861,0.0109594,0.0232442,0.0172636,0.0172119,0.00998502,0.0167036,0.00674441,0.0183835,0.031545,0.00660025,0.0124596,0.00352162,0.022784,0.0160613,0.0102204,0.0078303,0.00478818,0,0,0.0150187,0,0.00954029,0.0118821,0.0627812,0.0177613,0.01305,0.0173562,0.00920946,0.0173532,0.00470773,0.0350278,0.01829,0.0113171,0.00528814,0.0028113,0.00772048,0.01749,0.0287177,0.0146887,0.0102144,0.00851521,0.00287397,0.00674211,0,0,0,0,0,0,0,0,0
77,0.00805146,0.00330354,0,0,0,0,0,0,0.0329303,0.0190415,0.019638,0.00658075,0,0,0.007333,0,0.0143835,0.00472364,0.0388489,0.0221998,0.0111709,0.0319341,0.0108029,0.00928683,0.0109448,0.0232469,0.0171591,0.0167273,0.00975074,0.0162638,0.00663991,0.0182941,0.0325395,0.00646698,0.0124809,0.0033813,0.0219121,0.0162134,0.00971563,0.00834439,0.00505235,0,0,0.0152522,0,0.00962342,0.0121224,0.0615328,0.0167096,0.0128139,0.01648,0.00940516,0.0171815,0.00533889,0.0351286,0.0186697,0.0112376,0.00542494,0.00251552,0.00754184,0.0169154,0.0280513,0.0148235,0.0103374,0.00867256,0.00301318,0.00690584,0,0,0,0,0,0,0,0,0
78,0.00813807,0.00351813,0,0,0,0,0,0,0.0334141,0.0191162,0.0197233,0.00678082,0,0,0.00738461,0,0.0143191,0.00479007,0.0385152,0.0222579,0.0115782,0.0310252,0.0108936,0.00937625,0.010922,0.0232525,0.0171251,0.0162241,0.00972382,0.0161771,0.00656726,0.0181369,0.0334305,0.00642957,0.0124797,0.00325199,0.0208174,0.0163478,0.00898223,0.00889946,0.00536243,0,0,0.0155167,0,0.00969813,0.0122919,0.0603002,0.0151862,0.0126382,0.0158281,0.00973756,0.0169905,0.0062666,0.03511,0.0187836,0.0113097,0.00556231,0.00214239,0.00720247,0.0159701,0.0270869,0.0150165,0.0103354,0.00881306,0.00307622,0.00709715,0,0,0,0,0,0,0,0,0
79,0.00809561,0.00358981,0,0,0,0,0,0,0.0341412,0.0191781,0.0196913,0.00700082,0,0,0.00738186,0,0.0143401,0.00483328,0.0382795,0.021601,0.0122027,0.0298715,0.0108352,0.00935585,0.0110209,0.0232139,0.0166441,0.017087,0.0104024,0.0167133,0.00656641,0.0183218,0.0346619,0.00643548,0.012468,0.00321614,0.0200434,0.0164509,0.00800539,0.00952755,0.00552432,0,0,0.0158767,0,0.00978012,0.0124071,0.0592141,0.013011,0.0124389,0.0161213,0.0100895,0.0169494,0.00757069,0.0351966,0.0188223,0.0117577,0.00562298,0.00149573,0.00663817,0.0148062,0.0258633,0.0153206,0.0102702,0.00891204,0.00305544,0.00716904,0,0,0,0,0,0,0,0,0
80,0.00808041,0.00350517,0,0,0,0,0,0,0.0346073,0.0192793,0.0195525,0.00727951,0,0,0.00752879,0,0.0143093,0.00494461,0.0381452,0.0210084,0.0128372,0.0287718,0.0106912,0.00929238,0.011085,0.0228495,0.01595,0.0180416,0.0109645,0.0170436,0.00659759,0.0185702,0.035542,0.00656431,0.0124236,0.00314117,0.0190447,0.0165576,0.00702874,0.0100898,0.00568498,0,0,0.0162695,0,0.0098697,0.0125079,0.0584318,0.0108677,0.0121804,0.0162386,0.0103402,0.0170474,0.00819611,0.0352135,0.0183984,0.0119649,0.00587696,0.00102806,0.00640435,0.0138446,0.0245295,0.0156446,0.0101841,0.00899692,0.0029331,0.00718245,0,0,0,0,0,0,0,0,0
81,0.00820549,0.00335668,0,0,0,0,0,0,0.0350993,0.0194633,0.0197161,0.0075151,0,0,0.00813452,0,0.0141677,0.00525713,0.0381656,0.0215905,0.0131363,0.0280925,0.0104035,0.00931261,0.0108251,0.0224427,0.0154245,0.0181182,0.0109112,0.0168044,0.0066042,0.0185506,0.0362374,0.00703844,0.0123673,0.00311687,0.0178894,0.0166951,0.00641263,0.0106344,0.00588935,0,0,0.0166573,0,0.00990904,0.0125892,0.0577455,0.00954173,0.0118231,0.0159555,0.0104466,0.0171766,0.00816869,0.0350154,0.0173983,0.011598,0.00628527,0.000788908,0.00662819,0.0132273,0.0236223,0.01596,0.0101246,0.00902459,0.00280874,0.0071747,0,0,0,0,0,0,0,0,0
82,0.00838186,0.00313704,0,0,0,0,0,0,0.0354991,0.0197005,0.0199819,0.00763845,0,0,0.00905024,0,0.0139738,0.00572107,0.0382924,0.0221381,0.0133852,0.0273474,0.00985216,0.00937435,0.0105253,0.0220288,0.0148699,0.0180937,0.0107903,0.016439,0.006717,0.0185069,0.036829,0.00768851,0.0123889,0.00319228,0.0174075,0.0168457,0.0060244,0.0112571,0.00605682,0,0,0.0171097,0,0.00993586,0.0126489,0.0569875,0.00829671,0.011344,0.0143973,0.0104041,0.0173234,0.00787241,0.0347381,0.0163647,0.0109234,0.0066119,0.000701656,0.00679552,0.0125505,0.0233145,0.0163477,0.0100736,0.00901182,0.00263324,0.00713745,0,0,0,0,0,0,0,0,0
83,0.00855433,0.00293204,0,0,0,0,0,0,0.0359713,0.0198827,0.0201925,0.0078893,0,0,0.00980714,0,0.0137834,0.00614692,0.0383397,0.0223914,0.0136685,0.0267206,0.00971094,0.00952312,0.0104396,0.0218427,0.0144602,0.0179979,0.0107548,0.0161218,0.00688084,0.0184831,0.0375908,0.00819094,0.0123777,0.00327689,0.0176886,0.017013,0.00594319,0.0118827,0.00623624,0,0,0.0176082,0,0.0100254,0.0126863,0.0560443,0.00704233,0.0110474,0.0133109,0.0105798,0.0174308,0.00751631,0.0344145,0.0155425,0.0101964,0.00690612,0.0010139,0.00688658,0.0116448,0.0236267,0.0167388,0.0100121,0.00898849,0.0024823,0.0072021,0,0,0,0,0,0,0,0,0
84,0.00875691,0.00277534,0,0,0,0,0,0,0.0364875,0.0200066,0.0203663,0.00825981,0,0,0.010328,0,0.0136264,0.0064993,0.0382891,0.0223143,0.0139878,0.0262203,0.00983082,0.00966984,0.0105353,0.0219321,0.014169,0.0179467,0.0108268,0.0160341,0.0069507,0.0184767,0.0383905,0.00857761,0.0123271,0.00335479,0.0184741,0.0171621,0.00616929,0.0124877,0.00641116,0,0,0.0180464,0,0.0101241,0.0128157,0.0550249,0.00554827,0.0109354,0.011889,0.0109135,0.0175048,0.00715866,0.0341438,0.0144705,0.00956136,0.00690398,0.00178373,0.00668911,0.010489,0.0243695,0.0171533,0.00994534,0.00896681,0.00235603,0.00734812,0,0,0,0,0,0,0,0,0
85,0.00898264,0.00266342,0,0,0,0,0,0,0.0367352,0.0201305,0.0204643,0.00863279,0,0,0.0106981,0,0.0134698,0.00670403,0.0382376,0.0219062,0.0143535,0.0255514,0.00996569,0.00979653,0.0107882,0.0218918,0.013955,0.0180223,0.0109667,0.0159785,0.00694596,0.0185109,0.0388822,0.00888704,0.0122644,0.00340066,0.0190535,0.0172959,0.00667633,0.0129342,0.00656003,0,0,0.0185253,0,0.0101874,0.0129813,0.0541933,0.00482227,0.0110182,0.0102064,0.011208,0.0175763,0.0067191,0.0336929,0.012945,0.00887342,0.00694306,0.0023018,0.0066553,0.00954891,0.0247521,0.0175835,0.00991055,0.00893814,0.00222402,0.00753599,0,0,0,0,0,0,0,0,0
86,0.00920195,0.00256794,0,0,0,0,0,0,0.0369536,0.0202394,0.0205473,0.00887762,0,0,0.0110536,0,0.0133372,0.00690682,0.0380827,0.0216114,0.0147089,0.0248745,0.00996774,0.00993061,0.0109616,0.0218215,0.0137737,0.0181323,0.0111234,0.0158634,0.0068832,0.0185859,0.039304,0.00916389,0.0122091,0.0034282,0.0191179,0.0174244,0.00727926,0.0133068,0.00670272,0,0,0.0190726,0,0.0102559,0.0131966,0.0535713,0.00504358,0.0111837,0.00880549,0.0113608,0.0176428,0.00606569,0.0330221,0.0112489,0.00811928,0.00716116,0.00244955,0.00679522,0.00905093,0.0246824,0.0180261,0.00991602,0.00895692,0.00208383,0.00771592,0,0,0,0,0,0,0,0,0
87,0.00940008,0.00248614,0,0,0,0,0,0,0.0372894,0.0203255,0.0206977,0.00902968,0,0,0.0113824,0,0.0132886,0.00715857,0.0377482,0.0216974,0.0150357,0.0243844,0.00983588,0.0100692,0.0110831,0.0218637,0.0136538,0.0180883,0.0112173,0.0156958,0.00677357,0.0186264,0.0398801,0.00934598,0.0122094,0.00344021,0.0186276,0.0175422,0.00782899,0.0136821,0.00686186,0,0,0.0195718,0,0.0103544,0.0134404,0.0531741,0.00589228,0.011457,0.00791584,0.011545,0.017723,0.00535473,0.0322221,0.00983029,0.00754133,0.00734687,0.00246898,0.00687242,0.00878121,0.0243396,0.0183621,0.0100184,0.00901291,0.0020023,0.00786095,0,0,0,0,0,0,0,0,0
88,0.009604,0.00247359,0,0,0,0,0,0,0.0376057,0.0204168,0.0208889,0.0092781,0,0,0.0115787,0,0.0132657,0.00726497,0.0373656,0.021896,0.0152606,0.0238342,0.00966974,0.0101487,0.0112942,0.0218625,0.0135043,0.0180691,0.0112733,0.0154289,0.00667231,0.0186789,0.0405183,0.00943731,0.0121951,0.00342222,0.0180199,0.0176645,0.00856573,0.0140589,0.00709535,0,0,0.0199629,0,0.0104464,0.0137029,0.0529107,0.0071765,0.0117845,0.00770816,0.0119621,0.0177912,0.00468819,0.0314644,0.0088416,0.00738462,0.00703164,0.00279541,0.00639601,0.00811009,0.0238556,0.0186419,0.0101974,0.00909028,0.00199659,0.00802311,0,0,0,0,0,0,0,0,0
89,0.00976796,0.00256383,0,0,0,0,0,0,0.0378901,0.0204331,0.0210472,0.00944509,0,0,0.0115851,0,0.0132607,0.00729109,0.0369325,0.0220338,0.0154486,0.0232002,0.00950244,0.0101445,0.011494,0.0217513,0.013272,0.0181448,0.0113503,0.0151938,0.00664512,0.0187226,0.0413875,0.00937362,0.0121221,0.00335748,0.0170688,0.0177555,0.00976933,0.0143455,0.00731658,0,0,0.0201567,0,0.0105344,0.0138928,0.0527599,0.00934847,0.0120693,0.00806564,0.012162,0.0178416,0.00381078,0.0305246,0.00836273,0.00753775,0.00659759,0.00317707,0.00572861,0.00735051,0.0224649,0.0188244,0.0104223,0.00916655,0.00211324,0.00819049,0,0,0,0,0,0,0,0,0
90,0.0098962,0.00271401,0,0,0,0,0,0,0.0381737,0.0204238,0.0212161,0.00958712,0,0,0.0114389,0,0.013285,0.00720728,0.036439,0.0221306,0.0155785,0.0227089,0.00935469,0.0101101,0.0116691,0.0216352,0.0130079,0.0181438,0.011474,0.0150512,0.00664217,0.0186993,0.0420601,0.00912391,0.0120268,0.00330424,0.0158521,0.0177742,0.0113465,0.0145868,0.00746106,0,0,0.0201636,0,0.010566,0.01392,0.0527046,0.0119491,0.0122636,0.00904716,0.0119773,0.0179323,0.00306674,0.0294477,0.00863404,0.00789892,0.00620719,0.00374957,0.00503639,0.00656474,0.0203164,0.0189382,0.0106217,0.00918202,0.00230727,0.00832257,0,0,0,0,0,0,0,0,0
91,0.00996882,0.00293289,0,0,0,0,0,0,0.0384231,0.0204062,0.0214317,0.00971231,0,0,0.0111982,0,0.0133169,0.00710147,0.0359717,0.0222297,0.0156582,0.0222245,0.00921517,0.0100374,0.0117943,0.0215424,0.0127411,0.0181009,0.01163,0.0150885,0.00665748,0.0186232,0.0424064,0.00887037,0.0120493,0.00332844,0.0149473,0.0177425,0.0129881,0.0147435,0.00749336,0,0,0.0200294,0,0.010575,0.0138578,0.0527813,0.0144306,0.0124088,0.0103159,0.0115577,0.0180982,0.00324983,0.0283201,0.00946286,0.00833772,0.005896,0.00477354,0.00440783,0.00580853,0.017748,0.0189059,0.0107785,0.00910439,0.00258082,0.0083812,0,0,0,0,0,0,0,0,0
92,0.00997364,0.00321877,0,0,0,0,0,0,0.0385976,0.0203411,0.0215079,0.00976138,0,0,0.0107294,0,0.0133546,0.00687843,0.035587,0.0223483,0.0157008,0.0214488,0.00913024,0.00981361,0.0119225,0.0214694,0.0124617,0.0180841,0.0118268,0.0152246,0.00670719,0.0185203,0.0425738,0.00858139,0.012022,0.00337555,0.0143907,0.0176747,0.0141579,0.0148011,0.00738879,0,0,0.0197686,0,0.0105624,0.0137854,0.053021,0.0163197,0.012477,0.0113098,0.0111701,0.0184108,0.00377489,0.027262,0.010646,0.00851214,0.00557714,0.00628728,0.00392703,0.00507405,0.0149299,0.0188681,0.0107801,0.00896823,0.00293782,0.00832579,0,0,0,0,0,0,0,0,0
93,0.0100133,0.0035873,0,0,0,0,0,0,0.0387837,0.020261,0.0217473,0.00970559,0,0,0.0101953,0,0.013461,0.00663786,0.0352062,0.0226696,0.0156743,0.0206365,0.00913049,0.00959244,0.0120398,0.0214,0.0121667,0.0180499,0.0119756,0.0153116,0.00679931,0.0183733,0.0428635,0.00831858,0.0121217,0.00345983,0.0143764,0.0175559,0.0147267,0.0147566,0.00727181,0,0,0.019453,0,0.01057,0.0137134,0.0533378,0.0171308,0.0125069,0.0113388,0.0108683,0.0187839,0.00414602,0.0264616,0.0116977,0.00799415,0.00501165,0.00808001,0.00406541,0.00469509,0.0124146,0.0188103,0.0105426,0.00883241,0.00334761,0.00828321,0,0,0,0,0,0,0,0,0
94,0.0100981,0.00401004,0,0,0,0,0,0,0.0389456,0.0201129,0.0220931,0.00947206,0,0,0.00952914,0,0.01362,0.00629067,0.0348965,0.0231974,0.015575,0.0207782,0.00901571,0.00937971,0.012012,0.0213201,0.0118336,0.0178646,0.0119926,0.0152217,0.00695792,0.0182095,0.0431699,0.00796162,0.0122078,0.00356772,0.0146502,0.0174283,0.014466,0.0145548,0.00723731,0,0,0.0191124,0,0.0105727,0.0136121,0.0538245,0.0164521,0.0125129,0.010525,0.0106615,0.0191213,0.00438448,0.0258182,0.0124052,0.00703776,0.00509312,0.0102573,0.00532863,0.00606765,0.0104475,0.0186089,0.0103393,0.00865878,0.00376397,0.0083055,0,0,0,0,0,0,0,0,0
95,0.0101587,0.00453714,0,0,0,0,0,0,0.03917,0.0199019,0.0225417,0.00903561,0,0,0.00874877,0,0.0137891,0.00587044,0.0347744,0.0237775,0.015419,0.0208234,0.00878461,0.00921588,0.0117705,0.0211833,0.0113428,0.0178224,0.0120226,0.0151059,0.00714533,0.0180864,0.0435623,0.00756053,0.0122669,0.00361214,0.0148815,0.0172909,0.0131265,0.0140619,0.00724424,0,0,0.0187347,0,0.01054,0.0136351,0.0545309,0.0143011,0.012476,0.00951242,0.0106125,0.0193938,0.00454816,0.0252331,0.0128166,0.0067281,0.00645501,0.0127658,0.00705664,0.00861659,0.0103947,0.0183928,0.0102172,0.00846998,0.00426932,0.00828619,0,0,0,0,0,0,0,0,0
96,0.010136,0.00507591,0,0,0,0,0,0,0.0395861,0.0197276,0.0231038,0.0083931,0,0,0.00804229,0,0.0139582,0.00548149,0.0348687,0.0243989,0.015217,0.0206372,0.00845243,0.00914446,0.0112913,0.0209929,0.0108026,0.0179955,0.0120228,0.0150857,0.00730617,0.0180012,0.0441316,0.00718526,0.0123474,0.00359701,0.0165977,0.0171377,0.011535,0.0132688,0.00724076,0,0,0.0185163,0,0.0105096,0.0137991,0.0553564,0.0116401,0.0124547,0.00851138,0.0107096,0.0196526,0.00471708,0.0246501,0.012782,0.00764972,0.0084394,0.0151394,0.00863924,0.010764,0.0136639,0.0182652,0.0102025,0.00830858,0.00481069,0.00819956,0,0,0,0,0,0,0,0,0
97,0.0101084,0.00556126,0,0,0,0,0,0,0.0400958,0.01963,0.0236864,0.00761344,0,0,0.00741964,0,0.014145,0.00517639,0.0351768,0.0251672,0.0149857,0.0204539,0.00809629,0.00901156,0.010857,0.0207639,0.0103927,0.0181949,0.0119612,0.0150877,0.00749583,0.0179199,0.0447605,0.00689911,0.0124307,0.0036197,0.020018,0.0170113,0.0103683,0.0121908,0.00729392,0,0,0.0185667,0,0.0104483,0.0140055,0.0562587,0.00965179,0.0123529,0.00754194,0.0110393,0.0199342,0.0054207,0.024022,0.0123554,0.00949584,0.0103643,0.0172065,0.0100278,0.0118506,0.0186496,0.0180977,0.0102773,0.00814471,0.00533299,0.00811908,0,0,0,0,0,0,0,0,0
98,0.0101429,0.00594313,0,0,0,0,0,0,0.0406191,0.0195325,0.0241463,0.00671729,0,0,0.0068241,0,0.0143113,0.00490972,0.0356841,0.0259937,0.0147448,0.0204191,0.00787364,0.00891178,0.0104758,0.020566,0.010096,0.0184045,0.0119183,0.0150392,0.00769361,0.0178304,0.0454226,0.00665002,0.0124794,0.00362323,0.0235124,0.0169005,0.0107562,0.0108865,0.00739762,0,0,0.0186139,0,0.0103818,0.0141638,0.057204,0.00971138,0.0122681,0.00680642,0.0115761,0.0201785,0.00695711,0.023368,0.0118023,0.011228,0.0121431,0.0190023,0.0115623,0.0124762,0.023243,0.0179046,0.0103933,0.00803227,0.0057376,0.00809404,0,0,0,0,0,0,0,0,0
99,0.0101602,0.00618849,0,0,0,0,0,0,0.0411298,0.01938,0.0246096,0.00588393,0,0,0.00624957,0,0.0144863,0.00461133,0.0363668,0.0265954,0.0144852,0.0204338,0.00770596,0.00889357,0.0101108,0.0204046,0.00983573,0.0186724,0.01192,0.0151254,0.00790294,0.0177697,0.0460694,0.00632793,0.0125138,0.00353198,0.0261981,0.0167558,0.0125238,0.009534,0.00750875,0,0,0.0185924,0,0.0103457,0.0142998,0.0580598,0.0119702,0.0122845,0.00634685,0.0122098,0.0203916,0.00835388,0.0227419,0.0110244,0.0122002,0.0137946,0.020503,0.0133248,0.0134903,0.0261222,0.0178313,0.0104823,0.00801238,0.00600243,0.00810418,0,0,0,0,0,0,0,0,0
100,0.0100864,0.00633267,0,0,0,0,0,0,0.0415656,0.0191687,0.0250212,0.00534742,0,0,0.00558589,0,0.0147231,0.00416611,0.0371263,0.0271384,0.0142892,0.0203791,0.00744409,0.00878545,0.00976466,0.0202877,0.00962994,0.018897,0.0118893,0.0151459,0.00810679,0.0177278,0.0466571,0.00579431,0.0125027,0.00354228,0.0269119,0.0165437,0.0143494,0.00834551,0.00753644,0,0,0.0184472,0,0.0103234,0.0144271,0.0586494,0.0147063,0.0124721,0.00637861,0.0128157,0.0206229,0.0090792,0.0222659,0.0104159,0.0119874,0.0152826,0.0219791,0.0150095,0.0148458,0.0267719,0.0178411,0.0105045,0.00799761,0.00612578,0.00806041,0,0,0,0,0,0,0,0,0
101,0.00995299,0.00638336,0,0,0,0,0,0,0.0419047,0.0188919,0.0253722,0.00516928,0,0,0.00480213,0,0.0149889,0.00367423,0.0377423,0.0276888,0.0142024,0.020179,0.00717446,0.00863431,0.00955946,0.0203159,0.00944187,0.0189844,0.0118532,0.0150914,0.00818714,0.0176745,0.0470994,0.00512525,0.0126116,0.00353918,0.0260013,0.0162361,0.0157593,0.0076095,0.0074911,0,0,0.0182748,0,0.0103353,0.0146172,0.0588121,0.0169042,0.0128669,0.00686515,0.0131747,0.0208327,0.00893524,0.0220562,0.00987,0.0111098,0.0163347,0.0232563,0.0161695,0.0158502,0.0256173,0.0178461,0.0104199,0.00792935,0.00614668,0.00794287,0,0,0,0,0,0,0,0,0
102,0.00994441,0.00627395,0,0,0,0,0,0,0.0420402,0.0186471,0.0256133,0.00523412,0,0,0.00406111,0,0.015208,0.00327511,0.0380923,0.0280878,0.0141444,0.0198655,0.00705677,0.00853129,0.00953878,0.0204534,0.0092186,0.0189474,0.0119583,0.0152203,0.00816342,0.0175958,0.0473687,0.00458726,0.0127195,0.00354492,0.0241712,0.0159863,0.0165314,0.00714776,0.00758212,0,0,0.0181722,0,0.010319,0.0147876,0.0586455,0.0182891,0.0129542,0.00742824,0.0131427,0.0208519,0.00815038,0.0218852,0.00979951,0.0102686,0.0166476,0.0238475,0.0166185,0.0161041,0.0235225,0.0176993,0.0102355,0.00787688,0.00594064,0.00793777,0,0,0,0,0,0,0,0,0
103,0.00998535,0.00611603,0,0,0,0,0,0,0.0420251,0.0184325,0.0256021,0.00541906,0,0,0.00337537,0,0.0154268,0.00292891,0.0381846,0.0280729,0.0141885,0.0195686,0.0070275,0.00851748,0.00971031,0.0206064,0.00901996,0.0188833,0.0121815,0.0156309,0.00817012,0.0174947,0.0475854,0.00421176,0.0128318,0.00356793,0.0224903,0.0157728,0.0166769,0.00708338,0.00770403,0,0,0.0182443,0,0.0103447,0.014915,0.058156,0.0186656,0.0129816,0.00774342,0.0129497,0.0207111,0.00733203,0.0217115,0.00994884,0.00961727,0.0162867,0.0238078,0.0164409,0.0156611,0.0219522,0.0175973,0.0100641,0.007826,0.00571044,0.00791626,0,0,0,0,0,0,0,0,0
104,0.0101623,0.00599651,0,0,0,0,0,0,0.0419244,0.0182441,0.0254566,0.00567884,0,0,0.00277319,0,0.0156152,0.00265889,0.0380876,0.0278574,0.0143388,0.0192545,0.00694071,0.00853892,0.00994714,0.0206257,0.00882518,0.0187913,0.0124725,0.0162016,0.0082198,0.017425,0.0477648,0.00399635,0.0128996,0.00364386,0.0213068,0.0156122,0.0161634,0.00735393,0.00781575,0,0,0.0183717,0,0.0103424,0.0149801,0.0574925,0.0179155,0.0129755,0.00773144,0.0126738,0.0205118,0.0067366,0.0216026,0.0101385,0.00919669,0.0155409,0.0232626,0.0156885,0.0147252,0.0213419,0.0174675,0.00986035,0.00775487,0.00560349,0.00787962,0,0,0,0,0,0,0,0,0
105,0.0103563,0.00589261,0,0,0,0,0,0,0.0419321,0.0180341,0.0254103,0.0058855,0,0,0.00234304,0,0.0157809,0.0024809,0.0378862,0.0276018,0.0144796,0.0189105,0.00679767,0.00861223,0.0102854,0.0207881,0.00868421,0.0186097,0.0127096,0.0165396,0.00812165,0.0173821,0.0480282,0.00392311,0.0128969,0.00375027,0.0203888,0.0154843,0.0151851,0.00788359,0.00778257,0,0,0.0184915,0,0.0103642,0.01504,0.0567962,0.0165277,0.0129902,0.00763371,0.012332,0.0203181,0.0063376,0.0215785,0.0102125,0.00875844,0.0145075,0.0223535,0.0144993,0.013592,0.0205744,0.0175054,0.00966165,0.00764076,0.00560852,0.00780943,0,0,0,0,0,0,0,0,0
106,0.0105771,0.00577368,0,0,0,0,0,0,0.0420263,0.0179137,0.0253208,0.00607036,0,0,0.00218283,0,0.0159219,0.00240191,0.0375994,0.0273568,0.014537,0.0185056,0.00652794,0.00875522,0.0106755,0.0212179,0.00854143,0.0183162,0.0128447,0.0166186,0.00793379,0.0173604,0.0482741,0.00396817,0.0129321,0.00379647,0.0194447,0.0154434,0.0138099,0.00854941,0.00762792,0,0,0.0185132,0,0.0103808,0.015046,0.0561763,0.0146523,0.0129175,0.0077183,0.0117872,0.0200572,0.00604268,0.0217215,0.00998436,0.0081307,0.0132334,0.0211328,0.0128672,0.0122132,0.0190706,0.017626,0.00948891,0.00762607,0.0056145,0.00773577,0,0,0,0,0,0,0,0,0
107,0.0107992,0.00565996,0,0,0,0,0,0,0.042042,0.0178963,0.0248196,0.00626941,0,0,0.00221457,0,0.0160045,0.00240267,0.0372173,0.0271221,0.0145253,0.0182072,0.0061381,0.00892402,0.0110966,0.0216885,0.00838124,0.0179093,0.0129139,0.0166209,0.00775339,0.0173329,0.0484347,0.00401795,0.0129036,0.00384875,0.0178874,0.0154831,0.0122889,0.00925692,0.00748003,0,0,0.0183831,0,0.0103489,0.0149538,0.055571,0.0127053,0.0126993,0.00795955,0.0110865,0.0195897,0.00579664,0.0220827,0.00926915,0.00734167,0.0118035,0.0196168,0.0111494,0.010645,0.0171115,0.017682,0.00951691,0.00776095,0.00555483,0.00769108,0,0,0,0,0,0,0,0,0
108,0.0110172,0.00566206,0,0,0,0,0,0,0.0418438,0.0179348,0.0241545,0.00641582,0,0,0.00238372,0,0.0160088,0.00247622,0.0368276,0.0268357,0.014575,0.0179217,0.00567901,0.00914664,0.0116638,0.0220102,0.00820888,0.0174075,0.0129491,0.0166523,0.00758863,0.0172732,0.0484159,0.004135,0.0129819,0.00394616,0.0157631,0.0155224,0.0115883,0.00985987,0.00748006,0,0,0.0182794,0,0.0102686,0.0148439,0.0549379,0.0122286,0.012477,0.0082563,0.0104892,0.0192325,0.00555273,0.0226432,0.00800087,0.00655203,0.0105619,0.0183183,0.00967956,0.00917023,0.0153733,0.0176743,0.0095601,0.00790783,0.00550448,0.00773442,0,0,0,0,0,0,0,0,0
109,0.0111208,0.00584957,0,0,0,0,0,0,0.0411339,0.0178763,0.0235234,0.00647633,0,0,0.0024845,0,0.016117,0.00246406,0.0365342,0.0264496,0.0148369,0.0175603,0.00542413,0.0094706,0.0122906,0.0221751,0.00803445,0.0167703,0.0130172,0.0166152,0.00747497,0.0171937,0.0479266,0.00426365,0.0131077,0.00404745,0.013762,0.0155001,0.0130272,0.0102217,0.00766115,0,0,0.0183707,0,0.0102104,0.014881,0.0544432,0.014218,0.0124203,0.00947755,0.0103125,0.0186816,0.00513965,0.0232505,0.00710842,0.00639462,0.0105895,0.0183294,0.00903958,0.00850921,0.0145573,0.0175868,0.00965611,0.00806491,0.00550083,0.00801208,0,0,0,0,0,0,0,0,0
110,0.0111164,0.00620903,0,0,0,0,0,0,0.0398346,0.0176313,0.0227101,0.00659695,0,0,0.0023428,0,0.0163569,0.0022544,0.0363604,0.0260618,0.0152454,0.0177055,0.00549899,0.0098249,0.0128071,0.0225558,0.00806619,0.0160047,0.0129735,0.0163397,0.00737022,0.0171549,0.0467414,0.00429947,0.0132263,0.00411668,0.0126558,0.0154166,0.016319,0.0104719,0.00787107,0,0,0.0185178,0,0.0102076,0.0149749,0.0541776,0.016998,0.0126837,0.0128105,0.0105606,0.0179554,0.0042401,0.0238655,0.00809147,0.00736783,0.0123051,0.0193921,0.00946833,0.00976211,0.0163342,0.0173889,0.0098445,0.00826787,0.00559511,0.00852489,0,0,0,0,0,0,0,0,0
111,0.0112626,0.00673621,0,0,0,0,0,0,0.0380884,0.0173409,0.0219665,0.00683878,0,0,0.00208202,0,0.016589,0.00190632,0.0363369,0.0258445,0.0154695,0.0182918,0.00583891,0.0100919,0.0133047,0.0233258,0.00840672,0.0152124,0.0126033,0.0159755,0.00724564,0.0172489,0.0447019,0.00421542,0.0133096,0.00430259,0.0116971,0.0153148,0.017382,0.0107033,0.00806181,0,0,0.0186441,0,0.0101958,0.0150779,0.0538245,0.0181817,0.0130806,0.0166181,0.0110072,0.017274,0.00329186,0.0244326,0.0102503,0.00923045,0.0132311,0.0200695,0.00991876,0.0103761,0.0194842,0.017085,0.0100727,0.00843469,0.00593961,0.00906171,0,0,0,0,0,0,0,0,0
112,0.0117112,0.00739202,0,0,0,0,0,0,0.0360298,0.0170693,0.0215915,0.00695809,0,0,0.00199329,0,0.016711,0.00156505,0.0365314,0.0259863,0.0155256,0.0187687,0.00625944,0.0102869,0.0138103,0.0241439,0.00895967,0.0144729,0.0120001,0.0154686,0.00705347,0.0174155,0.041911,0.0040509,0.0132806,0.00455188,0.0100197,0.0152132,0.015818,0.0108233,0.00845248,0,0,0.018744,0,0.0101247,0.0151659,0.0529556,0.0175727,0.0134121,0.0183923,0.0113984,0.0165945,0.00288248,0.0249781,0.0119165,0.01095,0.0122505,0.0195499,0.00920671,0.00884588,0.0204652,0.0170564,0.0102909,0.00847739,0.00650459,0.00966128,0,0,0,0,0,0,0,0,0
113,0.0123638,0.00808218,0,0,0,0,0,0,0.0335989,0.0168083,0.021288,0.00680399,0,0,0.00227241,0,0.0169023,0.00136303,0.036942,0.0265437,0.0154611,0.0194016,0.0065817,0.0104672,0.0142121,0.0248455,0.00956676,0.0137179,0.0111568,0.0144898,0.00693918,0.017553,0.0382846,0.00389392,0.0133083,0.00478287,0.00846931,0.0150971,0.0140071,0.0106986,0.00903697,0,0,0.0188903,0,0.010066,0.0152864,0.0518023,0.0168663,0.0137026,0.0165501,0.0114949,0.0159873,0.00326654,0.0260278,0.0119459,0.0115613,0.0106256,0.0180334,0.00807007,0.00749064,0.0199469,0.0170999,0.0105334,0.00843521,0.00718278,0.0105394,0,0,0,0,0,0,0,0,0
114,0.012927,0.00863321,0,0,0,0,0,0,0.0310417,0.0165966,0.0217939,0.0063673,0,0,0.00282999,0,0.0172348,0.00120197,0.0374964,0.0278126,0.0152022,0.0201134,0.00676231,0.0105064,0.0146168,0.025808,0.0103088,0.0129301,0.0100675,0.0133156,0.0070476,0.0175363,0.033975,0.00366124,0.0134744,0.00503707,0.00785748,0.0150111,0.0130939,0.0103221,0.00936818,0,0,0.0189456,0,0.0100686,0.0153593,0.051001,0.0172751,0.0139028,0.0134431,0.0113452,0.0154482,0.00368292,0.027682,0.0105379,0.0108555,0.009553,0.0163355,0.00691224,0.00752583,0.0204534,0.0171443,0.0107567,0.00839993,0.00787219,0.0112742,0,0,0,0,0,0,0,0,0
115,0.0133781,0.00898836,0,0,0,0,0,0,0.0279458,0.0164239,0.0228422,0.00579368,0,0,0.00318844,0,0.0175333,0.00108039,0.0380283,0.029369,0.014748,0.0201825,0.00673026,0.0106213,0.0149098,0.026255,0.0109857,0.0120196,0.00890166,0.0120148,0.00734971,0.0175904,0.0285542,0.00352114,0.0135749,0.00520851,0.00787849,0.0149905,0.0129143,0.00981222,0.00953906,0,0,0.0188851,0,0.0100825,0.0153744,0.0509141,0.0188911,0.0139989,0.011957,0.0108779,0.0148211,0.00387342,0.0298025,0.00811164,0.00903995,0.00915523,0.0147864,0.00590783,0.00846785,0.0217653,0.0171936,0.0109745,0.00844937,0.00830597,0.0118025,0,0,0,0,0,0,0,0,0
116,0.0136789,0.00914841,0,0,0,0,0,0,0.0247536,0.0163157,0.0244647,0.00534623,0,0,0.00341911,0,0.0177268,0.000999273,0.0383763,0.030991,0.0141666,0.0205624,0.00648929,0.0106871,0.0151589,0.0265576,0.0116907,0.0110573,0.00780962,0.0107537,0.0077067,0.0175236,0.0229552,0.00330705,0.0136038,0.00526842,0.00924357,0.0150887,0.0130317,0.00968335,0.00948879,0,0,0.018748,0,0.0101468,0.0153249,0.0510895,0.0204839,0.0139871,0.0126249,0.0102703,0.0141706,0.0043906,0.0318971,0.00591193,0.00746065,0.00878386,0.0131081,0.00482387,0.00858684,0.0226627,0.0172883,0.0112559,0.00857157,0.00838961,0.0121233,0,0,0,0,0,0,0,0,0
117,0.0140733,0.00917417,0,0,0,0,0,0,0.0216727,0.0163109,0.0261365,0.0053277,0,0,0.0036071,0,0.0178378,0.00113928,0.0386487,0.0319589,0.0136945,0.0207838,0.00600693,0.0107742,0.015124,0.02634,0.0120891,0.0102617,0.00706528,0.0097409,0.00800176,0.0174249,0.0171249,0.0032662,0.0136402,0.0052649,0.0106191,0.0152499,0.0126631,0.00974005,0.00956117,0,0,0.0187586,0,0.0101484,0.0151727,0.0509309,0.0201067,0.013752,0.0143712,0.00948673,0.0136413,0.0051835,0.0328921,0.0055051,0.00725323,0.00815929,0.0119224,0.00368359,0.00769592,0.0224723,0.0172764,0.0114943,0.00861145,0.00816055,0.012347,0,0,0,0,0,0,0,0,0
118,0.0144156,0.00911878,0,0,0,0,0,0,0.0192574,0.0163701,0.0279263,0.00569263,0,0,0.00402735,0,0.0179529,0.00152704,0.0389114,0.0324385,0.0134633,0.020547,0.00560171,0.0108864,0.0148882,0.0257566,0.0122685,0.00976353,0.00661174,0.00904987,0.00817473,0.0173047,0.0114766,0.00384103,0.0137731,0.00506715,0.0109579,0.0154634,0.0115172,0.00988941,0.00987515,0,0,0.0186651,0,0.0101729,0.0149758,0.0500417,0.0174077,0.0134184,0.0160445,0.0087369,0.0130265,0.00577895,0.0322603,0.00610313,0.00824247,0.00706364,0.0116398,0.00263132,0.00615468,0.0210722,0.0172252,0.0116681,0.00859189,0.00779857,0.0125729,0,0,0,0,0,0,0,0,0
119,0.0148418,0.00912662,0,0,0,0,0,0,0.018017,0.0163768,0.0299008,0.00640154,0,0,0.00499961,0,0.018203,0.00220924,0.0390811,0.0328848,0.0133506,0.0201049,0.00556197,0.0111167,0.014561,0.0245983,0.0122843,0.00945693,0.00625479,0.00843822,0.00820708,0.0172456,0.00682142,0.00513314,0.0138513,0.00467045,0.011434,0.015687,0.00987032,0.0101532,0.0104938,0,0,0.0185782,0,0.0101701,0.0148211,0.048793,0.0138975,0.0131343,0.0166897,0.00816545,0.0122721,0.00588395,0.0306998,0.00735536,0.00939796,0.0057465,0.0118026,0.00183156,0.00448867,0.0193132,0.0171833,0.0117923,0.00851844,0.00760094,0.0129281,0,0,0,0,0,0,0,0,0
120,0.0152538,0.00917984,0,0,0,0,0,0,0.0185565,0.0162889,0.0319701,0.00727604,0,0,0.00625297,0,0.0185267,0.00302314,0.0392351,0.0335776,0.013293,0.0195791,0.00583485,0.0114802,0.0140312,0.023261,0.0122054,0.00928949,0.00577371,0.00782301,0.00807662,0.0173177,0.0077919,0.00657762,0.0138939,0.00421887,0.0121622,0.0158715,0.00855855,0.0104816,0.011291,0,0,0.0188227,0,0.0102018,0.0147555,0.047818,0.0112519,0.0131003,0.0160497,0.00777152,0.0115386,0.00572117,0.0292682,0.00845568,0.010052,0.00490886,0.0120342,0.00178404,0.00353035,0.017924,0.0171843,0.0117341,0.00847443,0.00765977,0.0133604,0,0,0,0,0,0,0,0,0
121,0.0156496,0.00925924,0,0,0,0,0,0,0.0208931,0.0162309,0.0335742,0.00806657,0,0,0.00759365,0,0.018845,0.00387302,0.0395714,0.0345162,0.0132024,0.019474,0.00629566,0.0119261,0.0133363,0.0217853,0.0120155,0.00922972,0.0052423,0.00735788,0.00791532,0.0175692,0.0134715,0.00776608,0.0140319,0.00373465,0.0122584,0.0160243,0.00794637,0.0106641,0.0120119,0,0,0.0191441,0,0.0102609,0.014812,0.0475715,0.00978348,0.0131845,0.0145147,0.00758193,0.0109526,0.00566011,0.0286401,0.0088493,0.0103817,0.00477702,0.01202,0.00192265,0.00323017,0.0164329,0.0172133,0.0116385,0.0084548,0.00782231,0.0137498,0,0,0,0,0,0,0,0,0
122,0.0159494,0.00932652,0,0,0,0,0,0,0.0243636,0.0162279,0.034227,0.00870655,0,0,0.00873346,0,0.019145,0.00452458,0.039993,0.0352652,0.0130024,0.0191965,0.00673973,0.0122968,0.0127527,0.0198138,0.0116929,0.0092321,0.00470934,0.00708161,0.00789276,0.0179658,0.019904,0.00854509,0.0142044,0.00339391,0.0120588,0.0161078,0.00807518,0.0108985,0.0125043,0,0,0.0194673,0,0.0102894,0.0149655,0.0480173,0.00891187,0.0134354,0.0119861,0.00770905,0.0104841,0.00588172,0.0288591,0.00864151,0.0106778,0.00517458,0.011758,0.00206089,0.00351338,0.0152356,0.0171248,0.0116216,0.00848671,0.00794143,0.014065,0,0,0,0,0,0,0,0,0
123,0.0161518,0.00941164,0,0,0,0,0,0,0.0280722,0.0162094,0.0339595,0.00925031,0,0,0.00953785,0,0.0193745,0.00493546,0.0404503,0.0351722,0.0127017,0.0188442,0.00703788,0.0125501,0.0119438,0.0176254,0.0113306,0.00917654,0.00411464,0.00687119,0.0079115,0.0183794,0.0266268,0.00905418,0.0143038,0.00317874,0.0119797,0.0161656,0.00870476,0.0111569,0.0127572,0,0,0.0196948,0,0.0103188,0.0150397,0.0488589,0.00862919,0.0137256,0.0101961,0.00813688,0.0100693,0.0062003,0.0295932,0.00808484,0.011126,0.00566812,0.0115433,0.00252195,0.00458212,0.014689,0.0169642,0.011551,0.00849569,0.00798803,0.0143224,0,0,0,0,0,0,0,0,0
124,0.0163013,0.0094191,0,0,0,0,0,0,0.0323539,0.0162152,0.0334209,0.00975165,0,0,0.00999183,0,0.0194451,0.00507167,0.0409295,0.0345692,0.0123081,0.0180592,0.00709918,0.0126172,0.0109909,0.0159905,0.0109865,0.00895595,0.00355563,0.00650861,0.00789143,0.0187551,0.0338801,0.00937028,0.0143037,0.00307306,0.0121893,0.016197,0.0094604,0.0112433,0.0127513,0,0,0.0197683,0,0.0103309,0.0149355,0.0497572,0.00870545,0.0139522,0.00947666,0.00869529,0.00972636,0.00645667,0.0303805,0.00769914,0.0111502,0.00584756,0.011425,0.00300464,0.00547643,0.0145516,0.0169783,0.0114307,0.0083273,0.00788197,0.0144429,0,0,0,0,0,0,0,0,0
125,0.0163744,0.00924568,0,0,0,0,0,0,0.0373292,0.0163128,0.0333421,0.0101242,0,0,0.0102828,0,0.0192737,0.00510025,0.0413385,0.0343764,0.0117526,0.0167413,0.00705035,0.0124567,0.0101527,0.0147096,0.0106856,0.00854591,0.00332721,0.00605983,0.0079989,0.0191117,0.0415424,0.0094881,0.0141951,0.00299548,0.0125242,0.0162545,0.00961238,0.0109175,0.0125662,0,0,0.0197783,0,0.0103583,0.0147813,0.0505027,0.00844874,0.0140589,0.00911632,0.00912537,0.0095499,0.00666936,0.0309604,0.0082827,0.0107289,0.00553341,0.0111092,0.00291663,0.00523058,0.0143299,0.0169777,0.0114331,0.00818098,0.00758101,0.0143435,0,0,0,0,0,0,0,0,0
126,0.016392,0.00891462,0,0,0,0,0,0,0.0425362,0.0165374,0.0340723,0.0103259,0,0,0.010542,0,0.0188554,0.00517216,0.0415888,0.0358845,0.0110518,0.0155765,0.00704248,0.0121605,0.00943675,0.0135552,0.0103931,0.00810368,0.0034037,0.00578865,0.00832261,0.0195112,0.0488641,0.00943076,0.0140263,0.00295274,0.0124352,0.0163353,0.00869055,0.0101545,0.0123015,0,0,0.0197053,0,0.0103904,0.0146282,0.0510892,0.007038,0.0140758,0.00892346,0.00916899,0.00949694,0.00680149,0.0312642,0.00965265,0.0101747,0.00457575,0.0106432,0.00206491,0.00372248,0.013666,0.016923,0.0116411,0.00813859,0.00720946,0.0140201,0,0,0,0,0,0,0,0,0
127,0.0162676,0.00852809,0,0,0,0,0,0,0.0475052,0.0168372,0.0356589,0.0105454,0,0,0.010648,0,0.018278,0.00534715,0.0415672,0.0383286,0.0103277,0.0152667,0.00713229,0.0117917,0.0089213,0.0123805,0.0100956,0.00779628,0.00380763,0.00599806,0.00869544,0.0199757,0.0551891,0.00922441,0.0138227,0.00299377,0.0121477,0.0164384,0.00700658,0.00928717,0.0118919,0,0,0.0195606,0,0.0104674,0.0143813,0.0515811,0.00475451,0.0141562,0.00877405,0.00881097,0.00962144,0.00688633,0.0314912,0.00875588,0.00997124,0.00355274,0.0101485,0.00161488,0.00293563,0.0126062,0.0168872,0.0117588,0.00806456,0.00684326,0.013531,0,0,0,0,0,0,0,0,0
128,0.0158931,0.00819597,0,0,0,0,0,0,0.0517874,0.0171017,0.0376749,0.0108139,0,0,0.0104733,0,0.0176946,0.00550794,0.0413188,0.0409701,0.00963421,0.0145282,0.00738308,0.0114173,0.00851101,0.0112075,0.00984893,0.00770025,0.00452382,0.0069622,0.00911907,0.0204783,0.0602956,0.00883679,0.0135876,0.00308211,0.0117131,0.0165137,0.00541617,0.00844615,0.0114724,0,0,0.0192623,0,0.0105569,0.014112,0.0521222,0.00259188,0.0144084,0.00861556,0.00829024,0.00969586,0.00694995,0.0315548,0.00819397,0.00982185,0.00324049,0.0100922,0.00248327,0.00449217,0.0113763,0.0167268,0.0118223,0.00795907,0.00658339,0.0130825,0,0,0,0,0,0,0,0,0
129,0.0155765,0.0079974,0,0,0,0,0,0,0.0552579,0.0173933,0.0397697,0.0109872,0,0,0.0101842,0,0.0171674,0.00556094,0.0410007,0.0435591,0.00892437,0.0132706,0.00767175,0.0110739,0.00827813,0.0100634,0.00972187,0.00775221,0.0053711,0.00850594,0.00966403,0.020956,0.0643175,0.00841864,0.0133534,0.0030475,0.0114001,0.0165966,0.00448628,0.00754222,0.0112485,0,0,0.0188858,0,0.0106167,0.0138273,0.0526846,0.00207523,0.0146651,0.00814016,0.00762781,0.00961785,0.0069811,0.0315494,0.00809478,0.00958777,0.00355281,0.0101909,0.00337834,0.00611736,0.0105502,0.016395,0.0118868,0.00806604,0.00650015,0.0127849,0,0,0,0,0,0,0,0,0
130,0.0153501,0.00790469,0,0,0,0,0,0,0.0581179,0.0176888,0.0417061,0.0111537,0,0,0.00981513,0,0.0167846,0.00549039,0.0407222,0.0460186,0.00822532,0.0127927,0.00785041,0.0107956,0.00812471,0.00901289,0.0096627,0.00765929,0.00612896,0.010326,0.010456,0.0213073,0.0676102,0.00805466,0.0131391,0.00291914,0.0113279,0.0166486,0.00437459,0.00673212,0.0112219,0,0,0.0184419,0,0.0106704,0.013555,0.0531761,0.00273497,0.0149703,0.00752769,0.00703183,0.00960056,0.00687496,0.0316799,0.00796037,0.00950243,0.00399822,0.010266,0.00398362,0.00709219,0.0101875,0.0159587,0.01184,0.00812474,0.00646508,0.0126215,0,0,0,0,0,0,0,0,0
131,0.0151405,0.00781417,0,0,0,0,0,0,0.0606091,0.017979,0.0434135,0.0113291,0,0,0.00953697,0,0.0165078,0.00539411,0.0405712,0.0484314,0.00755118,0.0132249,0.00796259,0.0105159,0.00760863,0.00791668,0.00943612,0.00735563,0.00671733,0.0123818,0.011358,0.0213659,0.0706493,0.00784918,0.0129044,0.0028855,0.0113409,0.0167179,0.00459429,0.00598463,0.011183,0,0,0.017966,0,0.0107462,0.0132339,0.0535426,0.00325625,0.0153146,0.00683487,0.00664617,0.00952499,0.00682757,0.0319673,0.0077915,0.009522,0.00436192,0.0103075,0.00434527,0.00742129,0.0101433,0.0154112,0.0118362,0.00810292,0.00642846,0.0125099,0,0,0,0,0,0,0,0,0
132,0.014981,0.00759665,0,0,0,0,0,0,0.0624618,0.0182987,0.0449416,0.0114421,0,0,0.0093039,0,0.0161399,0.00529827,0.0407315,0.050892,0.00690187,0.0141531,0.00809331,0.0102449,0.00744122,0.00805043,0.0100437,0.00772163,0.00737014,0.0134756,0.0119635,0.0214397,0.0725781,0.00774869,0.0128259,0.00278811,0.0115551,0.0168308,0.00495512,0.00533229,0.011183,0,0,0.0173471,0,0.0108745,0.0127583,0.0538953,0.00363319,0.0156924,0.0058283,0.00658014,0.00925022,0.00689335,0.032386,0.00760697,0.00929281,0.00455012,0.0104032,0.00459751,0.00733012,0.0104935,0.0146771,0.0121404,0.00801812,0.00632635,0.012417,0,0,0,0,0,0,0,0,0
